country,commodity,month,article_count,average_sentiment,positive_share,negative_share,neutral_share,shortage_share,production_drop_share,production_rise_share,price_increase_share,price_decrease_share,average_export_opportunity,average_confidence,weighted_signal_sum,total_weight,current_demand_probability,previous_month,previous_probability,previous_article_count,demand_lag1,demand_roll2,article_growth,year,month_number
Bangladesh,Coffee,2026-04,1,0.0,0.0,0.0,1.0,0.0,0.0,0.0,0.0,0.0,0.0,0.0,0.0625,0.25,0.25,,,,0.25,0.25,0.0,2026,4
Bangladesh,Coffee,2026-05,4,-0.04999999999999999,0.25,0.5,0.25,0.0,0.0,0.0,0.0,0.0,45.0,0.5,1.3236,3.0,0.44120000000000004,2026-04,0.25,1.0,0.25,0.3456,3.0,2026,5
Bangladesh,Coffee,2026-06,15,-0.15333333333333332,0.26666666666666666,0.5333333333333333,0.2,0.0,0.0,0.0,0.0,0.0,29.333333333333332,0.5066666666666666,4.5683,11.35,0.40249339207048457,2026-05,0.44120000000000004,4.0,0.44120000000000004,0.4218466960352423,2.75,2026,6
Bangladesh,Coffee,2026-07,4,-0.13249999999999998,0.25,0.5,0.25,0.5,0.5,0.25,0.5,0.25,44.25,0.7325,2.303102,3.93,0.5860310432569974,2026-06,0.40249339207048457,15.0,0.40249339207048457,0.494262217663741,-0.7333333333333333,2026,7
Bangladesh,Cotton,2026-07,4,0.4375,0.75,0.0,0.25,0.0,0.0,0.75,0.0,0.75,6.75,0.75,0.618314,4.0,0.1545785,,,,0.1545785,0.1545785,0.0,2026,7
Bangladesh,Maize,2026-07,3,0.03333333333333333,0.0,0.0,1.0,0.0,0.0,0.0,0.0,0.0,4.666666666666667,0.7433333333333333,0.9535790000000001,2.98,0.31999295302013425,,,,0.31999295302013425,0.31999295302013425,0.0,2026,7
Bangladesh,Onion,2026-07,5,-0.242,0.0,0.4,0.6,0.4,0.4,0.0,0.4,0.0,40.0,0.774,3.024973,5.12,0.5908150390625,,,,0.5908150390625,0.5908150390625,0.0,2026,7
Bangladesh,Soybean,2026-04,2,0.15000000000000002,0.5,0.5,0.0,0.5,0.5,0.0,0.0,0.0,70.0,0.8,1.3968999999999998,2.0999999999999996,0.6651904761904762,,,,0.6651904761904762,0.6651904761904762,0.0,2026,4
Bangladesh,Soybean,2026-05,13,-0.023076923076923064,0.3076923076923077,0.3076923076923077,0.38461538461538464,0.0,0.07692307692307693,0.3076923076923077,0.07692307692307693,0.0,35.38461538461539,0.43846153846153846,3.5861,8.95,0.4006815642458101,2026-04,0.6651904761904762,2.0,0.6651904761904762,0.5329360202181431,5.0,2026,5
Bangladesh,Soybean,2026-06,3,0.10000000000000002,0.3333333333333333,0.3333333333333333,0.3333333333333333,0.0,0.0,0.0,0.0,0.0,33.333333333333336,0.5,0.9104999999999999,2.25,0.4046666666666666,2026-05,0.4006815642458101,13.0,0.4006815642458101,0.4026741154562383,-0.7692307692307693,2026,6
Bangladesh,Soybean,2026-07,4,0.405,0.75,0.0,0.25,0.0,0.0,0.75,0.0,0.75,13.25,0.7175,0.621838,3.87,0.16068165374677001,2026-06,0.4046666666666666,3.0,0.4046666666666666,0.2826741602067183,0.3333333333333333,2026,7
Bangladesh,Sugar,2026-04,6,0.05000000000000001,0.16666666666666666,0.3333333333333333,0.5,0.16666666666666666,0.0,0.0,0.16666666666666666,0.0,16.666666666666668,0.19999999999999998,1.1109,2.7,0.4114444444444444,,,,0.4114444444444444,0.4114444444444444,0.0,2026,4
Bangladesh,Sugar,2026-05,7,-0.5714285714285714,0.14285714285714285,0.7142857142857143,0.14285714285714285,0.0,0.0,0.0,0.0,0.0,5.714285714285714,0.15714285714285717,0.9500500000000001,2.85,0.33335087719298245,2026-04,0.4114444444444444,6.0,0.4114444444444444,0.3723976608187134,0.16666666666666666,2026,5
Bangladesh,Sugar,2026-06,7,0.4428571428571429,0.7142857142857143,0.14285714285714285,0.14285714285714285,0.0,0.0,0.0,0.0,0.14285714285714285,52.857142857142854,0.6,2.45625,5.95,0.41281512605042014,2026-05,0.33335087719298245,7.0,0.33335087719298245,0.37308300162170127,0.0,2026,6
Bangladesh,Sugar,2026-07,4,-0.4775,0.0,0.75,0.25,0.75,0.75,0.0,0.75,0.0,60.5,0.725,3.1883280000000003,3.9,0.8175200000000001,2026-06,0.41281512605042014,7.0,0.41281512605042014,0.6151675630252101,-0.42857142857142855,2026,7
Bangladesh,Turmeric,2026-04,2,0.0,0.0,0.0,1.0,0.0,0.0,0.0,0.0,0.0,25.0,0.25,0.355,1.0,0.355,,,,0.355,0.355,0.0,2026,4
Bangladesh,Turmeric,2026-06,2,0.15000000000000002,0.5,0.5,0.0,0.0,0.0,0.0,0.0,0.0,50.0,0.75,0.8479999999999999,2.0,0.42399999999999993,2026-04,0.355,2.0,0.42399999999999993,0.42399999999999993,0.0,2026,6
Bangladesh,Turmeric,2026-07,3,-0.04666666666666667,0.0,0.0,1.0,0.0,0.0,0.0,0.0,0.0,10.333333333333334,0.7133333333333334,0.9604020000000001,2.89,0.3323190311418685,2026-06,0.42399999999999993,2.0,0.42399999999999993,0.3781595155709342,0.5,2026,7
Bangladesh,Wheat,2026-04,10,0.11000000000000001,0.4,0.3,0.3,0.2,0.1,0.0,0.1,0.0,37.0,0.42000000000000004,2.99875,6.7,0.4475746268656716,,,,0.4475746268656716,0.4475746268656716,0.0,2026,4
Bangladesh,Wheat,2026-05,3,0.10000000000000002,0.3333333333333333,0.3333333333333333,0.3333333333333333,0.0,0.0,0.3333333333333333,0.0,0.0,40.0,0.6666666666666666,0.9575,2.75,0.3481818181818182,2026-04,0.4475746268656716,10.0,0.4475746268656716,0.39787822252374494,-0.7,2026,5
Bangladesh,Wheat,2026-06,7,0.08571428571428573,0.2857142857142857,0.14285714285714285,0.5714285714285714,0.14285714285714285,0.0,0.0,0.0,0.14285714285714285,30.0,0.32857142857142857,1.8683999999999998,4.05,0.4613333333333333,2026-05,0.3481818181818182,3.0,0.3481818181818182,0.40475757575757576,1.3333333333333333,2026,6
Bangladesh,Wheat,2026-07,4,0.19749999999999998,0.5,0.25,0.25,0.25,0.25,0.5,0.25,0.5,32.25,0.6225,1.200065,3.49,0.3438581661891117,2026-06,0.4613333333333333,7.0,0.4613333333333333,0.4025957497612225,-0.42857142857142855,2026,7
China,Coffee,2026-07,3,0.48666666666666664,0.6666666666666666,0.0,0.3333333333333333,0.0,0.0,0.6666666666666666,0.0,0.6666666666666666,9.666666666666666,0.7333333333333334,0.44433999999999996,2.95,0.1506237288135593,,,,0.1506237288135593,0.1506237288135593,0.0,2026,7
China,Cotton,2026-07,3,-0.47,0.0,0.6666666666666666,0.3333333333333333,0.6666666666666666,0.6666666666666666,0.0,0.6666666666666666,0.0,58.333333333333336,0.6633333333333333,2.138464,2.74,0.7804613138686131,,,,0.7804613138686131,0.7804613138686131,0.0,2026,7
China,Maize,2026-07,3,-0.07333333333333336,0.3333333333333333,0.3333333333333333,0.3333333333333333,0.3333333333333333,0.3333333333333333,0.3333333333333333,0.3333333333333333,0.3333333333333333,36.333333333333336,0.6866666666666666,1.38022,2.81,0.4911814946619217,,,,0.4911814946619217,0.4911814946619217,0.0,2026,7
China,Onion,2026-04,8,0.037500000000000006,0.125,0.125,0.75,0.0,0.0,0.125,0.0,0.0,12.5,0.1875,1.1929999999999998,3.5,0.3408571428571428,,,,0.3408571428571428,0.3408571428571428,0.0,2026,4
China,Onion,2026-05,2,0.5,0.5,0.0,0.5,0.0,0.0,0.0,0.0,0.0,50.0,0.5,0.6875,1.5,0.4583333333333333,2026-04,0.3408571428571428,8.0,0.3408571428571428,0.39959523809523806,-0.75,2026,5
China,Onion,2026-06,8,0.012500000000000011,0.25,0.375,0.375,0.125,0.125,0.125,0.0,0.125,27.5,0.45,2.4722999999999997,5.6,0.4414821428571428,2026-05,0.4583333333333333,2.0,0.4583333333333333,0.4499077380952381,3.0,2026,6
China,Onion,2026-07,5,-0.378,0.0,0.6,0.4,0.6,0.6,0.0,0.6,0.0,45.8,0.74,3.66636,4.95,0.7406787878787878,2026-06,0.4414821428571428,8.0,0.4414821428571428,0.5910804653679653,-0.375,2026,7
China,Soybean,2026-07,2,0.825,1.0,0.0,0.0,0.0,0.0,1.0,0.0,1.0,10.5,0.62,0.131979,1.74,0.07585000000000001,,,,0.07585000000000001,0.07585000000000001,0.0,2026,7
China,Sugar,2026-04,5,0.42000000000000004,0.6,0.0,0.4,0.0,0.0,0.2,0.2,0.0,42.0,0.45999999999999996,1.53065,3.55,0.4311690140845071,,,,0.4311690140845071,0.4311690140845071,0.0,2026,4
China,Sugar,2026-05,8,0.05000000000000002,0.375,0.375,0.25,0.25,0.0,0.0,0.375,0.0,47.5,0.5375,3.6050000000000004,6.3,0.5722222222222223,2026-04,0.4311690140845071,5.0,0.4311690140845071,0.5016956181533647,0.6,2026,5
China,Sugar,2026-06,4,0.4,0.5,0.0,0.5,0.0,0.0,0.0,0.0,0.0,40.0,0.45,1.1784,2.8,0.4208571428571428,2026-05,0.5722222222222223,8.0,0.5722222222222223,0.49653968253968256,-0.5,2026,6
China,Sugar,2026-07,5,-0.0020000000000000018,0.2,0.4,0.4,0.4,0.4,0.2,0.4,0.2,38.0,0.6399999999999999,2.53591,4.45,0.5698674157303371,2026-06,0.4208571428571428,4.0,0.4208571428571428,0.49536227929373994,0.25,2026,7
China,Turmeric,2026-07,5,-0.378,0.2,0.8,0.0,0.8,0.8,0.2,0.8,0.2,64.8,0.6759999999999999,3.8006130000000002,4.63,0.8208667386609072,,,,0.8208667386609072,0.8208667386609072,0.0,2026,7
China,Wheat,2026-07,4,0.095,0.5,0.25,0.25,0.25,0.25,0.5,0.25,0.5,25.5,0.705,1.290909,3.8200000000000003,0.33793429319371726,,,,0.33793429319371726,0.33793429319371726,0.0,2026,7
Germany,Coffee,2026-07,5,-0.27,0.4,0.6,0.0,0.6,0.6,0.4,0.6,0.4,52.4,0.638,2.977869,4.4399999999999995,0.6706912162162163,,,,0.6706912162162163,0.6706912162162163,0.0,2026,7
Germany,Cotton,2026-04,5,0.16,0.2,0.0,0.8,0.0,0.0,0.0,0.0,0.0,16.0,0.18,0.7767,2.15,0.3612558139534884,,,,0.3612558139534884,0.3612558139534884,0.0,2026,4
Germany,Cotton,2026-05,10,0.08,0.1,0.0,0.9,0.0,0.0,0.0,0.0,0.0,8.0,0.09,1.0892,3.4,0.32035294117647056,2026-04,0.3612558139534884,5.0,0.3612558139534884,0.3408043775649795,1.0,2026,5
Germany,Cotton,2026-06,4,0.2,0.25,0.0,0.75,0.0,0.0,0.0,0.0,0.0,20.0,0.225,0.7142,1.9,0.3758947368421052,2026-05,0.32035294117647056,10.0,0.32035294117647056,0.3481238390092879,-0.6,2026,6
Germany,Cotton,2026-07,3,-0.3133333333333333,0.0,0.3333333333333333,0.6666666666666666,0.3333333333333333,0.3333333333333333,0.0,0.3333333333333333,0.0,37.0,0.6533333333333333,1.464816,2.71,0.5405225092250923,2026-06,0.3758947368421052,4.0,0.3758947368421052,0.45820862303359877,-0.25,2026,7
Germany,Maize,2026-04,5,-0.26,0.2,0.6,0.2,0.4,0.2,0.0,0.4,0.0,28.0,0.48,2.3423000000000003,3.65,0.6417260273972604,,,,0.6417260273972604,0.6417260273972604,0.0,2026,4
Germany,Maize,2026-05,1,0.5,1.0,0.0,0.0,0.0,0.0,1.0,0.0,0.0,20.0,0.8,0.22995000000000004,1.05,0.21900000000000003,2026-04,0.6417260273972604,5.0,0.6417260273972604,0.43036301369863017,-0.8,2026,5
Germany,Maize,2026-06,10,0.33,0.6,0.2,0.2,0.2,0.1,0.0,0.1,0.0,50.0,0.6,4.295,8.5,0.5052941176470588,2026-05,0.21900000000000003,1.0,0.21900000000000003,0.3621470588235294,5.0,2026,6
Germany,Maize,2026-07,4,-0.11499999999999999,0.25,0.5,0.25,0.5,0.5,0.25,0.5,0.25,33.25,0.7725,2.4531769999999997,4.09,0.5997987775061124,2026-06,0.5052941176470588,10.0,0.5052941176470588,0.5525464475765856,-0.6,2026,7
Germany,Onion,2026-04,12,0.2833333333333334,0.3333333333333333,0.0,0.6666666666666666,0.0,0.0,0.08333333333333333,0.0,0.0,21.666666666666668,0.26666666666666666,2.1485,6.2,0.3465322580645161,,,,0.3465322580645161,0.3465322580645161,0.0,2026,4
Germany,Onion,2026-05,9,0.06666666666666668,0.2222222222222222,0.1111111111111111,0.6666666666666666,0.1111111111111111,0.1111111111111111,0.1111111111111111,0.0,0.0,17.77777777777778,0.2,1.4853999999999998,4.05,0.3667654320987654,2026-04,0.3465322580645161,12.0,0.3465322580645161,0.35664884508164074,-0.25,2026,5
Germany,Onion,2026-06,8,0.037500000000000006,0.125,0.125,0.75,0.0,0.0,0.25,0.125,0.0,12.5,0.15,1.1614,3.2,0.36293749999999997,2026-05,0.3667654320987654,9.0,0.3667654320987654,0.3648514660493827,-0.1111111111111111,2026,6
Germany,Onion,2026-07,6,0.02833333333333335,0.5,0.3333333333333333,0.16666666666666666,0.3333333333333333,0.3333333333333333,0.5,0.3333333333333333,0.5,28.333333333333332,0.7116666666666666,2.716964,5.77,0.4708776429809359,2026-06,0.36293749999999997,8.0,0.36293749999999997,0.4169075714904679,-0.25,2026,7
Germany,Soybean,2026-07,6,-0.26666666666666666,0.16666666666666666,0.6666666666666666,0.16666666666666666,0.6666666666666666,0.6666666666666666,0.16666666666666666,0.6666666666666666,0.16666666666666666,49.5,0.69,4.0045839999999995,5.64,0.7100326241134751,,,,0.7100326241134751,0.7100326241134751,0.0,2026,7
Germany,Sugar,2026-04,1,0.8,1.0,0.0,0.0,0.0,0.0,0.0,0.0,0.0,80.0,0.9,0.5267,1.15,0.45799999999999996,,,,0.45799999999999996,0.45799999999999996,0.0,2026,4
Germany,Sugar,2026-05,10,-0.5,0.0,0.7,0.3,0.1,0.3,0.1,0.0,0.0,14.0,0.26999999999999996,2.5774999999999997,5.2,0.4956730769230768,2026-04,0.45799999999999996,1.0,0.45799999999999996,0.4768365384615384,5.0,2026,5
Germany,Sugar,2026-06,3,0.26666666666666666,0.3333333333333333,0.0,0.6666666666666666,0.0,0.0,0.3333333333333333,0.3333333333333333,0.0,26.666666666666668,0.3,0.6567,1.65,0.39799999999999996,2026-05,0.4956730769230768,10.0,0.4956730769230768,0.44683653846153837,-0.7,2026,6
Germany,Sugar,2026-07,4,-0.0175,0.5,0.5,0.0,0.5,0.5,0.5,0.5,0.5,47.75,0.75,2.067663,4.0,0.51691575,2026-06,0.39799999999999996,3.0,0.39799999999999996,0.457457875,0.3333333333333333,2026,7
Germany,Turmeric,2026-05,2,0.0,0.0,0.0,1.0,0.0,0.0,0.0,0.0,0.0,0.0,0.0,0.125,0.5,0.25,,,,0.25,0.25,0.0,2026,5
Germany,Turmeric,2026-06,4,0.2,0.25,0.0,0.75,0.0,0.0,0.0,0.0,0.0,20.0,0.225,0.7142,1.9,0.3758947368421052,2026-05,0.25,2.0,0.25,0.31294736842105264,1.0,2026,6
Germany,Turmeric,2026-07,4,-0.08999999999999998,0.5,0.5,0.0,0.5,0.5,0.5,0.5,0.5,45.75,0.78,2.240887,4.12,0.5439046116504854,2026-06,0.3758947368421052,4.0,0.3758947368421052,0.4598996742462953,0.0,2026,7
Germany,Wheat,2026-04,3,-0.3333333333333333,0.0,0.6666666666666666,0.3333333333333333,0.6666666666666666,0.3333333333333333,0.0,0.0,0.0,13.333333333333334,0.39999999999999997,1.3001,1.95,0.6667179487179488,,,,0.6667179487179488,0.6667179487179488,0.0,2026,4
Germany,Wheat,2026-05,7,-0.028571428571428564,0.14285714285714285,0.2857142857142857,0.5714285714285714,0.0,0.0,0.14285714285714285,0.2857142857142857,0.0,17.142857142857142,0.2571428571428572,1.5007000000000001,3.55,0.42273239436619725,2026-04,0.6667179487179488,3.0,0.6667179487179488,0.544725171542073,1.3333333333333333,2026,5
Germany,Wheat,2026-06,8,-0.4625,0.125,0.75,0.125,0.375,0.25,0.0,0.125,0.125,17.5,0.3,2.8558,4.4,0.6490454545454545,2026-05,0.42273239436619725,7.0,0.42273239436619725,0.5358889244558258,0.14285714285714285,2026,6
Germany,Wheat,2026-07,2,-0.465,0.0,0.5,0.5,0.5,0.5,0.0,0.5,0.0,39.5,0.81,1.449288,2.12,0.6836264150943395,2026-06,0.6490454545454545,8.0,0.6490454545454545,0.666335934819897,-0.75,2026,7
Indonesia,Coffee,2026-04,3,0.10000000000000002,0.3333333333333333,0.3333333333333333,0.3333333333333333,0.0,0.0,0.0,0.0,0.0,33.333333333333336,0.5,0.9104999999999999,2.25,0.4046666666666666,,,,0.4046666666666666,0.4046666666666666,0.0,2026,4
Indonesia,Coffee,2026-05,7,0.15714285714285717,0.42857142857142855,0.14285714285714285,0.42857142857142855,0.0,0.0,0.0,0.0,0.14285714285714285,30.0,0.37142857142857144,1.71735,4.35,0.3947931034482759,2026-04,0.4046666666666666,3.0,0.4046666666666666,0.39972988505747126,1.3333333333333333,2026,5
Indonesia,Coffee,2026-06,6,0.18333333333333335,0.3333333333333333,0.16666666666666666,0.5,0.0,0.0,0.0,0.0,0.0,30.0,0.39999999999999997,1.5621999999999998,3.9,0.4005641025641025,2026-05,0.3947931034482759,7.0,0.3947931034482759,0.3976786030061892,-0.14285714285714285,2026,6
Indonesia,Coffee,2026-07,4,0.4275,0.75,0.0,0.25,0.0,0.0,0.75,0.0,0.75,5.0,0.71,0.529305,3.84,0.13783984375000002,2026-06,0.4005641025641025,6.0,0.4005641025641025,0.2692019731570513,-0.3333333333333333,2026,7
Indonesia,Cotton,2026-07,6,0.015000000000000013,0.3333333333333333,0.3333333333333333,0.3333333333333333,0.3333333333333333,0.3333333333333333,0.3333333333333333,0.3333333333333333,0.3333333333333333,29.5,0.7133333333333334,2.637744,5.779999999999999,0.4563570934256056,,,,0.4563570934256056,0.4563570934256056,0.0,2026,7
Indonesia,Maize,2026-07,6,0.08,0.5,0.3333333333333333,0.16666666666666666,0.3333333333333333,0.3333333333333333,0.5,0.3333333333333333,0.5,39.5,0.7766666666666667,2.589754,6.16,0.4204146103896104,,,,0.4204146103896104,0.4204146103896104,0.0,2026,7
Indonesia,Onion,2026-07,5,-0.22200000000000003,0.2,0.4,0.4,0.4,0.4,0.2,0.4,0.2,43.4,0.6799999999999999,2.5848,4.65,0.5558709677419355,,,,0.5558709677419355,0.5558709677419355,0.0,2026,7
Indonesia,Soybean,2026-04,5,-0.039999999999999994,0.4,0.6,0.0,0.4,0.0,0.0,0.6,0.2,40.0,0.58,2.503,4.15,0.603132530120482,,,,0.603132530120482,0.603132530120482,0.0,2026,4
Indonesia,Soybean,2026-05,9,-0.07777777777777778,0.2222222222222222,0.3333333333333333,0.4444444444444444,0.0,0.1111111111111111,0.0,0.7777777777777778,0.1111111111111111,32.22222222222222,0.48888888888888893,3.5417500000000004,6.6499999999999995,0.5325939849624061,2026-04,0.603132530120482,5.0,0.603132530120482,0.567863257541444,0.8,2026,5
Indonesia,Soybean,2026-06,4,-0.175,0.25,0.5,0.25,0.0,0.0,0.0,0.0,0.25,37.5,0.5,1.188,3.0,0.39599999999999996,2026-05,0.5325939849624061,9.0,0.5325939849624061,0.46429699248120304,-0.5555555555555556,2026,6
Indonesia,Soybean,2026-07,5,-0.16599999999999998,0.2,0.4,0.4,0.4,0.4,0.2,0.4,0.2,37.4,0.7060000000000001,2.564982,4.779999999999999,0.5366071129707114,2026-06,0.39599999999999996,4.0,0.39599999999999996,0.4663035564853557,0.25,2026,7
Indonesia,Sugar,2026-07,7,0.06285714285714286,0.2857142857142857,0.14285714285714285,0.5714285714285714,0.14285714285714285,0.14285714285714285,0.2857142857142857,0.14285714285714285,0.2857142857142857,24.0,0.6671428571428571,2.315458,6.42,0.3606632398753894,,,,0.3606632398753894,0.3606632398753894,0.0,2026,7
Indonesia,Turmeric,2026-07,5,0.17,0.6,0.4,0.0,0.4,0.4,0.6,0.4,0.6,37.0,0.6779999999999999,2.078312,4.64,0.4479120689655173,,,,0.4479120689655173,0.4479120689655173,0.0,2026,7
Indonesia,Wheat,2026-07,5,-0.13399999999999998,0.2,0.2,0.6,0.2,0.2,0.2,0.2,0.2,24.6,0.778,2.194703,5.140000000000001,0.4269850194552529,,,,0.4269850194552529,0.4269850194552529,0.0,2026,7
Japan,Coffee,2026-04,8,0.30000000000000004,0.375,0.0,0.625,0.0,0.0,0.375,0.0,0.0,22.5,0.3,1.2548,4.4,0.28518181818181815,,,,0.28518181818181815,0.28518181818181815,0.0,2026,4
Japan,Coffee,2026-05,8,-0.024999999999999994,0.125,0.125,0.75,0.0,0.0,0.125,0.0,0.125,10.0,0.1125,0.8211999999999999,2.9,0.28317241379310343,2026-04,0.28518181818181815,8.0,0.28518181818181815,0.28417711598746076,0.0,2026,5
Japan,Coffee,2026-06,4,0.2,0.25,0.0,0.75,0.0,0.0,0.0,0.0,0.0,20.0,0.225,0.7142,1.9,0.3758947368421052,2026-05,0.28317241379310343,8.0,0.28317241379310343,0.3295335753176043,-0.5,2026,6
Japan,Coffee,2026-07,4,0.27499999999999997,0.5,0.0,0.5,0.0,0.0,0.5,0.0,0.5,13.0,0.7525000000000001,0.8661270000000001,4.01,0.2159917705735661,2026-06,0.3758947368421052,4.0,0.3758947368421052,0.2959432537078357,0.0,2026,7
Japan,Cotton,2026-04,1,1.0,1.0,0.0,0.0,0.0,0.0,0.0,0.0,0.0,80.0,0.8,0.46620000000000006,1.05,0.44400000000000006,,,,0.44400000000000006,0.44400000000000006,0.0,2026,4
Japan,Cotton,2026-05,7,0.2,0.5714285714285714,0.2857142857142857,0.14285714285714285,0.0,0.0,0.14285714285714285,0.0,0.0,37.142857142857146,0.5428571428571428,2.1621499999999996,5.55,0.3895765765765765,2026-04,0.44400000000000006,1.0,0.44400000000000006,0.4167882882882883,5.0,2026,5
Japan,Cotton,2026-06,11,-0.18181818181818182,0.09090909090909091,0.36363636363636365,0.5454545454545454,0.0,0.0,0.0,0.0,0.0,14.545454545454545,0.2818181818181818,2.11035,5.85,0.3607435897435898,2026-05,0.3895765765765765,7.0,0.3895765765765765,0.37516008316008315,0.5714285714285714,2026,6
Japan,Cotton,2026-07,2,-0.425,0.0,0.5,0.5,0.5,0.5,0.0,0.5,0.0,51.0,0.64,1.1049280000000001,1.78,0.6207460674157304,2026-06,0.3607435897435898,11.0,0.3607435897435898,0.49074482857966006,-0.8181818181818182,2026,7
Japan,Maize,2026-07,1,-0.39,0.0,1.0,0.0,1.0,1.0,0.0,1.0,0.0,86.0,0.73,0.9702,0.98,0.99,,,,0.99,0.99,0.0,2026,7
Japan,Onion,2026-07,6,0.11000000000000003,0.5,0.16666666666666666,0.3333333333333333,0.16666666666666666,0.16666666666666666,0.5,0.16666666666666666,0.5,20.166666666666668,0.6983333333333333,2.0124779999999998,5.6899999999999995,0.35368681898066784,,,,0.35368681898066784,0.35368681898066784,0.0,2026,7
Japan,Soybean,2026-04,11,0.5818181818181819,0.7272727272727273,0.0,0.2727272727272727,0.0,0.09090909090909091,0.18181818181818182,0.0,0.0,55.45454545454545,0.6272727272727273,4.2903,9.649999999999999,0.4445906735751296,,,,0.4445906735751296,0.4445906735751296,0.0,2026,4
Japan,Soybean,2026-05,4,0.275,0.5,0.25,0.25,0.0,0.25,0.25,0.5,0.0,45.0,0.6,1.8992000000000002,3.4,0.5585882352941177,2026-04,0.4445906735751296,11.0,0.4445906735751296,0.5015894544346237,-0.6363636363636364,2026,5
Japan,Soybean,2026-06,5,-0.4,0.0,0.4,0.6,0.0,0.2,0.0,0.0,0.2,0.0,0.0,0.3775,1.25,0.302,2026-05,0.5585882352941177,4.0,0.5585882352941177,0.4302941176470588,0.25,2026,6
Japan,Soybean,2026-07,2,0.16499999999999998,0.5,0.0,0.5,0.0,0.0,0.5,0.0,0.5,7.0,0.6950000000000001,0.34536,1.89,0.18273015873015874,2026-06,0.302,5.0,0.302,0.24236507936507937,-0.6,2026,7
Japan,Sugar,2026-07,3,-0.6533333333333333,0.0,1.0,0.0,1.0,1.0,0.0,1.0,0.0,61.333333333333336,0.7466666666666667,2.9601,2.99,0.99,,,,0.99,0.99,0.0,2026,7
Japan,Turmeric,2026-07,6,-0.12166666666666666,0.16666666666666666,0.3333333333333333,0.5,0.3333333333333333,0.3333333333333333,0.16666666666666666,0.3333333333333333,0.16666666666666666,34.666666666666664,0.6416666666666667,2.725394,5.35,0.5094194392523365,,,,0.5094194392523365,0.5094194392523365,0.0,2026,7
Japan,Wheat,2026-04,6,-0.4166666666666667,0.16666666666666666,0.6666666666666666,0.16666666666666666,0.16666666666666666,0.16666666666666666,0.16666666666666666,0.0,0.16666666666666666,30.0,0.39999999999999997,1.9259,3.9,0.4938205128205128,,,,0.4938205128205128,0.4938205128205128,0.0,2026,4
Japan,Wheat,2026-05,18,-0.4555555555555555,0.05555555555555555,0.6666666666666666,0.2777777777777778,0.0,0.0,0.0,0.3888888888888889,0.0,19.444444444444443,0.3277777777777778,4.7388,10.4,0.4556538461538462,2026-04,0.4938205128205128,6.0,0.4938205128205128,0.47473717948717953,2.0,2026,5
Japan,Wheat,2026-06,9,-0.07777777777777778,0.2222222222222222,0.3333333333333333,0.4444444444444444,0.2222222222222222,0.1111111111111111,0.1111111111111111,0.1111111111111111,0.0,13.333333333333334,0.23333333333333334,2.16055,4.35,0.4966781609195403,2026-05,0.4556538461538462,18.0,0.4556538461538462,0.47616600353669325,-0.5,2026,6
Japan,Wheat,2026-07,5,-0.176,0.2,0.4,0.4,0.4,0.4,0.2,0.4,0.2,34.4,0.77,2.761988,5.1000000000000005,0.5415662745098039,2026-06,0.4966781609195403,9.0,0.4966781609195403,0.5191222177146722,-0.4444444444444444,2026,7
Malaysia,Coffee,2026-07,7,-0.05142857142857145,0.14285714285714285,0.2857142857142857,0.5714285714285714,0.2857142857142857,0.2857142857142857,0.14285714285714285,0.2857142857142857,0.14285714285714285,26.857142857142858,0.7042857142857143,3.2627,6.68,0.48842814371257487,,,,0.48842814371257487,0.48842814371257487,0.0,2026,7
Malaysia,Cotton,2026-07,4,0.7,1.0,0.0,0.0,0.0,0.0,1.0,0.0,1.0,10.75,0.7949999999999999,0.393464,4.18,0.09413014354066986,,,,0.09413014354066986,0.09413014354066986,0.0,2026,7
Malaysia,Maize,2026-07,1,0.94,1.0,0.0,0.0,0.0,0.0,1.0,0.0,1.0,14.0,0.65,0.07362000000000002,0.9,0.08180000000000003,,,,0.08180000000000003,0.08180000000000003,0.0,2026,7
Malaysia,Onion,2026-04,1,0.0,0.0,0.0,1.0,0.0,0.0,0.0,0.0,0.0,0.0,0.0,0.0625,0.25,0.25,,,,0.25,0.25,0.0,2026,4
Malaysia,Onion,2026-07,2,0.18,0.5,0.5,0.0,0.5,0.5,0.5,0.5,0.5,49.0,0.745,0.9996120000000001,1.9900000000000002,0.5023175879396985,2026-04,0.25,1.0,0.5023175879396985,0.5023175879396985,0.0,2026,7
Malaysia,Soybean,2026-07,6,0.07833333333333331,0.5,0.16666666666666666,0.3333333333333333,0.16666666666666666,0.16666666666666666,0.5,0.16666666666666666,0.5,19.5,0.6366666666666666,1.821348,5.32,0.3423586466165413,,,,0.3423586466165413,0.3423586466165413,0.0,2026,7
Malaysia,Sugar,2026-04,7,-0.6428571428571429,0.0,0.7142857142857143,0.2857142857142857,0.14285714285714285,0.14285714285714285,0.0,0.42857142857142855,0.0,2.857142857142857,0.08571428571428572,1.3478,2.35,0.5735319148936171,,,,0.5735319148936171,0.5735319148936171,0.0,2026,4
Malaysia,Sugar,2026-05,6,-0.033333333333333326,0.16666666666666666,0.3333333333333333,0.5,0.16666666666666666,0.0,0.0,0.5,0.0,30.0,0.3333333333333333,2.0961000000000003,3.5,0.5988857142857144,2026-04,0.5735319148936171,7.0,0.5735319148936171,0.5862088145896658,-0.14285714285714285,2026,5
Malaysia,Sugar,2026-06,4,-0.125,0.0,0.25,0.75,0.25,0.25,0.0,0.0,0.0,5.0,0.15,0.8913000000000001,1.6,0.5570625,2026-05,0.5988857142857144,6.0,0.5988857142857144,0.5779741071428572,-0.3333333333333333,2026,6
Malaysia,Sugar,2026-07,4,0.042499999999999975,0.25,0.25,0.5,0.25,0.25,0.25,0.25,0.25,20.25,0.6825,1.532753,3.73,0.41092573726541554,2026-06,0.5570625,4.0,0.5570625,0.4839941186327078,0.0,2026,7
Malaysia,Turmeric,2026-06,2,0.0,0.0,0.0,1.0,0.0,0.0,0.0,0.0,0.0,0.0,0.0,0.125,0.5,0.25,,,,0.25,0.25,0.0,2026,6
Malaysia,Turmeric,2026-07,4,-0.1425,0.25,0.25,0.5,0.25,0.25,0.25,0.25,0.25,30.25,0.595,1.461452,3.38,0.43238224852071006,2026-06,0.25,2.0,0.25,0.341191124260355,1.0,2026,7
Malaysia,Wheat,2026-07,5,0.2,0.6,0.2,0.2,0.2,0.2,0.6,0.2,0.6,24.6,0.6900000000000001,1.3042770000000001,4.7,0.2775057446808511,,,,0.2775057446808511,0.2775057446808511,0.0,2026,7
Nepal,Coffee,2026-07,3,-0.4166666666666667,0.0,0.6666666666666666,0.3333333333333333,0.6666666666666666,0.6666666666666666,0.0,0.6666666666666666,0.0,45.333333333333336,0.7166666666666667,2.2287049999999997,2.9,0.7685189655172413,,,,0.7685189655172413,0.7685189655172413,0.0,2026,7
Nepal,Cotton,2026-07,1,-0.71,0.0,1.0,0.0,1.0,1.0,0.0,1.0,0.0,80.0,0.84,1.0791,1.0899999999999999,0.99,,,,0.99,0.99,0.0,2026,7
Nepal,Maize,2026-04,7,-0.35714285714285715,0.0,0.7142857142857143,0.2857142857142857,0.7142857142857143,0.14285714285714285,0.14285714285714285,0.0,0.0,42.857142857142854,0.5857142857142856,3.8992000000000004,5.85,0.6665299145299146,,,,0.6665299145299146,0.6665299145299146,0.0,2026,4
Nepal,Maize,2026-05,2,-0.25,0.0,0.5,0.5,0.5,0.5,0.0,0.0,0.0,10.0,0.3,0.7663000000000001,1.1,0.6966363636363636,2026-04,0.6665299145299146,7.0,0.6665299145299146,0.6815831390831391,-0.7142857142857143,2026,5
Nepal,Maize,2026-06,5,0.38,0.6,0.2,0.2,0.2,0.2,0.4,0.0,0.0,52.0,0.6599999999999999,2.0704,4.55,0.45503296703296703,2026-05,0.6966363636363636,2.0,0.6966363636363636,0.5758346653346653,1.5,2026,6
Nepal,Maize,2026-07,4,-0.24,0.0,0.25,0.75,0.25,0.25,0.0,0.25,0.0,27.25,0.8375,2.176183,4.35,0.5002719540229885,2026-06,0.45503296703296703,5.0,0.45503296703296703,0.4776524605279778,-0.2,2026,7
Nepal,Onion,2026-05,1,0.0,0.0,0.0,1.0,0.0,0.0,0.0,0.0,0.0,0.0,0.0,0.0625,0.25,0.25,,,,0.25,0.25,0.0,2026,5
Nepal,Onion,2026-06,3,-0.16666666666666666,0.0,0.3333333333333333,0.6666666666666666,0.3333333333333333,0.3333333333333333,0.0,0.0,0.0,6.666666666666667,0.19999999999999998,0.8288000000000001,1.35,0.613925925925926,2026-05,0.25,1.0,0.25,0.431962962962963,2.0,2026,6
Nepal,Onion,2026-07,4,0.09749999999999998,0.5,0.5,0.0,0.5,0.5,0.5,0.5,0.5,51.5,0.7025,2.087795,3.81,0.5479776902887139,2026-06,0.613925925925926,3.0,0.613925925925926,0.58095180810732,0.3333333333333333,2026,7
Nepal,Soybean,2026-04,1,-0.5,0.0,1.0,0.0,0.0,0.0,0.0,0.0,0.0,20.0,0.3,0.19470000000000004,0.55,0.35400000000000004,,,,0.35400000000000004,0.35400000000000004,0.0,2026,4
Nepal,Soybean,2026-05,10,-0.15,0.0,0.3,0.7,0.0,0.1,0.0,0.1,0.0,14.0,0.3,2.2368,5.5,0.4066909090909091,2026-04,0.35400000000000004,1.0,0.35400000000000004,0.38034545454545454,5.0,2026,5
Nepal,Soybean,2026-06,8,-0.024999999999999994,0.125,0.25,0.625,0.125,0.25,0.0,0.125,0.0,20.0,0.3875,2.4393000000000002,5.1,0.4782941176470589,2026-05,0.4066909090909091,10.0,0.4066909090909091,0.442492513368984,-0.2,2026,6
Nepal,Soybean,2026-07,4,-0.51,0.0,1.0,0.0,1.0,1.0,0.0,1.0,0.0,81.5,0.7125,3.8114999999999997,3.8499999999999996,0.99,2026-06,0.4782941176470589,8.0,0.4782941176470589,0.7341470588235295,-0.5,2026,7
Nepal,Sugar,2026-07,6,-0.19666666666666666,0.16666666666666666,0.3333333333333333,0.5,0.3333333333333333,0.3333333333333333,0.16666666666666666,0.3333333333333333,0.16666666666666666,27.166666666666668,0.7666666666666666,2.989599,6.1,0.4900981967213115,,,,0.4900981967213115,0.4900981967213115,0.0,2026,7
Nepal,Turmeric,2026-05,3,-0.16666666666666666,0.0,0.3333333333333333,0.6666666666666666,0.3333333333333333,0.3333333333333333,0.0,0.0,0.0,26.666666666666668,0.26666666666666666,1.1372,1.55,0.7336774193548387,,,,0.7336774193548387,0.7336774193548387,0.0,2026,5
Nepal,Turmeric,2026-07,8,0.06125,0.25,0.25,0.5,0.25,0.25,0.25,0.25,0.25,26.75,0.71,3.431337,7.68,0.44678867187500004,2026-05,0.7336774193548387,3.0,0.44678867187500004,0.44678867187500004,0.0,2026,7
Nepal,Wheat,2026-04,4,0.4,0.5,0.0,0.5,0.0,0.0,0.25,0.0,0.0,40.0,0.45,1.1483999999999999,2.8,0.41014285714285714,,,,0.41014285714285714,0.41014285714285714,0.0,2026,4
Nepal,Wheat,2026-05,1,-1.0,0.0,1.0,0.0,1.0,0.0,0.0,0.0,0.0,80.0,0.8,0.8442,1.05,0.8039999999999999,2026-04,0.41014285714285714,4.0,0.41014285714285714,0.6070714285714285,-0.75,2026,5
Nepal,Wheat,2026-06,2,-0.75,0.0,1.0,0.0,0.5,0.5,0.0,0.0,0.0,10.0,0.3,0.7863000000000001,1.1,0.7148181818181819,2026-05,0.8039999999999999,1.0,0.8039999999999999,0.7594090909090909,1.0,2026,6
Nepal,Wheat,2026-07,2,0.855,1.0,0.0,0.0,0.0,0.0,1.0,0.0,1.0,18.5,0.745,0.200983,1.99,0.1009964824120603,2026-06,0.7148181818181819,2.0,0.7148181818181819,0.4079073321151211,0.0,2026,7
Netherlands,Coffee,2026-04,9,0.0,0.0,0.0,1.0,0.0,0.1111111111111111,0.0,0.0,0.0,0.0,0.0,0.6125,2.25,0.27222222222222225,,,,0.27222222222222225,0.27222222222222225,0.0,2026,4
Netherlands,Coffee,2026-05,10,0.24000000000000005,0.3,0.0,0.7,0.0,0.0,0.2,0.0,0.0,18.5,0.24,1.5293,4.9,0.31210204081632653,2026-04,0.27222222222222225,9.0,0.27222222222222225,0.2921621315192744,0.1111111111111111,2026,5
Netherlands,Coffee,2026-06,16,-0.04375,0.0625,0.125,0.8125,0.0625,0.0,0.0,0.0,0.0,6.25,0.09375,2.0305,5.5,0.36918181818181817,2026-05,0.31210204081632653,10.0,0.31210204081632653,0.34064192949907235,0.6,2026,6
Netherlands,Coffee,2026-07,7,0.18571428571428572,0.5714285714285714,0.2857142857142857,0.14285714285714285,0.2857142857142857,0.2857142857142857,0.5714285714285714,0.2857142857142857,0.5714285714285714,30.857142857142858,0.7171428571428571,2.550516,6.77,0.3767379615952733,2026-06,0.36918181818181817,16.0,0.36918181818181817,0.3729598898885457,-0.5625,2026,7
Netherlands,Cotton,2026-04,8,0.4375,0.5,0.0,0.5,0.0,0.0,0.0,0.0,0.0,0.0,0.0,0.47375,2.0,0.236875,,,,0.236875,0.236875,0.0,2026,4
Netherlands,Cotton,2026-05,2,0.4,0.5,0.0,0.5,0.0,0.0,0.5,0.0,0.0,40.0,0.45,0.4512,1.4,0.3222857142857143,2026-04,0.236875,8.0,0.236875,0.2795803571428571,-0.75,2026,5
Netherlands,Cotton,2026-06,9,0.17777777777777778,0.2222222222222222,0.0,0.7777777777777778,0.0,0.0,0.1111111111111111,0.0,0.0,11.11111111111111,0.16666666666666666,1.0931,3.75,0.2914933333333333,2026-05,0.3222857142857143,2.0,0.3222857142857143,0.30688952380952383,3.5,2026,6
Netherlands,Cotton,2026-07,2,-0.06,0.5,0.5,0.0,0.5,0.5,0.5,0.5,0.5,58.0,0.755,1.0880159999999999,2.01,0.5413014925373134,2026-06,0.2914933333333333,9.0,0.2914933333333333,0.4163974129353234,-0.7777777777777778,2026,7
Netherlands,Maize,2026-04,4,-0.325,0.25,0.75,0.0,0.75,0.5,0.0,0.5,0.0,35.0,0.6,2.7306,3.4,0.8031176470588235,,,,0.8031176470588235,0.8031176470588235,0.0,2026,4
Netherlands,Maize,2026-05,3,0.3666666666666667,0.6666666666666666,0.3333333333333333,0.0,0.3333333333333333,0.3333333333333333,0.0,0.6666666666666666,0.0,60.0,0.7999999999999999,2.0792,3.15,0.6600634920634921,2026-04,0.8031176470588235,4.0,0.8031176470588235,0.7315905695611578,-0.25,2026,5
Netherlands,Maize,2026-06,4,-0.375,0.0,0.75,0.25,0.75,0.25,0.0,0.0,0.0,45.0,0.55,2.3707000000000003,3.2,0.74084375,2026-05,0.6600634920634921,3.0,0.6600634920634921,0.700453621031746,0.3333333333333333,2026,6
Netherlands,Maize,2026-07,7,-0.2742857142857143,0.2857142857142857,0.42857142857142855,0.2857142857142857,0.42857142857142855,0.42857142857142855,0.2857142857142857,0.42857142857142855,0.2857142857142857,33.285714285714285,0.7242857142857143,3.577582,6.82,0.5245721407624633,2026-06,0.74084375,4.0,0.74084375,0.6327079453812317,0.75,2026,7
Netherlands,Onion,2026-07,6,-0.05666666666666668,0.16666666666666666,0.3333333333333333,0.5,0.3333333333333333,0.3333333333333333,0.16666666666666666,0.3333333333333333,0.16666666666666666,29.5,0.6416666666666667,2.697723,5.35,0.5042472897196262,,,,0.5042472897196262,0.5042472897196262,0.0,2026,7
Netherlands,Soybean,2026-04,11,0.390909090909091,0.7272727272727273,0.2727272727272727,0.0,0.18181818181818182,0.09090909090909091,0.18181818181818182,0.18181818181818182,0.09090909090909091,67.27272727272727,0.8272727272727273,5.89185,11.85,0.4972025316455696,,,,0.4972025316455696,0.4972025316455696,0.0,2026,4
Netherlands,Soybean,2026-05,7,0.5,0.7142857142857143,0.14285714285714285,0.14285714285714285,0.14285714285714285,0.0,0.0,0.0,0.0,60.0,0.7285714285714285,3.2298,6.85,0.47150364963503655,2026-04,0.4972025316455696,11.0,0.4972025316455696,0.4843530906403031,-0.36363636363636365,2026,5
Netherlands,Soybean,2026-06,2,0.0,0.0,0.0,1.0,0.0,0.0,0.0,0.0,0.0,30.0,0.25,0.37,1.0,0.37,2026-05,0.47150364963503655,7.0,0.47150364963503655,0.42075182481751827,-0.7142857142857143,2026,6
Netherlands,Soybean,2026-07,5,0.236,0.6,0.2,0.2,0.2,0.2,0.6,0.2,0.6,28.6,0.656,1.393826,4.53,0.30768785871964677,2026-06,0.37,2.0,0.37,0.3388439293598234,1.5,2026,7
Netherlands,Sugar,2026-04,5,0.0,0.2,0.2,0.6,0.0,0.0,0.0,0.0,0.0,0.0,0.0,0.325,1.25,0.26,,,,0.26,0.26,0.0,2026,4
Netherlands,Sugar,2026-05,7,-0.19999999999999998,0.2857142857142857,0.5714285714285714,0.14285714285714285,0.2857142857142857,0.14285714285714285,0.14285714285714285,0.0,0.0,29.285714285714285,0.42857142857142855,2.122,4.75,0.44673684210526315,2026-04,0.26,5.0,0.26,0.35336842105263155,0.4,2026,5
Netherlands,Sugar,2026-06,7,-0.09999999999999999,0.14285714285714285,0.42857142857142855,0.42857142857142855,0.14285714285714285,0.2857142857142857,0.14285714285714285,0.0,0.14285714285714285,22.857142857142858,0.4571428571428572,2.1726,4.95,0.4389090909090909,2026-05,0.44673684210526315,7.0,0.44673684210526315,0.442822966507177,0.0,2026,6
Netherlands,Sugar,2026-07,4,-0.065,0.5,0.5,0.0,0.5,0.5,0.5,0.5,0.5,37.75,0.7325,2.141678,3.93,0.5449562340966921,2026-06,0.4389090909090909,7.0,0.4389090909090909,0.4919326625028915,-0.42857142857142855,2026,7
Netherlands,Turmeric,2026-05,2,-0.5,0.0,0.5,0.5,0.0,0.0,0.0,0.0,0.0,0.0,0.0,0.14500000000000002,0.5,0.29000000000000004,,,,0.29000000000000004,0.29000000000000004,0.0,2026,5
Netherlands,Turmeric,2026-06,3,0.0,0.0,0.0,1.0,0.0,0.0,0.0,0.0,0.0,0.0,0.0,0.1875,0.75,0.25,2026-05,0.29000000000000004,2.0,0.29000000000000004,0.27,0.5,2026,6
Netherlands,Turmeric,2026-07,10,-0.16,0.1,0.3,0.6,0.3,0.3,0.1,0.3,0.1,33.7,0.679,4.745634,9.29,0.510832508073197,2026-06,0.25,3.0,0.25,0.3804162540365985,2.3333333333333335,2026,7
Netherlands,Wheat,2026-07,1,0.56,1.0,0.0,0.0,0.0,0.0,1.0,0.0,1.0,3.0,0.69,0.06993599999999998,0.94,0.0744,,,,0.0744,0.0744,0.0,2026,7
Saudi Arabia,Cotton,2026-04,3,0.10000000000000002,0.3333333333333333,0.3333333333333333,0.3333333333333333,0.0,0.0,0.0,0.0,0.0,33.333333333333336,0.5,0.9104999999999999,2.25,0.4046666666666666,,,,0.4046666666666666,0.4046666666666666,0.0,2026,4
Saudi Arabia,Cotton,2026-05,6,-0.3666666666666667,0.16666666666666666,0.5,0.3333333333333333,0.16666666666666666,0.16666666666666666,0.0,0.0,0.0,14.166666666666666,0.15,1.0231999999999999,2.4,0.4263333333333333,2026-04,0.4046666666666666,3.0,0.4046666666666666,0.4155,1.0,2026,5
Saudi Arabia,Cotton,2026-06,8,-0.15,0.125,0.5,0.375,0.25,0.125,0.0,0.0,0.0,23.75,0.35,2.4552,4.8,0.5115000000000001,2026-05,0.4263333333333333,6.0,0.4263333333333333,0.46891666666666665,0.3333333333333333,2026,6
Saudi Arabia,Cotton,2026-07,1,0.46,1.0,0.0,0.0,0.0,0.0,1.0,0.0,1.0,8.0,0.56,0.062370000000000016,0.81,0.07700000000000001,2026-06,0.5115000000000001,8.0,0.5115000000000001,0.29425,-0.875,2026,7
Saudi Arabia,Maize,2026-04,2,0.0,0.0,0.0,1.0,0.0,0.0,0.0,0.0,0.0,0.0,0.0,0.125,0.5,0.25,,,,0.25,0.25,0.0,2026,4
Saudi Arabia,Maize,2026-05,3,-0.8333333333333334,0.0,1.0,0.0,0.6666666666666666,0.0,0.0,0.0,0.0,46.666666666666664,0.5,1.6068999999999998,2.25,0.7141777777777777,2026-04,0.25,2.0,0.25,0.48208888888888884,0.5,2026,5
Saudi Arabia,Maize,2026-06,4,0.2,0.25,0.0,0.75,0.0,0.0,0.25,0.0,0.0,32.5,0.35,0.8062,2.4,0.3359166666666667,2026-05,0.7141777777777777,3.0,0.7141777777777777,0.5250472222222222,0.3333333333333333,2026,6
Saudi Arabia,Maize,2026-07,6,-0.01833333333333333,0.3333333333333333,0.3333333333333333,0.3333333333333333,0.3333333333333333,0.3333333333333333,0.3333333333333333,0.3333333333333333,0.3333333333333333,31.0,0.7583333333333333,2.922526,6.05,0.4830621487603306,2026-06,0.3359166666666667,4.0,0.3359166666666667,0.4094894077134986,0.5,2026,7
Saudi Arabia,Onion,2026-07,6,0.2683333333333333,0.5,0.16666666666666666,0.3333333333333333,0.16666666666666666,0.16666666666666666,0.5,0.16666666666666666,0.5,18.0,0.6916666666666668,1.6355870000000001,5.65,0.2894844247787611,,,,0.2894844247787611,0.2894844247787611,0.0,2026,7
Saudi Arabia,Soybean,2026-04,4,0.15000000000000002,0.5,0.5,0.0,0.0,0.0,0.0,0.0,0.0,50.0,0.75,1.6959999999999997,4.0,0.42399999999999993,,,,0.42399999999999993,0.42399999999999993,0.0,2026,4
Saudi Arabia,Soybean,2026-05,3,0.5333333333333333,0.6666666666666666,0.0,0.3333333333333333,0.0,0.0,0.3333333333333333,0.0,0.0,53.333333333333336,0.6,1.0858999999999999,2.55,0.4258431372549019,2026-04,0.42399999999999993,4.0,0.42399999999999993,0.4249215686274509,-0.25,2026,5
Saudi Arabia,Soybean,2026-06,1,-0.5,0.0,1.0,0.0,0.0,0.0,1.0,0.0,0.0,20.0,0.3,0.1287,0.55,0.23399999999999999,2026-05,0.4258431372549019,3.0,0.4258431372549019,0.3299215686274509,-0.6666666666666666,2026,6
Saudi Arabia,Soybean,2026-07,4,0.2425,0.75,0.25,0.0,0.25,0.25,0.75,0.25,0.75,30.75,0.7925,1.310487,4.17,0.3142654676258993,2026-06,0.23399999999999999,1.0,0.23399999999999999,0.27413273381294967,3.0,2026,7
Saudi Arabia,Sugar,2026-04,10,-0.12,0.1,0.3,0.6,0.1,0.1,0.0,0.0,0.0,20.0,0.27999999999999997,2.4627,5.3,0.4646603773584906,,,,0.4646603773584906,0.4646603773584906,0.0,2026,4
Saudi Arabia,Sugar,2026-05,3,-0.06666666666666665,0.3333333333333333,0.6666666666666666,0.0,0.3333333333333333,0.0,0.0,0.0,0.0,60.0,0.7666666666666666,1.6502,3.05,0.5410491803278689,2026-04,0.4646603773584906,10.0,0.4646603773584906,0.5028547788431798,-0.7,2026,5
Saudi Arabia,Sugar,2026-06,7,0.6428571428571429,0.8571428571428571,0.0,0.14285714285714285,0.0,0.0,0.14285714285714285,0.0,0.0,68.57142857142857,0.7571428571428571,3.0399499999999997,7.05,0.4311985815602837,2026-05,0.5410491803278689,3.0,0.5410491803278689,0.48612388094407627,1.3333333333333333,2026,6
Saudi Arabia,Sugar,2026-07,4,0.265,0.25,0.0,0.75,0.0,0.0,0.25,0.0,0.25,8.75,0.755,1.067862,4.02,0.26563731343283586,2026-06,0.4311985815602837,7.0,0.4311985815602837,0.34841794749655974,-0.42857142857142855,2026,7
Saudi Arabia,Turmeric,2026-07,1,-0.93,0.0,1.0,0.0,1.0,1.0,0.0,1.0,0.0,82.0,0.67,0.9108,0.92,0.99,,,,0.99,0.99,0.0,2026,7
Saudi Arabia,Wheat,2026-04,13,-0.5769230769230769,0.0,0.8461538461538461,0.15384615384615385,0.38461538461538464,0.07692307692307693,0.0,0.07692307692307693,0.07692307692307693,20.0,0.3923076923076923,4.6034,8.35,0.5513053892215569,,,,0.5513053892215569,0.5513053892215569,0.0,2026,4
Saudi Arabia,Wheat,2026-05,4,0.07500000000000001,0.5,0.5,0.0,0.5,0.0,0.0,0.25,0.0,72.5,0.75,2.5481,4.0,0.637025,2026-04,0.5513053892215569,13.0,0.5513053892215569,0.5941651946107784,-0.6923076923076923,2026,5
Saudi Arabia,Wheat,2026-06,2,0.0,0.0,0.5,0.5,0.0,0.0,0.0,0.0,0.0,0.0,0.0,0.125,0.5,0.25,2026-05,0.637025,4.0,0.637025,0.4435125,-0.5,2026,6
Saudi Arabia,Wheat,2026-07,4,-0.11250000000000002,0.25,0.5,0.25,0.5,0.5,0.25,0.5,0.25,47.0,0.7125,2.061041,3.85,0.5353353246753246,2026-06,0.25,2.0,0.25,0.3926676623376623,1.0,2026,7
Singapore,Coffee,2026-04,6,0.0,0.0,0.0,1.0,0.0,0.0,0.0,0.0,0.0,0.0,0.0,0.375,1.5,0.25,,,,0.25,0.25,0.0,2026,4
Singapore,Coffee,2026-05,7,-0.17142857142857143,0.14285714285714285,0.2857142857142857,0.5714285714285714,0.0,0.0,0.0,0.0,0.0,11.428571428571429,0.1285714285714286,0.9417,2.65,0.35535849056603774,2026-04,0.25,6.0,0.25,0.30267924528301887,0.16666666666666666,2026,5
Singapore,Coffee,2026-06,4,0.2,0.25,0.0,0.75,0.25,0.0,0.0,0.0,0.0,20.0,0.225,1.0017,1.9,0.5272105263157895,2026-05,0.35535849056603774,7.0,0.35535849056603774,0.4412845084409136,-0.42857142857142855,2026,6
Singapore,Coffee,2026-07,3,-0.3933333333333333,0.0,0.6666666666666666,0.3333333333333333,0.6666666666666666,0.6666666666666666,0.0,0.6666666666666666,0.0,44.0,0.6966666666666667,2.17776,2.84,0.7668169014084508,2026-06,0.5272105263157895,4.0,0.5272105263157895,0.6470137138621201,-0.25,2026,7
Singapore,Cotton,2026-04,3,0.43333333333333335,0.6666666666666666,0.0,0.3333333333333333,0.0,0.0,0.0,0.3333333333333333,0.0,33.333333333333336,0.5,1.02475,2.25,0.4554444444444445,,,,0.4554444444444445,0.4554444444444445,0.0,2026,4
Singapore,Cotton,2026-05,3,0.5333333333333333,0.6666666666666666,0.0,0.3333333333333333,0.0,0.0,0.6666666666666666,0.0,0.0,53.333333333333336,0.6,0.9479,2.55,0.3717254901960784,2026-04,0.4554444444444445,3.0,0.4554444444444445,0.41358496732026145,0.0,2026,5
Singapore,Cotton,2026-06,11,0.11818181818181818,0.2727272727272727,0.09090909090909091,0.6363636363636364,0.0,0.0,0.18181818181818182,0.09090909090909091,0.0,12.727272727272727,0.22727272727272727,1.7389999999999999,5.25,0.3312380952380952,2026-05,0.3717254901960784,3.0,0.3717254901960784,0.3514817927170868,2.6666666666666665,2026,6
Singapore,Cotton,2026-07,1,-0.77,0.0,1.0,0.0,1.0,1.0,0.0,1.0,0.0,77.0,0.5,0.7424999999999999,0.75,0.9899999999999999,2026-06,0.3312380952380952,11.0,0.3312380952380952,0.6606190476190476,-0.9090909090909091,2026,7
Singapore,Maize,2026-07,8,0.1575,0.625,0.375,0.0,0.375,0.375,0.625,0.375,0.625,41.75,0.695,3.108381,7.56,0.41116150793650796,,,,0.41116150793650796,0.41116150793650796,0.0,2026,7
Singapore,Onion,2026-07,8,0.02125,0.125,0.25,0.625,0.25,0.25,0.125,0.25,0.125,29.875,0.6725,3.386401,7.38,0.4588619241192412,,,,0.4588619241192412,0.4588619241192412,0.0,2026,7
Singapore,Soybean,2026-07,2,0.29000000000000004,0.5,0.0,0.5,0.0,0.0,0.5,0.0,0.5,7.5,0.6100000000000001,0.354,1.7200000000000002,0.20581395348837206,,,,0.20581395348837206,0.20581395348837206,0.0,2026,7
Singapore,Sugar,2026-04,5,0.38,0.6,0.2,0.2,0.0,0.2,0.2,0.0,0.0,52.0,0.6599999999999999,1.9959,4.55,0.4386593406593407,,,,0.4386593406593407,0.4386593406593407,0.0,2026,4
Singapore,Sugar,2026-05,5,0.22000000000000003,0.4,0.2,0.4,0.0,0.0,0.0,0.0,0.0,36.0,0.48,1.4996999999999998,3.65,0.4108767123287671,2026-04,0.4386593406593407,5.0,0.4386593406593407,0.4247680264940539,0.0,2026,5
Singapore,Sugar,2026-06,7,0.31428571428571433,0.5714285714285714,0.14285714285714285,0.2857142857142857,0.0,0.0,0.14285714285714285,0.0,0.0,48.57142857142857,0.5857142857142856,2.4013,5.85,0.4104786324786325,2026-05,0.4108767123287671,5.0,0.4108767123287671,0.4106776724036998,0.4,2026,6
Singapore,Sugar,2026-07,5,-0.044,0.2,0.4,0.4,0.4,0.4,0.2,0.4,0.2,36.2,0.794,2.692194,5.220000000000001,0.5157459770114943,2026-06,0.4104786324786325,7.0,0.4104786324786325,0.4631123047450634,-0.2857142857142857,2026,7
Singapore,Turmeric,2026-04,2,0.5,0.5,0.0,0.5,0.0,0.0,0.0,0.0,0.0,40.0,0.4,0.5287000000000001,1.3,0.40669230769230774,,,,0.40669230769230774,0.40669230769230774,0.0,2026,4
Singapore,Turmeric,2026-05,1,0.0,0.0,0.0,1.0,0.0,0.0,0.0,0.0,0.0,0.0,0.0,0.0625,0.25,0.25,2026-04,0.40669230769230774,2.0,0.40669230769230774,0.32834615384615384,-0.5,2026,5
Singapore,Turmeric,2026-06,6,0.26666666666666666,0.3333333333333333,0.0,0.6666666666666666,0.0,0.0,0.0,0.0,0.0,26.666666666666668,0.3,1.3034,3.3,0.39496969696969697,2026-05,0.25,1.0,0.25,0.3224848484848485,5.0,2026,6
Singapore,Turmeric,2026-07,3,-0.31,0.0,0.3333333333333333,0.6666666666666666,0.3333333333333333,0.3333333333333333,0.0,0.3333333333333333,0.0,35.666666666666664,0.7266666666666667,1.525824,2.93,0.5207590443686007,2026-06,0.39496969696969697,6.0,0.39496969696969697,0.4578643706691488,-0.5,2026,7
Singapore,Wheat,2026-04,14,0.042857142857142864,0.21428571428571427,0.2857142857142857,0.5,0.21428571428571427,0.14285714285714285,0.0,0.0,0.0,25.714285714285715,0.36428571428571427,4.3862,8.6,0.5100232558139535,,,,0.5100232558139535,0.5100232558139535,0.0,2026,4
Singapore,Wheat,2026-05,8,0.2,0.25,0.0,0.75,0.0,0.0,0.0,0.0,0.0,22.5,0.2875,1.6134,4.3,0.3752093023255814,2026-04,0.5100232558139535,14.0,0.5100232558139535,0.4426162790697674,-0.42857142857142855,2026,5
Singapore,Wheat,2026-06,16,-0.46875,0.0,0.5625,0.4375,0.5,0.4375,0.0625,0.0625,0.0,10.0,0.3,5.7114,8.8,0.6490227272727273,2026-05,0.3752093023255814,8.0,0.3752093023255814,0.5121160147991544,1.0,2026,6
Singapore,Wheat,2026-07,5,0.192,0.4,0.4,0.2,0.4,0.4,0.4,0.4,0.4,34.0,0.67,2.168676,4.6,0.4714513043478261,2026-06,0.6490227272727273,16.0,0.6490227272727273,0.5602370158102767,-0.6875,2026,7
Sri Lanka,Coffee,2026-04,3,-0.16666666666666666,0.0,0.3333333333333333,0.6666666666666666,0.0,0.0,0.0,0.0,0.0,6.666666666666667,0.09999999999999999,0.31970000000000004,1.05,0.3044761904761905,,,,0.3044761904761905,0.3044761904761905,0.0,2026,4
Sri Lanka,Coffee,2026-05,6,0.05000000000000001,0.16666666666666666,0.16666666666666666,0.6666666666666666,0.0,0.0,0.0,0.0,0.0,25.833333333333332,0.2833333333333333,1.2129,3.2,0.37903125,2026-04,0.3044761904761905,3.0,0.3044761904761905,0.34175372023809525,1.0,2026,5
Sri Lanka,Coffee,2026-06,11,-0.018181818181818177,0.18181818181818182,0.2727272727272727,0.5454545454545454,0.0,0.09090909090909091,0.09090909090909091,0.0,0.0,10.909090909090908,0.19090909090909092,1.7138,4.85,0.35336082474226804,2026-05,0.37903125,6.0,0.37903125,0.36619603737113404,0.8333333333333334,2026,6
Sri Lanka,Coffee,2026-07,3,-0.36999999999999994,0.0,0.6666666666666666,0.3333333333333333,0.6666666666666666,0.6666666666666666,0.0,0.6666666666666666,0.0,46.333333333333336,0.6933333333333334,2.222772,2.83,0.7854318021201413,2026-06,0.35336082474226804,11.0,0.35336082474226804,0.5693963134312047,-0.7272727272727273,2026,7
Sri Lanka,Cotton,2026-05,8,0.17500000000000002,0.375,0.25,0.375,0.125,0.0,0.0,0.125,0.0,35.625,0.4875,2.7952,5.9,0.4737627118644067,,,,0.4737627118644067,0.4737627118644067,0.0,2026,5
Sri Lanka,Cotton,2026-06,3,-0.3333333333333333,0.0,0.6666666666666666,0.3333333333333333,0.0,0.0,0.0,0.0,0.0,13.333333333333334,0.39999999999999997,0.7051,1.95,0.36158974358974355,2026-05,0.4737627118644067,8.0,0.4737627118644067,0.41767622772707513,-0.625,2026,6
Sri Lanka,Cotton,2026-07,4,-0.019999999999999962,0.25,0.25,0.5,0.25,0.25,0.25,0.25,0.25,30.25,0.7949999999999999,1.854297,4.18,0.4436117224880383,2026-06,0.36158974358974355,3.0,0.36158974358974355,0.40260073303889093,0.3333333333333333,2026,7
Sri Lanka,Maize,2026-04,4,0.525,0.75,0.0,0.25,0.0,0.0,0.25,0.25,0.0,45.0,0.575,1.4231500000000001,3.3,0.43125757575757584,,,,0.43125757575757584,0.43125757575757584,0.0,2026,4
Sri Lanka,Maize,2026-05,7,0.0,0.2857142857142857,0.42857142857142855,0.2857142857142857,0.2857142857142857,0.2857142857142857,0.14285714285714285,0.14285714285714285,0.0,28.571428571428573,0.4571428571428572,2.6601500000000002,4.95,0.5374040404040404,2026-04,0.43125757575757584,4.0,0.43125757575757584,0.48433080808080814,0.75,2026,5
Sri Lanka,Maize,2026-06,12,0.03333333333333335,0.25,0.16666666666666666,0.5833333333333334,0.08333333333333333,0.0,0.08333333333333333,0.08333333333333333,0.0,29.166666666666668,0.3333333333333333,3.1492999999999998,7.0,0.44989999999999997,2026-05,0.5374040404040404,7.0,0.5374040404040404,0.4936520202020202,0.7142857142857143,2026,6
Sri Lanka,Maize,2026-07,5,-0.04999999999999999,0.2,0.4,0.4,0.4,0.4,0.2,0.4,0.2,43.0,0.696,2.665279,4.73,0.563483932346723,2026-06,0.44989999999999997,12.0,0.44989999999999997,0.5066919661733615,-0.5833333333333334,2026,7
Sri Lanka,Onion,2026-07,6,0.07166666666666668,0.3333333333333333,0.16666666666666666,0.5,0.16666666666666666,0.16666666666666666,0.3333333333333333,0.16666666666666666,0.3333333333333333,17.833333333333332,0.6133333333333334,1.7891230000000002,5.18,0.3453905405405406,,,,0.3453905405405406,0.3453905405405406,0.0,2026,7
Sri Lanka,Sugar,2026-04,6,0.18333333333333335,0.3333333333333333,0.16666666666666666,0.5,0.16666666666666666,0.0,0.16666666666666666,0.0,0.0,30.0,0.39999999999999997,1.6367,3.9,0.4196666666666667,,,,0.4196666666666667,0.4196666666666667,0.0,2026,4
Sri Lanka,Sugar,2026-05,11,-0.054545454545454536,0.2727272727272727,0.36363636363636365,0.36363636363636365,0.18181818181818182,0.0,0.09090909090909091,0.0,0.0,22.727272727272727,0.34545454545454546,2.8945,6.55,0.44190839694656486,2026-04,0.4196666666666667,6.0,0.4196666666666667,0.4307875318066158,0.8333333333333334,2026,5
Sri Lanka,Sugar,2026-06,9,-0.09999999999999999,0.2222222222222222,0.3333333333333333,0.4444444444444444,0.1111111111111111,0.2222222222222222,0.1111111111111111,0.1111111111111111,0.0,20.0,0.26666666666666666,2.2452,4.6499999999999995,0.48283870967741943,2026-05,0.44190839694656486,11.0,0.44190839694656486,0.46237355331199215,-0.18181818181818182,2026,6
Sri Lanka,Sugar,2026-07,2,-0.005000000000000001,0.0,0.0,1.0,0.0,0.0,0.0,0.0,0.0,9.5,0.74,0.655296,1.98,0.33095757575757573,2026-06,0.48283870967741943,9.0,0.48283870967741943,0.4068981427174976,-0.7777777777777778,2026,7
Sri Lanka,Turmeric,2026-05,1,-1.0,0.0,1.0,0.0,0.0,0.0,0.0,0.0,0.0,0.0,0.0,0.0825,0.25,0.33,,,,0.33,0.33,0.0,2026,5
Sri Lanka,Turmeric,2026-07,7,0.3271428571428571,0.5714285714285714,0.0,0.42857142857142855,0.0,0.0,0.5714285714285714,0.0,0.5714285714285714,9.142857142857142,0.7271428571428571,1.264218,6.84,0.18482719298245615,2026-05,0.33,1.0,0.18482719298245615,0.18482719298245615,0.0,2026,7
Sri Lanka,Wheat,2026-07,5,-0.049999999999999975,0.4,0.6,0.0,0.6,0.6,0.4,0.6,0.4,45.8,0.718,3.255967,4.84,0.6727204545454546,,,,0.6727204545454546,0.6727204545454546,0.0,2026,7
Vietnam,Coffee,2026-04,14,0.19285714285714287,0.35714285714285715,0.14285714285714285,0.5,0.07142857142857142,0.0,0.0,0.5,0.07142857142857142,32.857142857142854,0.43571428571428567,5.00135,9.6,0.5209739583333334,,,,0.5209739583333334,0.5209739583333334,0.0,2026,4
Vietnam,Coffee,2026-05,11,-0.11818181818181817,0.36363636363636365,0.45454545454545453,0.18181818181818182,0.0,0.0,0.0,0.18181818181818182,0.45454545454545453,29.09090909090909,0.4454545454545455,3.1599500000000003,7.6499999999999995,0.41306535947712425,2026-04,0.5209739583333334,14.0,0.5209739583333334,0.4670196589052288,-0.21428571428571427,2026,5
Vietnam,Coffee,2026-06,10,0.14,0.3,0.1,0.6,0.0,0.0,0.1,0.2,0.2,26.0,0.32,2.2386,5.699999999999999,0.3927368421052632,2026-05,0.41306535947712425,11.0,0.41306535947712425,0.40290110079119373,-0.09090909090909091,2026,6
Vietnam,Coffee,2026-07,3,0.3833333333333333,0.6666666666666666,0.0,0.3333333333333333,0.0,0.0,0.6666666666666666,0.0,0.6666666666666666,12.0,0.6866666666666666,0.5186810000000001,2.81,0.18458398576512458,2026-06,0.3927368421052632,10.0,0.3927368421052632,0.2886604139351939,-0.7,2026,7
Vietnam,Cotton,2026-04,4,0.0,0.25,0.5,0.25,0.0,0.0,0.0,0.0,0.25,10.0,0.225,0.5485,1.9,0.2886842105263158,,,,0.2886842105263158,0.2886842105263158,0.0,2026,4
Vietnam,Cotton,2026-05,9,0.35555555555555557,0.5555555555555556,0.1111111111111111,0.3333333333333333,0.0,0.1111111111111111,0.1111111111111111,0.1111111111111111,0.0,43.333333333333336,0.5555555555555556,3.33555,7.25,0.4600758620689655,2026-04,0.2886842105263158,4.0,0.2886842105263158,0.37438003629764066,1.25,2026,5
Vietnam,Cotton,2026-06,6,0.10000000000000002,0.3333333333333333,0.3333333333333333,0.3333333333333333,0.0,0.0,0.0,0.0,0.16666666666666666,33.333333333333336,0.5,1.706,4.5,0.3791111111111111,2026-05,0.4600758620689655,9.0,0.4600758620689655,0.4195934865900383,-0.3333333333333333,2026,6
Vietnam,Cotton,2026-07,3,-0.31,0.3333333333333333,0.6666666666666666,0.0,0.6666666666666666,0.6666666666666666,0.3333333333333333,0.6666666666666666,0.3333333333333333,67.66666666666667,0.6666666666666666,1.795444,2.75,0.6528887272727273,2026-06,0.3791111111111111,6.0,0.3791111111111111,0.5159999191919192,-0.5,2026,7
Vietnam,Maize,2026-04,6,-0.11666666666666665,0.16666666666666666,0.3333333333333333,0.5,0.0,0.0,0.0,0.5,0.16666666666666666,25.0,0.3333333333333333,1.498,3.5,0.428,,,,0.428,0.428,0.0,2026,4
Vietnam,Maize,2026-05,4,0.22500000000000003,0.5,0.25,0.25,0.0,0.0,0.0,0.5,0.25,45.0,0.575,1.6524,3.3,0.5007272727272728,2026-04,0.428,6.0,0.428,0.4643636363636364,-0.3333333333333333,2026,5
Vietnam,Maize,2026-06,7,0.4571428571428572,0.5714285714285714,0.0,0.42857142857142855,0.0,0.0,0.2857142857142857,0.14285714285714285,0.0,52.857142857142854,0.5857142857142856,2.3533,5.85,0.4022735042735043,2026-05,0.5007272727272728,4.0,0.5007272727272728,0.45150038850038854,0.75,2026,6
Vietnam,Maize,2026-07,3,0.21,0.6666666666666666,0.3333333333333333,0.0,0.3333333333333333,0.3333333333333333,0.6666666666666666,0.3333333333333333,0.6666666666666666,34.0,0.6633333333333333,1.2238,2.74,0.4466423357664233,2026-06,0.4022735042735043,7.0,0.4022735042735043,0.4244579200199638,-0.5714285714285714,2026,7
Vietnam,Onion,2026-04,3,0.26666666666666666,0.3333333333333333,0.0,0.6666666666666666,0.0,0.0,0.0,0.0,0.0,26.666666666666668,0.3,0.6517,1.65,0.39496969696969697,,,,0.39496969696969697,0.39496969696969697,0.0,2026,4
Vietnam,Onion,2026-05,7,-0.12857142857142856,0.2857142857142857,0.42857142857142855,0.2857142857142857,0.0,0.0,0.14285714285714285,0.0,0.0,25.714285714285715,0.37142857142857144,1.5951,4.35,0.3666896551724138,2026-04,0.39496969696969697,3.0,0.39496969696969697,0.3808296760710554,1.3333333333333333,2026,5
Vietnam,Onion,2026-06,7,0.27142857142857146,0.42857142857142855,0.14285714285714285,0.42857142857142855,0.0,0.0,0.14285714285714285,0.14285714285714285,0.0,37.142857142857146,0.4714285714285714,2.2199,5.05,0.4395841584158416,2026-05,0.3666896551724138,7.0,0.3666896551724138,0.4031369067941277,0.0,2026,6
Vietnam,Onion,2026-07,2,-0.57,0.0,1.0,0.0,1.0,1.0,0.0,1.0,0.0,79.0,0.815,2.1087,2.13,0.99,2026-06,0.4395841584158416,7.0,0.4395841584158416,0.7147920792079208,-0.7142857142857143,2026,7
Vietnam,Soybean,2026-07,10,-0.033999999999999996,0.3,0.5,0.2,0.5,0.5,0.3,0.5,0.3,40.4,0.737,5.835274,9.870000000000001,0.5912131712259371,,,,0.5912131712259371,0.5912131712259371,0.0,2026,7
Vietnam,Sugar,2026-04,6,0.4000000000000001,0.5,0.0,0.5,0.0,0.0,0.0,0.0,0.0,43.333333333333336,0.5333333333333333,1.9526,4.699999999999999,0.4154468085106383,,,,0.4154468085106383,0.4154468085106383,0.0,2026,4
Vietnam,Sugar,2026-05,3,-0.06666666666666665,0.3333333333333333,0.6666666666666666,0.0,0.0,0.0,0.0,0.0,0.0,26.666666666666668,0.3,0.6717,1.65,0.4070909090909091,2026-04,0.4154468085106383,6.0,0.4154468085106383,0.4112688588007737,-0.5,2026,5
Vietnam,Sugar,2026-06,7,-0.028571428571428564,0.14285714285714285,0.14285714285714285,0.7142857142857143,0.14285714285714285,0.14285714285714285,0.0,0.0,0.0,11.428571428571429,0.1285714285714286,1.0342,2.65,0.3902641509433962,2026-05,0.4070909090909091,3.0,0.4070909090909091,0.39867753001715267,1.3333333333333333,2026,6
Vietnam,Sugar,2026-07,6,-0.023333333333333327,0.16666666666666666,0.3333333333333333,0.5,0.3333333333333333,0.3333333333333333,0.16666666666666666,0.3333333333333333,0.16666666666666666,31.166666666666668,0.645,2.727847,5.37,0.50797895716946,2026-06,0.3902641509433962,7.0,0.3902641509433962,0.44912155405642806,-0.14285714285714285,2026,7
Vietnam,Turmeric,2026-04,5,0.0,0.0,0.0,1.0,0.0,0.0,0.0,0.0,0.0,0.0,0.0,0.3125,1.25,0.25,,,,0.25,0.25,0.0,2026,4
Vietnam,Turmeric,2026-05,12,-0.041666666666666664,0.0,0.08333333333333333,0.9166666666666666,0.0,0.0,0.0,0.0,0.0,1.6666666666666667,0.049999999999999996,1.0088,3.6,0.2802222222222222,2026-04,0.25,5.0,0.25,0.2651111111111111,1.4,2026,5
Vietnam,Turmeric,2026-06,3,0.26666666666666666,0.3333333333333333,0.0,0.6666666666666666,0.0,0.0,0.0,0.0,0.0,26.666666666666668,0.3,0.6517,1.65,0.39496969696969697,2026-05,0.2802222222222222,12.0,0.2802222222222222,0.33759595959595956,-0.75,2026,6
Vietnam,Turmeric,2026-07,3,-0.32666666666666666,0.0,0.3333333333333333,0.6666666666666666,0.3333333333333333,0.3333333333333333,0.0,0.3333333333333333,0.0,31.333333333333332,0.7166666666666667,1.5757560000000002,2.9000000000000004,0.5433641379310344,2026-06,0.39496969696969697,3.0,0.39496969696969697,0.4691669174503657,0.0,2026,7
Vietnam,Wheat,2026-04,4,-0.65,0.0,1.0,0.0,1.0,0.0,0.0,0.0,0.0,35.0,0.65,2.4444000000000004,3.6,0.679,,,,0.679,0.679,0.0,2026,4
Vietnam,Wheat,2026-05,2,-0.25,0.0,0.5,0.5,0.5,0.0,0.0,1.0,0.0,40.0,0.4,0.8467000000000002,1.3,0.6513076923076925,2026-04,0.679,4.0,0.679,0.6651538461538462,-0.5,2026,5
Vietnam,Wheat,2026-06,11,-0.4454545454545455,0.18181818181818182,0.8181818181818182,0.0,0.8181818181818182,0.7272727272727273,0.0,0.18181818181818182,0.0,23.636363636363637,0.5727272727272728,6.8844,9.049999999999999,0.7607071823204421,2026-05,0.6513076923076925,2.0,0.6513076923076925,0.7060074373140672,4.5,2026,6
Vietnam,Wheat,2026-07,3,0.22999999999999998,0.3333333333333333,0.3333333333333333,0.3333333333333333,0.3333333333333333,0.3333333333333333,0.3333333333333333,0.3333333333333333,0.3333333333333333,29.666666666666668,0.73,1.4780640000000003,2.9400000000000004,0.5027428571428572,2026-06,0.7607071823204421,11.0,0.7607071823204421,0.6317250197316496,-0.7272727272727273,2026,7
