country,commodity,month,article_count,weighted_probability_sum,total_weight,average_confidence,average_export_opportunity,shortage_share,production_drop_share,production_rise_share,price_increase_share,price_decrease_share,demand_probability,smoothed_demand_probability,demand_percentage
Bangladesh,Coffee,2026-04,1,0.06752490040312832,0.15,0.0,0.0,0.0,0.0,0.0,0.0,0.0,0.45016600268752216,0.49546963660795657,49.55
Bangladesh,Coffee,2026-05,4,1.5472894221607167,2.3000000000000003,0.5,0.45,0.0,0.0,0.0,0.0,0.0,0.6727345313742246,0.6045498479370307,60.45
Bangladesh,Coffee,2026-06,15,5.280526526550628,8.71,0.5066666666666666,0.29333333333333333,0.0,0.0,0.0,0.0,0.0,0.6062602211883613,0.5906490231685237,59.06
Bangladesh,Coffee,2026-07,4,2.0042194112619027,3.0905,0.7325,0.4425,0.5,0.5,0.25,0.5,0.25,0.6485097593469997,0.5999824444530885,60.0
Bangladesh,Cotton,2026-07,4,0.8850042580849392,3.15,0.75,0.0675,0.0,0.0,0.75,0.0,0.75,0.28095373272537755,0.35161381894299765,35.16
Bangladesh,Maize,2026-07,3,1.092841482084422,2.3455,0.7433333333333333,0.04666666666666667,0.0,0.0,0.0,0.0,0.0,0.46593113710698014,0.47922025278492314,47.92
Bangladesh,Onion,2026-07,5,2.737675601200872,4.0395,0.774,0.4,0.4,0.4,0.0,0.4,0.0,0.677726352568603,0.6296011555557129,62.96
Bangladesh,Soybean,2026-04,2,1.3206499399161318,1.6600000000000001,0.8,0.7,0.5,0.5,0.0,0.0,0.0,0.7955722529615251,0.6552689683278898,65.53
Bangladesh,Soybean,2026-05,13,4.073319942013907,6.795,0.43846153846153846,0.35384615384615387,0.0,0.07692307692307693,0.3076923076923077,0.07692307692307693,0.0,0.5994584167790885,0.5814731696219296,58.15
Bangladesh,Soybean,2026-06,3,1.058051510115773,1.725,0.5,0.33333333333333337,0.0,0.0,0.0,0.0,0.0,0.6133631942700133,0.5606361271676815,56.06
Bangladesh,Soybean,2026-07,4,0.8984490004529673,3.0395,0.7175,0.1325,0.0,0.0,0.75,0.0,0.75,0.2955910513087571,0.3631344862766752,36.31
Bangladesh,Sugar,2026-04,6,1.2062476983059005,1.9200000000000002,0.19999999999999998,0.16666666666666669,0.16666666666666666,0.0,0.0,0.16666666666666666,0.0,0.6282540095343231,0.5720022509666376,57.2
Bangladesh,Sugar,2026-05,7,1.041797797574864,1.9849999999999999,0.15714285714285717,0.05714285714285714,0.0,0.0,0.0,0.0,0.0,0.5248351625062287,0.5141457094906353,51.41
Bangladesh,Sugar,2026-06,7,2.946680354313311,4.62,0.6,0.5285714285714286,0.0,0.0,0.0,0.0,0.14285714285714285,0.6378096005007167,0.6040327376328939,60.4
Bangladesh,Sugar,2026-07,4,2.6057833829836587,3.065,0.725,0.605,0.75,0.75,0.0,0.75,0.0,0.8501740238119605,0.7351113653852485,73.51
Bangladesh,Turmeric,2026-04,2,0.4321528652343387,0.725,0.25,0.25,0.0,0.0,0.0,0.0,0.0,0.5960729175646051,0.531304658532287,53.13
Bangladesh,Turmeric,2026-06,2,0.9905266097126446,1.5750000000000002,0.75,0.5,0.0,0.0,0.0,0.0,0.0,0.6289057839445362,0.5660249137276893,56.6
Bangladesh,Turmeric,2026-07,3,1.1194435830761424,2.269,0.7133333333333334,0.10333333333333333,0.0,0.0,0.0,0.0,0.0,0.4933642939956555,0.49600519582810887,49.6
Bangladesh,Wheat,2026-04,10,3.3479903816154604,5.07,0.42000000000000004,0.37,0.2,0.1,0.0,0.1,0.0,0.6603531324685326,0.6237428282519726,62.37
Bangladesh,Wheat,2026-05,3,1.139029069402134,2.15,0.6666666666666666,0.4,0.0,0.0,0.3333333333333333,0.0,0.0,0.5297809625126205,0.5175422107951052,51.75
Bangladesh,Wheat,2026-06,7,2.0375809933008147,3.005,0.32857142857142857,0.3,0.14285714285714285,0.0,0.0,0.0,0.14285714285714285,0.678063558502767,0.6187749152721009,61.88
Bangladesh,Wheat,2026-07,4,1.211814303222899,2.7165,0.6225,0.3225,0.25,0.25,0.5,0.25,0.5,0.44609398241225806,0.4652707940763427,46.53
China,Coffee,2026-07,3,0.6412397605427095,2.3200000000000003,0.7333333333333334,0.09666666666666666,0.0,0.0,0.6666666666666666,0.0,0.6666666666666666,0.27639644850978856,0.36419889019442653,36.42
China,Cotton,2026-07,3,1.7692093170445393,2.1414999999999997,0.6633333333333333,0.5833333333333334,0.6666666666666666,0.6666666666666666,0.0,0.6666666666666666,0.0,0.8261542456430258,0.6918053870780007,69.18
China,Maize,2026-07,3,1.2748110617579782,2.201,0.6866666666666666,0.36333333333333334,0.3333333333333333,0.3333333333333333,0.3333333333333333,0.3333333333333333,0.3333333333333333,0.579196302479772,0.5470983684836471,54.71
China,Onion,2026-04,8,1.3715086863345356,2.475,0.1875,0.125,0.0,0.0,0.125,0.0,0.0,0.5541449237715295,0.5337128770652919,53.37
China,Onion,2026-05,2,0.7886400784259914,1.15,0.5,0.5,0.0,0.0,0.0,0.0,0.0,0.6857739812399926,0.5806188975192421,58.06
China,Onion,2026-06,8,2.73543926970805,4.26,0.45,0.275,0.125,0.125,0.125,0.0,0.125,0.6421218942976644,0.6051109843243143,60.51
China,Onion,2026-07,5,3.072573895663351,3.895,0.74,0.45799999999999996,0.6,0.6,0.0,0.6,0.0,0.7888508076157512,0.7085401104102597,70.85
China,Soybean,2026-07,2,0.27449343547977667,1.354,0.62,0.105,0.0,0.0,1.0,0.0,1.0,0.2027277957753151,0.35896756674133734,35.9
China,Sugar,2026-04,5,1.7060530104909755,2.705,0.45999999999999996,0.42,0.0,0.0,0.2,0.2,0.0,0.6307035158931518,0.5840791939336446,58.41
China,Sugar,2026-05,8,3.6495056115409437,4.855,0.5375,0.475,0.25,0.0,0.0,0.375,0.0,0.7517004349208947,0.692290418810534,69.23
China,Sugar,2026-06,4,1.3659206420402583,2.13,0.45,0.4,0.0,0.0,0.0,0.0,0.0,0.6412772967325157,0.582898248495939,58.29
China,Sugar,2026-07,5,2.2639217087032297,3.4699999999999998,0.6399999999999999,0.38,0.4,0.4,0.2,0.4,0.2,0.6524270053899798,0.6064228790147344,60.64
China,Turmeric,2026-07,5,3.0237064728373038,3.623,0.6759999999999999,0.648,0.8,0.8,0.2,0.8,0.2,0.8345863849951155,0.736620431941695,73.66
China,Wheat,2026-07,4,1.299867852268185,2.997,0.705,0.255,0.25,0.25,0.5,0.25,0.5,0.43372300709649153,0.4558300761103369,45.58
Germany,Coffee,2026-07,5,2.476480454754615,3.4615,0.638,0.524,0.6,0.6,0.4,0.6,0.4,0.7154356362139578,0.6503034273414522,65.03
Germany,Cotton,2026-04,5,0.8855350222295142,1.5150000000000001,0.18,0.16,0.0,0.0,0.0,0.0,0.0,0.5845115658280621,0.5424660106897228,54.25
Germany,Cotton,2026-05,10,1.2231595242451558,2.265,0.09,0.08,0.0,0.0,0.0,0.0,0.0,0.5400262800199364,0.524079554912392,52.41
Germany,Cotton,2026-06,4,0.8180101218263858,1.365,0.225,0.2,0.0,0.0,0.0,0.0,0.0,0.5992748145248248,0.5472984718416704,54.73
Germany,Cotton,2026-07,3,1.3659784493879472,2.116,0.6533333333333333,0.37,0.3333333333333333,0.3333333333333333,0.0,0.3333333333333333,0.0,0.6455474713553625,0.5851710313572863,58.52
Germany,Maize,2026-04,5,2.1995464461035943,2.79,0.48,0.28,0.4,0.2,0.0,0.4,0.0,0.7883679018292452,0.6875399641267119,68.75
Germany,Maize,2026-05,1,0.26178075473155255,0.8300000000000001,0.8,0.2,0.0,0.0,1.0,0.0,0.0,0.3153984996765693,0.4342406672667607,43.42
Germany,Maize,2026-06,10,4.6416797801730585,6.6000000000000005,0.6,0.5,0.2,0.1,0.0,0.1,0.0,0.7032848151777361,0.6656394790337108,66.56
Germany,Maize,2026-07,4,2.107894291380366,3.2264999999999997,0.7725,0.3325,0.5,0.5,0.25,0.5,0.25,0.6533067693724984,0.6046533992130257,60.47
Germany,Onion,2026-04,12,2.4634080864005687,4.5200000000000005,0.26666666666666666,0.21666666666666667,0.0,0.0,0.08333333333333333,0.0,0.0,0.5450017890266744,0.5337887186711908,53.38
Germany,Onion,2026-05,9,1.6170099870740204,2.88,0.2,0.17777777777777778,0.1111111111111111,0.1111111111111111,0.1111111111111111,0.0,0.0,0.5614618010673682,0.5404132390579955,54.04
Germany,Onion,2026-06,8,1.2554666616523147,2.22,0.15,0.125,0.0,0.0,0.25,0.125,0.0,0.5655255232668084,0.5391039413043855,53.91
Germany,Onion,2026-07,6,2.506513452063308,4.5295,0.7116666666666666,0.2833333333333333,0.3333333333333333,0.3333333333333333,0.5,0.3333333333333333,0.5,0.5533753067807282,0.540096766243189,54.01
Germany,Soybean,2026-07,6,3.2930101215392553,4.419,0.69,0.495,0.6666666666666666,0.6666666666666666,0.16666666666666666,0.6666666666666666,0.16666666666666666,0.7451935101921827,0.6830562800370428,68.31
Germany,Sugar,2026-04,1,0.6154354206170009,0.915,0.9,0.8,0.0,0.0,0.0,0.0,0.0,0.6726070170677605,0.5653976896964807,56.54
Germany,Sugar,2026-05,10,2.5486053403935314,3.795,0.26999999999999996,0.14,0.1,0.3,0.1,0.0,0.0,0.6715692596557395,0.622966069951564,62.3
Germany,Sugar,2026-06,3,0.7467856320608498,1.215,0.3,0.26666666666666666,0.0,0.0,0.3333333333333333,0.3333333333333333,0.0,0.6146383802969957,0.5513022585859484,55.13
Germany,Sugar,2026-07,4,1.8028082121101663,3.15,0.75,0.4775,0.5,0.5,0.5,0.5,0.5,0.5723200673365607,0.548991013357025,54.9
Germany,Turmeric,2026-05,2,0.13504980080625664,0.3,0.0,0.0,0.0,0.0,0.0,0.0,0.0,0.45016600268752216,0.49169433378125366,49.17
Germany,Turmeric,2026-06,4,0.8180101218263858,1.365,0.225,0.2,0.0,0.0,0.0,0.0,0.0,0.5992748145248248,0.5472984718416704,54.73
Germany,Turmeric,2026-07,4,1.9515908925311156,3.252,0.78,0.4575,0.5,0.5,0.5,0.5,0.5,0.6001202006553247,0.5685166019636186,56.85
Germany,Wheat,2026-04,3,1.192806456477275,1.47,0.39999999999999997,0.13333333333333333,0.6666666666666666,0.3333333333333333,0.0,0.0,0.0,0.811432963589983,0.6541435880394866,65.41
Germany,Wheat,2026-05,7,1.6169982303366395,2.58,0.2571428571428572,0.17142857142857143,0.0,0.0,0.14285714285714285,0.2857142857142857,0.0,0.6267435001304804,0.5801466250825096,58.01
Germany,Wheat,2026-06,8,2.5332273359210604,3.24,0.3,0.175,0.375,0.25,0.0,0.125,0.125,0.7818602888645247,0.6926639949200549,69.27
Germany,Wheat,2026-07,2,1.2550529942886164,1.677,0.81,0.395,0.5,0.5,0.0,0.5,0.0,0.7483917676139632,0.63111520122399,63.11
Indonesia,Coffee,2026-04,3,1.058051510115773,1.725,0.5,0.33333333333333337,0.0,0.0,0.0,0.0,0.0,0.6133631942700133,0.5606361271676815,56.06
Indonesia,Coffee,2026-05,7,1.992883720808393,3.2600000000000002,0.37142857142857144,0.3,0.0,0.0,0.0,0.0,0.14285714285714285,0.6113140247878506,0.5762360758000826,57.62
Indonesia,Coffee,2026-06,6,1.8085367315390304,2.9400000000000004,0.39999999999999997,0.3,0.0,0.0,0.0,0.0,0.0,0.6151485481425273,0.5762470116078897,57.62
Indonesia,Coffee,2026-07,4,0.8007688010664001,3.0140000000000002,0.71,0.05,0.0,0.0,0.75,0.0,0.75,0.2656830793186463,0.34354647786140896,34.35
Indonesia,Cotton,2026-07,6,2.4747369298135338,4.538,0.7133333333333334,0.295,0.3333333333333333,0.3333333333333333,0.3333333333333333,0.3333333333333333,0.3333333333333333,0.545336476380241,0.5340736882765044,53.41
Indonesia,Maize,2026-07,6,2.426878333340899,4.861,0.7766666666666667,0.395,0.3333333333333333,0.3333333333333333,0.5,0.3333333333333333,0.5,0.49925495440051415,0.4994306450779593,49.94
Indonesia,Onion,2026-07,5,2.3393107599517067,3.64,0.6799999999999999,0.434,0.4,0.4,0.2,0.4,0.2,0.6426677911955238,0.6010332217804876,60.1
Indonesia,Soybean,2026-04,5,2.4727932410648235,3.2150000000000003,0.58,0.4,0.4,0.0,0.0,0.6,0.2,0.7691425322130088,0.6835192451887219,68.35
Indonesia,Soybean,2026-05,9,3.6696783895647984,5.09,0.48888888888888893,0.3222222222222222,0.0,0.1111111111111111,0.0,0.7777777777777778,0.1111111111111111,0.7209584262406284,0.67066439902349,67.07
Indonesia,Soybean,2026-06,4,1.4226794749469833,2.3,0.5,0.375,0.0,0.0,0.0,0.0,0.25,0.6185562934552102,0.5717577565649957,57.18
Indonesia,Soybean,2026-07,5,2.321304013013236,3.7505,0.7060000000000001,0.374,0.4,0.4,0.2,0.4,0.2,0.6189318792196336,0.5849545782331655,58.5
Indonesia,Sugar,2026-07,7,2.4615511506836025,5.0195,0.6671428571428571,0.24,0.14285714285714285,0.14285714285714285,0.2857142857142857,0.14285714285714285,0.2857142857142857,0.49039767918788774,0.49260697149836685,49.26
Indonesia,Turmeric,2026-07,5,1.87891321467188,3.6315,0.6779999999999999,0.37,0.4,0.4,0.6,0.4,0.6,0.5173931473693736,0.5123089183809568,51.23
Indonesia,Wheat,2026-07,5,2.2021325440052255,4.0565,0.778,0.24600000000000002,0.2,0.2,0.2,0.2,0.2,0.5428651655380811,0.5312935380194773,53.13
Japan,Coffee,2026-04,8,1.4552715311060869,3.24,0.3,0.225,0.0,0.0,0.375,0.0,0.0,0.4491578799710144,0.46524715846119974,46.52
Japan,Coffee,2026-05,8,0.9347491503279981,1.9649999999999999,0.1125,0.1,0.0,0.0,0.125,0.0,0.125,0.4756993131440194,0.48621909100375127,48.62
Japan,Coffee,2026-06,4,0.8180101218263858,1.365,0.225,0.2,0.0,0.0,0.0,0.0,0.0,0.5992748145248248,0.5472984718416704,54.73
Japan,Coffee,2026-07,4,1.1262097195629588,3.1585,0.7525000000000001,0.13,0.0,0.0,0.5,0.0,0.5,0.3565647362871486,0.40274975197229984,40.27
Japan,Cotton,2026-04,1,0.5453186840190041,0.8300000000000001,0.8,0.8,0.0,0.0,0.0,0.0,0.0,0.6570104626734988,0.5559307656733923,55.59
Japan,Cotton,2026-05,7,2.5056839493184193,4.28,0.5428571428571428,0.37142857142857144,0.0,0.0,0.14285714285714285,0.0,0.0,0.585440175074397,0.5632671192592421,56.33
Japan,Cotton,2026-06,11,2.4311322116769563,4.285,0.2818181818181818,0.14545454545454545,0.0,0.0,0.0,0.0,0.0,0.5673587425150423,0.5498932085872007,54.99
Japan,Cotton,2026-07,2,0.9628348225378391,1.388,0.64,0.51,0.5,0.5,0.0,0.5,0.0,0.6936850306468583,0.5930868499092241,59.31
Japan,Maize,2026-07,1,0.7532485659358925,0.7705,0.73,0.86,1.0,1.0,0.0,1.0,0.0,0.9776100790861681,0.6620782056533329,66.21
Japan,Onion,2026-07,6,2.0831737462327484,4.4615,0.6983333333333333,0.2016666666666667,0.16666666666666666,0.16666666666666666,0.5,0.16666666666666666,0.5,0.4669222786580183,0.4752451138526794,47.52
Japan,Soybean,2026-04,11,4.894980821725137,7.515000000000001,0.6272727272727273,0.5545454545454546,0.0,0.09090909090909091,0.18181818181818182,0.0,0.0,0.6513613867897721,0.6261764638630213,62.62
Japan,Soybean,2026-05,4,1.9763882191517719,2.64,0.6,0.45,0.0,0.25,0.25,0.5,0.0,0.7486319011938529,0.658547879022167,65.85
Japan,Soybean,2026-06,5,0.38121583648983637,0.75,0.0,0.0,0.0,0.2,0.0,0.0,0.2,0.5082877819864485,0.5027625939954828,50.28
Japan,Soybean,2026-07,2,0.4758239954879788,1.4815,0.6950000000000001,0.07,0.0,0.0,0.5,0.0,0.5,0.32117718223960773,0.4111433826892433,41.11
Japan,Sugar,2026-07,3,2.2854137373062104,2.354,0.7466666666666667,0.6133333333333334,1.0,1.0,0.0,1.0,0.0,0.9708639495778294,0.7876008659331112,78.76
Japan,Turmeric,2026-07,6,2.5230206736223284,4.172499999999999,0.6416666666666667,0.3466666666666666,0.3333333333333333,0.3333333333333333,0.16666666666666666,0.3333333333333333,0.16666666666666666,0.6046784118927091,0.5769979151383567,57.7
Japan,Wheat,2026-04,6,2.0056443367786794,2.94,0.39999999999999997,0.3,0.16666666666666666,0.16666666666666666,0.16666666666666666,0.0,0.16666666666666666,0.6821919512852651,0.6206406163915945,62.06
Japan,Wheat,2026-05,18,5.073980198315138,7.715,0.3277777777777778,0.19444444444444442,0.0,0.0,0.0,0.3888888888888889,0.0,0.6576772778114243,0.6320108733928528,63.2
Japan,Wheat,2026-06,9,2.1479774283388964,3.1350000000000002,0.23333333333333334,0.13333333333333333,0.2222222222222222,0.1111111111111111,0.1111111111111111,0.1111111111111111,0.0,0.6851602642229334,0.6252378486168062,62.52
Japan,Wheat,2026-07,5,2.48538008226688,4.0225,0.77,0.344,0.4,0.4,0.2,0.4,0.2,0.6178695046033263,0.5858542475811462,58.59
Malaysia,Coffee,2026-07,7,3.0808459001757864,5.2405,0.7042857142857143,0.26857142857142857,0.2857142857142857,0.2857142857142857,0.14285714285714285,0.2857142857142857,0.14285714285714285,0.5878915943470635,0.5683326014651415,56.83
Malaysia,Cotton,2026-07,4,0.6883928568147896,3.303,0.7949999999999999,0.1075,0.0,0.0,1.0,0.0,1.0,0.20841442834235227,0.2994780047501124,29.95
Malaysia,Maize,2026-07,1,0.1424539753145225,0.7025,0.65,0.14,0.0,0.0,1.0,0.0,1.0,0.20278145952245197,0.40520044282157663,40.52
Malaysia,Onion,2026-04,1,0.06752490040312832,0.15,0.0,0.0,0.0,0.0,0.0,0.0,0.0,0.45016600268752216,0.49546963660795657,49.55
Malaysia,Onion,2026-07,2,0.8653297559523532,1.5665,0.745,0.49,0.5,0.5,0.5,0.5,0.5,0.5523969077257281,0.526766592516665,52.68
Malaysia,Soybean,2026-07,6,1.901153184663289,4.147,0.6366666666666666,0.195,0.16666666666666666,0.16666666666666666,0.5,0.16666666666666666,0.5,0.45844060396992736,0.4694799335334317,46.95
Malaysia,Sugar,2026-04,7,1.1197829538790292,1.56,0.08571428571428572,0.02857142857142857,0.14285714285714285,0.14285714285714285,0.0,0.42857142857142855,0.0,0.7178095858198904,0.6110401810062187,61.1
Malaysia,Sugar,2026-05,6,1.9820793610134344,2.6,0.3333333333333333,0.3,0.16666666666666666,0.0,0.0,0.5,0.0,0.7623382157743979,0.6663608197593743,66.64
Malaysia,Sugar,2026-06,4,0.8010529839753815,1.1099999999999999,0.15,0.05,0.25,0.25,0.0,0.0,0.0,0.7216693549327762,0.5942731739369278,59.43
Malaysia,Sugar,2026-07,4,1.5081643166523868,2.9205,0.6825,0.2025,0.25,0.25,0.25,0.25,0.25,0.5164062032708052,0.5108391169895683,51.08
Malaysia,Turmeric,2026-06,2,0.13504980080625664,0.3,0.0,0.0,0.0,0.0,0.0,0.0,0.0,0.45016600268752216,0.49169433378125366,49.17
Malaysia,Turmeric,2026-07,4,1.454505164378017,2.6229999999999998,0.595,0.3025,0.25,0.25,0.25,0.25,0.25,0.5545196966748064,0.5346847354785393,53.47
Malaysia,Wheat,2026-07,5,1.4034841700808909,3.6825,0.6900000000000001,0.24600000000000002,0.2,0.2,0.6,0.2,0.6,0.38112265311090043,0.41552998940296976,41.55
Nepal,Coffee,2026-07,3,1.8344220925294707,2.2775,0.7166666666666667,0.45333333333333337,0.6666666666666666,0.6666666666666666,0.0,0.6666666666666666,0.0,0.8054542667527863,0.6841620364075369,68.42
Nepal,Cotton,2026-07,1,0.8450668243940345,0.864,0.84,0.8,1.0,1.0,0.0,1.0,0.0,0.9780866023079102,0.6747321592191348,67.47
Nepal,Maize,2026-04,7,3.716724136506084,4.535,0.5857142857142856,0.42857142857142855,0.7142857142857143,0.14285714285714285,0.14285714285714285,0.0,0.0,0.8195643079395996,0.7401365594873378,74.01
Nepal,Maize,2026-05,2,0.6660031831691248,0.81,0.3,0.1,0.5,0.5,0.0,0.0,0.0,0.8222261520606479,0.6129883909823051,61.3
Nepal,Maize,2026-06,5,2.2055882987983253,3.555,0.6599999999999999,0.52,0.2,0.2,0.4,0.0,0.0,0.6204186494510057,0.5846861125219239,58.47
Nepal,Maize,2026-07,4,2.0853146839907497,3.4475,0.8375,0.2725,0.25,0.25,0.0,0.25,0.0,0.604877355762364,0.5730802797353713,57.31
Nepal,Onion,2026-05,1,0.06752490040312832,0.15,0.0,0.0,0.0,0.0,0.0,0.0,0.0,0.45016600268752216,0.49546963660795657,49.55
Nepal,Onion,2026-06,3,0.7335280835722531,0.96,0.19999999999999998,0.06666666666666667,0.3333333333333333,0.3333333333333333,0.0,0.0,0.0,0.764091753721097,0.6030601965740866,60.31
Nepal,Onion,2026-07,4,1.8019155835342608,2.9885,0.7025,0.515,0.5,0.5,0.5,0.5,0.5,0.6029498355476863,0.5685453009990555,56.85
Nepal,Soybean,2026-04,1,0.2301695933086905,0.405,0.3,0.2,0.0,0.0,0.0,0.0,0.0,0.5683199834782481,0.5145247208969503,51.45
Nepal,Soybean,2026-05,10,2.462432683160797,4.05,0.3,0.14,0.0,0.1,0.0,0.1,0.0,0.6080080699162462,0.578816699668612,57.88
Nepal,Soybean,2026-06,8,2.544953622493962,3.835,0.3875,0.2,0.125,0.25,0.0,0.125,0.0,0.6636124178602248,0.6176108008423546,61.76
Nepal,Soybean,2026-07,4,2.9524817352596613,3.0225,0.7125,0.815,1.0,1.0,0.0,1.0,0.0,0.976834321012295,0.8186803173597924,81.87
Nepal,Sugar,2026-07,6,2.772838576028214,4.8100000000000005,0.7666666666666666,0.27166666666666667,0.3333333333333333,0.3333333333333333,0.16666666666666666,0.3333333333333333,0.16666666666666666,0.5764737164299821,0.5582945445369594,55.83
Nepal,Turmeric,2026-05,3,0.9317523322810788,1.1300000000000001,0.26666666666666666,0.26666666666666666,0.3333333333333333,0.3333333333333333,0.0,0.0,0.0,0.8245595860894501,0.6394495560004102,63.94
Nepal,Turmeric,2026-07,8,3.3283714394166366,6.0280000000000005,0.71,0.2675,0.25,0.25,0.25,0.25,0.25,0.552151864534943,0.5417602868513067,54.18
Nepal,Wheat,2026-04,4,1.3417533162433795,2.13,0.45,0.4,0.0,0.0,0.25,0.0,0.0,0.6299311343865631,0.576240582987157,57.62
Nepal,Wheat,2026-05,1,0.7640660041772982,0.8300000000000001,0.8,0.8,1.0,0.0,0.0,0.0,0.0,0.9205614508160218,0.6498137356984113,64.98
Nepal,Wheat,2026-06,2,0.6790927595675589,0.81,0.3,0.1,0.5,0.5,0.0,0.0,0.0,0.8383861229229121,0.6186548742716705,61.87
Nepal,Wheat,2026-07,2,0.3429091550046509,1.5665,0.745,0.185,0.0,0.0,1.0,0.0,1.0,0.21890147143610017,0.3564027898270507,35.64
Netherlands,Coffee,2026-04,9,0.6404273690502515,1.3499999999999999,0.0,0.0,0.0,0.1111111111111111,0.0,0.0,0.0,0.4743906437409271,0.48786925229833394,48.79
Netherlands,Coffee,2026-05,10,1.758593569355157,3.54,0.24,0.185,0.0,0.0,0.2,0.0,0.0,0.49677784445060935,0.49773681931649943,49.77
Netherlands,Coffee,2026-06,16,2.1209473773779646,3.675,0.09375,0.0625,0.0625,0.0,0.0,0.0,0.0,0.5771285380620312,0.5547724400730366,55.48
Netherlands,Coffee,2026-07,7,2.485342742587626,5.317,0.7171428571428571,0.30857142857142855,0.2857142857142857,0.2857142857142857,0.5714285714285714,0.2857142857142857,0.5714285714285714,0.4674332786510487,0.4745991994407549,47.46
Netherlands,Cotton,2026-04,8,0.4958385956645425,1.2,0.0,0.0,0.0,0.0,0.0,0.0,0.0,0.41319882972045213,0.4614217020979787,46.14
Netherlands,Cotton,2026-05,2,0.5295997479092283,1.065,0.45,0.4,0.0,0.0,0.5,0.0,0.0,0.49727675860021436,0.49886929743049835,49.89
Netherlands,Cotton,2026-06,9,1.2351290813614353,2.625,0.16666666666666666,0.1111111111111111,0.0,0.0,0.1111111111111111,0.0,0.0,0.47052536432816583,0.48124341366337825,48.12
Netherlands,Cotton,2026-07,2,0.9424430375022741,1.5835,0.755,0.58,0.5,0.5,0.5,0.5,0.5,0.5951645326822066,0.5488707759047428,54.89
Netherlands,Maize,2026-04,4,2.29913936348971,2.64,0.6,0.35,0.75,0.5,0.0,0.5,0.0,0.8708861225339811,0.7365070926303646,73.65
Netherlands,Maize,2026-05,3,2.0272375114451915,2.49,0.7999999999999999,0.6,0.3333333333333333,0.3333333333333333,0.0,0.6666666666666666,0.0,0.8141516110221652,0.6960495016153362,69.6
Netherlands,Maize,2026-06,4,2.1712667428532977,2.47,0.55,0.45,0.75,0.25,0.0,0.0,0.0,0.8790553614790678,0.7358354516003268,73.58
Netherlands,Maize,2026-07,7,3.200034816008187,5.3595,0.7242857142857143,0.33285714285714285,0.42857142857142855,0.42857142857142855,0.2857142857142857,0.42857142857142855,0.2857142857142857,0.5970771183894369,0.5758487959775767,57.58
Netherlands,Onion,2026-07,6,2.508821451387376,4.1725,0.6416666666666667,0.295,0.3333333333333333,0.3333333333333333,0.16666666666666666,0.3333333333333333,0.16666666666666666,0.6012753628250151,0.5744947468289777,57.45
Netherlands,Soybean,2026-04,11,6.311240928377825,9.385,0.8272727272727273,0.6727272727272726,0.18181818181818182,0.09090909090909091,0.18181818181818182,0.18181818181818182,0.09090909090909091,0.6724817185272056,0.6487129929607557,64.87
Netherlands,Soybean,2026-05,7,3.6715052767962826,5.385,0.7285714285714285,0.6,0.14285714285714285,0.0,0.0,0.0,0.0,0.6818022798136086,0.6421939399849358,64.22
Netherlands,Soybean,2026-06,2,0.4517328693998238,0.725,0.25,0.3,0.0,0.0,0.0,0.0,0.0,0.623079819861826,0.5401046604044152,54.01
Netherlands,Soybean,2026-07,5,1.4727444256097892,3.5380000000000003,0.656,0.28600000000000003,0.2,0.2,0.6,0.2,0.6,0.41626467654318516,0.44119579706426937,44.12
Netherlands,Sugar,2026-04,5,0.3380688393593273,0.75,0.0,0.0,0.0,0.0,0.0,0.0,0.0,0.45075845247910307,0.48358615082636763,48.36
Netherlands,Sugar,2026-05,7,2.276806088595648,3.6,0.42857142857142855,0.29285714285714287,0.2857142857142857,0.14285714285714285,0.14285714285714285,0.0,0.0,0.6324461357210133,0.5934913899207153,59.35
Netherlands,Sugar,2026-06,7,2.3436443840861516,3.77,0.4571428571428572,0.22857142857142856,0.14285714285714285,0.2857142857142857,0.14285714285714285,0.0,0.14285714285714285,0.6216563353013664,0.5870292948930079,58.7
Netherlands,Sugar,2026-07,4,1.8435625866122254,3.0905,0.7325,0.3775,0.5,0.5,0.5,0.5,0.5,0.5965256711251335,0.5649847699841466,56.5
Netherlands,Turmeric,2026-05,2,0.14813937720469075,0.3,0.0,0.0,0.0,0.0,0.0,0.0,0.0,0.4937979240156359,0.4989663206692726,49.9
Netherlands,Turmeric,2026-06,3,0.20257470120938498,0.44999999999999996,0.0,0.0,0.0,0.0,0.0,0.0,0.0,0.4501660026875222,0.4884998467740436,48.85
Netherlands,Turmeric,2026-07,10,4.488757053673491,7.2715,0.679,0.337,0.3,0.3,0.1,0.3,0.1,0.6173082656499335,0.5972475692496713,59.72
Netherlands,Wheat,2026-07,1,0.14557472996532578,0.7364999999999999,0.69,0.03,0.0,0.0,1.0,0.0,1.0,0.1976574744946718,0.4004358282876485,40.04
Saudi Arabia,Cotton,2026-04,3,1.058051510115773,1.725,0.5,0.33333333333333337,0.0,0.0,0.0,0.0,0.0,0.6133631942700133,0.5606361271676815,56.06
Saudi Arabia,Cotton,2026-05,6,1.0609761558904447,1.665,0.15,0.14166666666666666,0.16666666666666666,0.16666666666666666,0.0,0.0,0.0,0.6372229164507175,0.5721883588911357,57.22
Saudi Arabia,Cotton,2026-06,8,2.4892042889042325,3.58,0.35,0.2375,0.25,0.125,0.0,0.0,0.0,0.6953084605877744,0.6376386395480772,63.76
Saudi Arabia,Cotton,2026-07,1,0.13501793268787213,0.626,0.56,0.08,0.0,0.0,1.0,0.0,1.0,0.2156835985429267,0.4162831292040791,41.63
Saudi Arabia,Maize,2026-04,2,0.13504980080625664,0.3,0.0,0.0,0.0,0.0,0.0,0.0,0.0,0.45016600268752216,0.49169433378125366,49.17
Saudi Arabia,Maize,2026-05,3,1.4989001071554953,1.725,0.5,0.4666666666666666,0.6666666666666666,0.0,0.0,0.0,0.0,0.8689275983510117,0.6973333665598435,69.73
Saudi Arabia,Maize,2026-06,4,0.961752613143567,1.79,0.35,0.325,0.0,0.0,0.25,0.0,0.0,0.5372919626500374,0.5202895480679535,52.03
Saudi Arabia,Maize,2026-07,6,2.704629335774965,4.7675,0.7583333333333333,0.31,0.3333333333333333,0.3333333333333333,0.3333333333333333,0.3333333333333333,0.3333333333333333,0.5673055764604017,0.551197341168722,55.12
Saudi Arabia,Onion,2026-07,6,1.757435784268993,4.4275,0.6916666666666668,0.18,0.16666666666666666,0.16666666666666666,0.5,0.16666666666666666,0.5,0.3969363713763959,0.4230174245919853,42.3
Saudi Arabia,Soybean,2026-04,4,1.9810532194252892,3.1500000000000004,0.75,0.5,0.0,0.0,0.0,0.0,0.0,0.6289057839445362,0.5873232729946858,58.73
Saudi Arabia,Soybean,2026-05,3,1.274228415840251,1.98,0.6,0.5333333333333333,0.0,0.0,0.3333333333333333,0.0,0.0,0.6435497049698238,0.5816748321380032,58.17
Saudi Arabia,Soybean,2026-06,1,0.16010497069082624,0.405,0.3,0.2,0.0,0.0,1.0,0.0,0.0,0.39532091528599067,0.4777453914387539,47.77
Saudi Arabia,Soybean,2026-07,4,1.3097060326421066,3.2945,0.7925,0.3075,0.25,0.25,0.75,0.25,0.75,0.39754318793204024,0.42959767079822847,42.96
Saudi Arabia,Sugar,2026-04,10,2.5924406279430094,3.88,0.27999999999999997,0.2,0.1,0.1,0.0,0.0,0.0,0.6681548010162396,0.6212714921827155,62.13
Saudi Arabia,Sugar,2026-05,3,1.743158389554731,2.4050000000000002,0.7666666666666666,0.6,0.3333333333333333,0.0,0.0,0.0,0.0,0.7248059831828402,0.6384528526388555,63.85
Saudi Arabia,Sugar,2026-06,7,3.568437665935711,5.555000000000001,0.7571428571428571,0.6857142857142857,0.0,0.0,0.14285714285714285,0.0,0.0,0.6423830181702449,0.6121102290482936,61.21
Saudi Arabia,Sugar,2026-07,4,1.283441037188913,3.167,0.755,0.0875,0.0,0.0,0.25,0.0,0.25,0.4052545112689968,0.435706243237393,43.57
Saudi Arabia,Turmeric,2026-07,1,0.70511,0.7195,0.67,0.82,1.0,1.0,0.0,1.0,0.0,0.98,0.6556026132011714,65.56
Saudi Arabia,Wheat,2026-04,13,4.561121567289234,6.285,0.3923076923076923,0.2,0.38461538461538464,0.07692307692307693,0.0,0.07692307692307693,0.07692307692307693,0.7257154442783189,0.6822249925869279,68.22
Saudi Arabia,Wheat,2026-05,4,2.5226609566622367,3.1500000000000004,0.75,0.725,0.5,0.0,0.0,0.25,0.0,0.8008447481467417,0.7037980551961799,70.38
Saudi Arabia,Wheat,2026-06,2,0.13504980080625664,0.3,0.0,0.0,0.0,0.0,0.0,0.0,0.0,0.45016600268752216,0.49169433378125366,49.17
Saudi Arabia,Wheat,2026-07,4,1.8027714590943371,3.0225,0.7125,0.47,0.5,0.5,0.25,0.5,0.25,0.5964504413877046,0.5644602452392122,56.45
Singapore,Coffee,2026-04,6,0.40514940241876995,0.8999999999999999,0.0,0.0,0.0,0.0,0.0,0.0,0.0,0.4501660026875222,0.4813122510078209,48.13
Singapore,Coffee,2026-05,7,1.046763975832639,1.815,0.1285714285714286,0.11428571428571428,0.0,0.0,0.0,0.0,0.0,0.5767294632686717,0.5420102491199514,54.2
Singapore,Coffee,2026-06,4,0.9899927074494752,1.365,0.225,0.2,0.25,0.0,0.0,0.0,0.0,0.7252693827468683,0.6073272975390838,60.73
Singapore,Coffee,2026-07,3,1.7959900530618227,2.2264999999999997,0.6966666666666667,0.44,0.6666666666666666,0.6666666666666666,0.0,0.6666666666666666,0.0,0.8066427366098463,0.6832121435829391,68.32
Singapore,Cotton,2026-04,3,1.0995353122628924,1.725,0.5,0.33333333333333337,0.0,0.0,0.0,0.3333333333333333,0.0,0.6374117752248651,0.5734993216319046,57.35
Singapore,Cotton,2026-05,3,1.1208678427293501,1.98,0.6,0.5333333333333333,0.0,0.0,0.6666666666666666,0.0,0.0,0.5660948700653283,0.5376057019337213,53.76
Singapore,Cotton,2026-06,11,1.924853380885194,3.775,0.22727272727272727,0.12727272727272726,0.0,0.0,0.18181818181818182,0.09090909090909091,0.0,0.5098949353338262,0.5070812096464823,50.71
Singapore,Cotton,2026-07,1,0.5621005995110444,0.575,0.5,0.77,1.0,1.0,0.0,1.0,0.0,0.9775662600192078,0.6323376383185756,63.23
Singapore,Maize,2026-07,8,2.865957549477474,5.926,0.695,0.4175,0.375,0.375,0.625,0.375,0.625,0.4836242911706841,0.4869320696845508,48.69
Singapore,Onion,2026-07,8,3.297052320110783,5.773,0.6725,0.29875,0.25,0.25,0.125,0.25,0.125,0.5711159397385732,0.5564488271842133,55.64
Singapore,Soybean,2026-07,2,0.47253775369737916,1.3370000000000002,0.6100000000000001,0.075,0.0,0.0,0.5,0.0,0.5,0.35343137898083704,0.43092624381296407,43.09
Singapore,Sugar,2026-04,5,2.2647420050095577,3.555,0.6599999999999999,0.52,0.0,0.2,0.2,0.0,0.0,0.6370582292572595,0.5963881315548086,59.64
Singapore,Sugar,2026-05,5,1.7410118311359022,2.79,0.48,0.36,0.0,0.0,0.0,0.0,0.0,0.6240185774680653,0.5806554384932173,58.07
Singapore,Sugar,2026-06,7,2.7945484696841616,4.535,0.5857142857142856,0.4857142857142857,0.0,0.0,0.14285714285714285,0.0,0.0,0.6162179646492087,0.5873319750926531,58.73
Singapore,Sugar,2026-07,5,2.4432967157236813,4.1245,0.794,0.36200000000000004,0.4,0.4,0.2,0.4,0.2,0.5923861597099481,0.5677476603651314,56.77
Singapore,Turmeric,2026-04,2,0.6128435844221324,0.9800000000000001,0.4,0.4,0.0,0.0,0.0,0.0,0.0,0.6253505963491146,0.549533703396021,54.95
Singapore,Turmeric,2026-05,1,0.06752490040312832,0.15,0.0,0.0,0.0,0.0,0.0,0.0,0.0,0.45016600268752216,0.49546963660795657,49.55
Singapore,Turmeric,2026-06,6,1.500970442846515,2.43,0.3,0.26666666666666666,0.0,0.0,0.0,0.0,0.0,0.6176833098133806,0.5727660159914796,57.28
Singapore,Turmeric,2026-07,3,1.4286438974561335,2.303,0.7266666666666667,0.35666666666666663,0.3333333333333333,0.3333333333333333,0.0,0.3333333333333333,0.0,0.6203403810057028,0.5728750716424227,57.29
Singapore,Wheat,2026-04,14,4.454451092543825,6.4350000000000005,0.36428571428571427,0.2571428571428572,0.21428571428571427,0.14285714285714285,0.0,0.0,0.0,0.6922223920037023,0.6558854558971423,65.59
Singapore,Wheat,2026-05,8,1.870358376050034,3.155,0.2875,0.225,0.0,0.0,0.0,0.0,0.0,0.5928235740253673,0.5629126479162265,56.29
Singapore,Wheat,2026-06,16,5.08768439276223,6.4799999999999995,0.3,0.1,0.5,0.4375,0.0625,0.0625,0.0,0.7851364803645418,0.7315393975892519,73.15
Singapore,Wheat,2026-07,5,1.9500915993838335,3.5975,0.67,0.34,0.4,0.4,0.4,0.4,0.4,0.5420685474312255,0.5296893770247835,52.97
Sri Lanka,Coffee,2026-04,3,0.36521939411494714,0.7050000000000001,0.09999999999999999,0.06666666666666667,0.0,0.0,0.0,0.0,0.0,0.5180416937800668,0.5057684327051915,50.58
Sri Lanka,Coffee,2026-05,6,1.4277193442981992,2.345,0.2833333333333333,0.2583333333333333,0.0,0.0,0.0,0.0,0.0,0.6088355412785498,0.5663769426003119,56.64
Sri Lanka,Coffee,2026-06,11,1.8820809930367834,3.435,0.19090909090909092,0.10909090909090909,0.0,0.09090909090909091,0.09090909090909091,0.0,0.0,0.5479129528491363,0.5333497452962074,53.33
Sri Lanka,Coffee,2026-07,3,1.820362472248059,2.218,0.6933333333333334,0.4633333333333334,0.6666666666666666,0.6666666666666666,0.0,0.6666666666666666,0.0,0.8207224852335703,0.6913293362689776,69.13
Sri Lanka,Cotton,2026-05,8,3.0646312835186906,4.515000000000001,0.4875,0.35625,0.125,0.0,0.0,0.125,0.0,0.6787666187195327,0.6341864145500732,63.42
Sri Lanka,Cotton,2026-06,3,0.8177072785944158,1.47,0.39999999999999997,0.13333333333333333,0.0,0.0,0.0,0.0,0.0,0.5562634548261333,0.5278475685503085,52.78
Sri Lanka,Cotton,2026-07,4,1.7948824272185309,3.303,0.7949999999999999,0.3025,0.25,0.25,0.25,0.25,0.25,0.5434097569538392,0.5298526810781868,52.99
Sri Lanka,Maize,2026-04,4,1.578694072673754,2.555,0.575,0.45,0.0,0.0,0.25,0.25,0.0,0.6178841771717236,0.5742772065779911,57.43
Sri Lanka,Maize,2026-05,7,2.492312314679769,3.7700000000000005,0.4571428571428572,0.28571428571428575,0.2857142857142857,0.2857142857142857,0.14285714285714285,0.14285714285714285,0.0,0.661090799649806,0.6152395284022332,61.52
Sri Lanka,Maize,2026-06,12,3.3929233054013683,5.2,0.3333333333333333,0.2916666666666667,0.08333333333333333,0.0,0.08333333333333333,0.08333333333333333,0.0,0.6524852510387247,0.6183467620002041,61.83
Sri Lanka,Maize,2026-07,5,2.3999240720510144,3.708,0.696,0.43,0.4,0.4,0.2,0.4,0.2,0.6472287141453652,0.6048241305781518,60.48
Sri Lanka,Onion,2026-07,6,1.8996172097792179,4.0280000000000005,0.6133333333333334,0.17833333333333332,0.16666666666666666,0.16666666666666666,0.3333333333333333,0.16666666666666666,0.3333333333333333,0.4716030808786538,0.4793084677603506,47.93
Sri Lanka,Sugar,2026-04,6,1.8068882426406359,2.9400000000000004,0.39999999999999997,0.3,0.16666666666666666,0.0,0.16666666666666666,0.0,0.0,0.6145878376328693,0.5758757303244675,57.59
Sri Lanka,Sugar,2026-05,11,3.0632012996781617,4.88,0.34545454545454546,0.22727272727272727,0.18181818181818182,0.0,0.09090909090909091,0.0,0.0,0.627705184360279,0.5976804544950097,59.77
Sri Lanka,Sugar,2026-06,9,2.2367630579030924,3.39,0.26666666666666666,0.2,0.1111111111111111,0.2222222222222222,0.1111111111111111,0.1111111111111111,0.0,0.6598121114758384,0.6107899913912254,61.08
Sri Lanka,Sugar,2026-07,2,0.7577117874156121,1.558,0.74,0.095,0.0,0.0,0.0,0.0,0.0,0.48633619217946855,0.4930385177945102,49.3
Sri Lanka,Turmeric,2026-05,1,0.08061447680156243,0.15,0.0,0.0,0.0,0.0,0.0,0.0,0.0,0.5374298453437496,0.5034027132130682,50.34
Sri Lanka,Turmeric,2026-07,7,1.7202846126809774,5.3765,0.7271428571428571,0.09142857142857143,0.0,0.0,0.5714285714285714,0.0,0.5714285714285714,0.3199636590125504,0.3592357467724827,35.92
Sri Lanka,Wheat,2026-07,5,2.7019495073389805,3.8015,0.718,0.45799999999999996,0.6,0.6,0.4,0.6,0.4,0.7107587813597214,0.651126946588509,65.11
Vietnam,Coffee,2026-04,14,5.149840611995693,7.285,0.43571428571428567,0.3285714285714285,0.07142857142857142,0.0,0.0,0.5,0.07142857142857142,0.7069101732320787,0.6715811738185195,67.16
Vietnam,Coffee,2026-05,11,3.5830152827675534,5.815,0.4454545454545455,0.2909090909090909,0.0,0.0,0.0,0.18181818181818182,0.45454545454545453,0.6161677184466987,0.5923465868445048,59.23
Vietnam,Coffee,2026-06,10,2.5743128460793447,4.22,0.32,0.26,0.0,0.0,0.1,0.2,0.2,0.610026740777096,0.581173574489396,58.12
Vietnam,Coffee,2026-07,3,0.7138703222870625,2.201,0.6866666666666666,0.12,0.0,0.0,0.6666666666666666,0.0,0.6666666666666666,0.3243390832744491,0.39553372663795255,39.55
Vietnam,Cotton,2026-04,4,0.6702049525803655,1.365,0.225,0.1,0.0,0.0,0.0,0.0,0.25,0.490992639253015,0.49570853493206474,49.57
Vietnam,Cotton,2026-05,9,3.7352779454313114,5.6000000000000005,0.5555555555555556,0.43333333333333335,0.0,0.1111111111111111,0.1111111111111111,0.1111111111111111,0.0,0.6670139188270199,0.6317292880889172,63.17
Vietnam,Cotton,2026-06,6,2.041852564880539,3.45,0.5,0.33333333333333337,0.0,0.0,0.0,0.0,0.16666666666666666,0.5918413231537794,0.5640106191677856,56.4
Vietnam,Cotton,2026-07,3,1.4796705818639266,2.15,0.6666666666666666,0.6766666666666667,0.6666666666666666,0.6666666666666666,0.3333333333333333,0.6666666666666666,0.3333333333333333,0.6882188752855473,0.6108686525654593,61.09
Vietnam,Maize,2026-04,6,1.6654363445081646,2.6,0.3333333333333333,0.25,0.0,0.0,0.0,0.5,0.16666666666666666,0.6405524401954479,0.5891308157336987,58.91
Vietnam,Maize,2026-05,4,1.7830653805797152,2.555,0.575,0.45,0.0,0.0,0.0,0.5,0.25,0.6978729473893209,0.6246770359012861,62.47
Vietnam,Maize,2026-06,7,2.7214698977696505,4.535,0.5857142857142856,0.5285714285714286,0.0,0.0,0.2857142857142857,0.14285714285714285,0.0,0.6001036158257222,0.5752228496718559,57.52
Vietnam,Maize,2026-07,3,1.127096514982797,2.1414999999999997,0.6633333333333333,0.34,0.3333333333333333,0.3333333333333333,0.6666666666666666,0.3333333333333333,0.6666666666666666,0.5263117044047616,0.5154734353927769,51.55
Vietnam,Onion,2026-04,3,0.7504852214232575,1.215,0.3,0.26666666666666666,0.0,0.0,0.0,0.0,0.0,0.6176833098133806,0.5526649066015681,55.27
Vietnam,Onion,2026-05,7,1.8323663001122663,3.2600000000000002,0.37142857142857144,0.2571428571428572,0.0,0.0,0.14285714285714285,0.0,0.0,0.5620755521816767,0.5425139285950139,54.25
Vietnam,Onion,2026-06,7,2.498749020081749,3.855,0.4714285714285714,0.37142857142857144,0.0,0.0,0.14285714285714285,0.14285714285714285,0.0,0.6481839222001943,0.6066758207435572,60.67
Vietnam,Onion,2026-07,2,1.6453935190085764,1.6855,0.815,0.79,1.0,1.0,0.0,1.0,0.0,0.9762049949620745,0.751967828914951,75.2
Vietnam,Soybean,2026-07,10,5.037455954557895,7.7645,0.737,0.40399999999999997,0.5,0.5,0.3,0.5,0.3,0.6487804693873264,0.6246916676083863,62.47
Vietnam,Sugar,2026-04,6,2.2832190954576497,3.62,0.5333333333333333,0.43333333333333335,0.0,0.0,0.0,0.0,0.0,0.6307235070324999,0.5924256045815722,59.24
Vietnam,Sugar,2026-05,3,0.7635747978216916,1.215,0.3,0.26666666666666666,0.0,0.0,0.0,0.0,0.0,0.6284566237215569,0.5574861133781553,55.75
Vietnam,Sugar,2026-06,7,1.0874102391647922,1.815,0.1285714285714286,0.11428571428571428,0.14285714285714285,0.14285714285714285,0.0,0.0,0.0,0.5991240987133841,0.5542715653589116,55.43
Vietnam,Sugar,2026-07,6,2.5394872421162624,4.1895,0.645,0.3116666666666667,0.3333333333333333,0.3333333333333333,0.16666666666666666,0.3333333333333333,0.16666666666666666,0.6061552075704171,0.5781680713799565,57.82
Vietnam,Turmeric,2026-04,5,0.3376245020156416,0.75,0.0,0.0,0.0,0.0,0.0,0.0,0.0,0.4501660026875221,0.4833886675625074,48.34
Vietnam,Turmeric,2026-05,12,1.1178650935300554,2.31,0.049999999999999996,0.016666666666666666,0.0,0.0,0.0,0.0,0.0,0.48392428291344386,0.49025330538846595,49.03
Vietnam,Turmeric,2026-06,3,0.7504852214232575,1.215,0.3,0.26666666666666666,0.0,0.0,0.0,0.0,0.0,0.6176833098133806,0.5526649066015681,55.27
Vietnam,Turmeric,2026-07,3,1.469514304134699,2.2775,0.7166666666666667,0.3133333333333333,0.3333333333333333,0.3333333333333333,0.0,0.3333333333333333,0.0,0.6452313080723158,0.5875616953367834,58.76
Vietnam,Wheat,2026-04,4,2.3546708596835,2.81,0.65,0.35,1.0,0.0,0.0,0.0,0.0,0.8379611600297153,0.7203412667479118,72.03
Vietnam,Wheat,2026-05,2,0.8259803155151715,0.9800000000000001,0.4,0.4,0.5,0.0,0.0,1.0,0.0,0.8428370566481341,0.6354759336754724,63.55
Vietnam,Wheat,2026-06,11,6.0827742618051035,7.005,0.5727272727272728,0.23636363636363636,0.8181818181818182,0.7272727272727273,0.0,0.18181818181818182,0.0,0.8683475034696793,0.8033832171434573,80.34
Vietnam,Wheat,2026-07,3,1.3573926719186677,2.3115,0.73,0.2966666666666667,0.3333333333333333,0.3333333333333333,0.3333333333333333,0.3333333333333333,0.3333333333333333,0.5872345541504078,0.5529037575544189,55.29
