Date,Total_Arrivals_MT,Weighted_Min_Price,Weighted_Max_Price,Weighted_Modal_Price,Markets_Reported
2021-01-01,0.09,12300.0,12400.0,12400.0,1
2021-01-02,0.09,12300.0,12400.0,12400.0,1
2021-01-04,0.07,11900.0,12000.0,12000.0,1
2021-01-05,1.67,8402.99,9604.79,9005.99,3
2021-01-06,2.3,6748.7,8537.39,7645.0,3
2021-01-07,0.19,8452.63,8552.63,8521.05,2
2021-01-08,4.19,10167.78,11124.58,10647.26,3
2021-01-09,4.2,10169.05,11123.81,10647.62,3
2021-01-11,3.08,6724.68,8675.32,7701.3,2
2021-01-12,2.08,6784.62,8711.54,7750.0,2
2021-01-13,2.21,6720.36,8558.82,7641.18,3
2021-01-14,0.57,11024.56,11036.84,11036.84,2
2021-01-15,3.4,13181.18,13657.65,13279.26,3
2021-01-16,4.46,9908.07,10819.51,10364.57,4
2021-01-18,3.4,6696.47,8472.94,7585.88,3
2021-01-19,2.88,6708.33,8100.0,7405.56,3
2021-01-20,4.2,7321.43,8764.29,8044.05,4
2021-01-21,0.97,7030.93,7130.93,7087.11,2
2021-01-22,1.75,6828.57,6928.57,6882.86,2
2021-01-23,1.18,6400.0,6500.0,6450.0,1
2021-01-25,3.85,6689.61,8289.09,7490.91,3
2021-01-26,1.34,8333.58,8508.21,8424.25,3
2021-01-27,4.01,6636.66,8181.05,7409.98,3
2021-01-28,5.95,7392.44,9103.36,8248.74,3
2021-01-29,3.93,6572.26,7730.79,7153.18,3
2021-01-30,6.23,8787.96,10310.11,9668.06,3
2021-01-31,1.88,6200.0,6400.0,6300.0,1
2021-02-01,4.55,6625.27,7978.02,7303.3,3
2021-02-02,5.36,7136.57,8288.81,7714.55,4
2021-02-03,3.18,6843.4,8735.85,7792.45,2
2021-02-04,1.17,7224.79,8948.72,8094.02,2
2021-02-05,4.96,7270.97,7395.16,7334.68,4
2021-02-06,3.45,6663.48,7827.83,7248.12,3
2021-02-07,3.0,6600.0,8600.0,7600.0,1
2021-02-08,0.17,10900.0,11000.0,11000.0,1
2021-02-09,0.17,10900.0,11000.0,11000.0,1
2021-02-10,8.08,6036.76,7547.65,6793.63,3
2021-02-11,4.82,7141.91,8414.11,7780.08,4
2021-02-12,4.56,6669.3,8004.39,7331.58,3
2021-02-13,1.4,6871.43,6885.71,6885.71,2
2021-02-14,0.2,10900.0,11000.0,11000.0,1
2021-02-15,5.36,6599.25,7722.39,7162.69,3
2021-02-16,6.86,6511.95,7442.86,6978.86,3
2021-02-17,3.65,6813.7,7963.01,7396.58,3
2021-02-18,6.2,7053.23,8069.35,7566.13,4
2021-02-19,1.82,6948.35,7041.76,7003.3,3
2021-02-20,2.67,6877.9,7689.51,7289.33,3
2021-02-22,8.0,9108.75,9886.25,9499.38,4
2021-02-23,4.55,6912.09,8264.84,7591.76,3
2021-02-24,3.9,7615.38,9161.54,8392.31,3
2021-02-25,9.33,6026.15,7348.02,6688.96,3
2021-02-26,6.54,5909.33,7755.35,6835.02,3
2021-02-27,4.9,6867.35,8161.22,7518.37,3
2021-02-28,1.8,7677.78,7750.0,7713.89,2
2021-03-01,7.6,6743.42,8334.87,7545.39,3
2021-03-02,1.5,7113.33,7213.33,7170.0,2
2021-03-03,7.25,6644.83,8055.17,7365.52,3
2021-03-04,6.3,6057.14,7966.67,7014.29,2
2021-03-05,5.28,6849.24,8748.48,7801.52,2
2021-03-06,7.08,6444.07,7877.4,7171.19,4
2021-03-07,1.0,6300.0,6400.0,6400.0,1
2021-03-08,6.45,7182.17,8746.51,7971.32,3
2021-03-09,11.28,6025.8,7806.21,6919.68,3
2021-03-10,4.48,7075.0,8422.77,7753.12,3
2021-03-11,1.4,7700.0,7800.0,7800.0,2
2021-03-12,3.6,7011.11,8166.67,7611.11,3
2021-03-13,3.4,7141.18,8917.65,8035.29,2
2021-03-15,3.38,6969.23,7601.78,7305.92,3
2021-03-16,8.48,7108.61,8307.08,7717.45,4
2021-03-17,5.32,6901.69,8055.26,7491.35,3
2021-03-18,2.1,7519.05,7580.95,7580.95,2
2021-03-19,8.05,6870.19,8377.02,7631.68,3
2021-03-20,5.95,7337.82,8371.43,7867.23,4
2021-03-22,5.15,7018.45,8209.71,7627.18,3
2021-03-23,5.45,6971.56,8814.68,7897.25,2
2021-03-24,2.45,7426.53,9077.55,8261.22,2
2021-03-25,7.95,6791.82,8055.35,7426.42,3
2021-03-26,5.5,6936.36,8072.73,7509.09,3
2021-03-27,7.1,7330.99,9028.17,8183.1,3
2021-03-28,1.4,6400.0,6450.0,6450.0,1
2021-03-29,4.5,7055.56,8411.11,7744.44,3
2021-03-30,6.35,6876.38,8458.27,7670.87,3
2021-03-31,7.5,6860.0,8466.67,7666.67,3
2021-04-01,2.5,6740.0,8360.0,7560.0,2
2021-04-02,6.95,7369.06,9100.72,8237.41,3
2021-04-03,3.35,7049.25,8850.75,7955.22,2
2021-04-04,3.0,6600.0,8600.0,7600.0,1
2021-04-05,4.35,6900.0,8287.36,7597.7,3
2021-04-06,1.2,7487.5,7550.0,7550.0,2
2021-04-07,3.2,6946.88,8206.25,7581.25,3
2021-04-08,2.25,7055.56,8844.44,7955.56,2
2021-04-09,2.25,7144.44,8933.33,8044.44,2
2021-04-10,3.1,11209.68,11209.68,11209.68,2
2021-04-12,4.3,6979.07,8381.4,7683.72,3
2021-04-13,3.3,6881.82,8133.33,7527.27,3
2021-04-14,8.5,8848.24,9257.65,9220.0,3
2021-04-15,4.3,6816.28,8241.86,7544.19,3
2021-04-16,3.8,6647.37,8234.21,7444.74,3
2021-04-17,3.75,6785.33,7858.67,7325.33,4
2021-04-18,3.0,4366.67,5033.33,4700.0,2
2021-04-19,5.2,6294.23,7846.15,7076.92,3
2021-04-20,3.25,5915.38,7153.85,6538.46,3
2021-04-21,5.3,6832.08,8724.53,7781.13,2
2021-04-22,3.75,7466.67,9073.33,8273.33,3
2021-04-23,4.28,6243.93,7652.34,6951.4,3
2021-04-24,2.18,5777.06,6707.34,6248.62,3
2021-04-25,1.0,3300.0,3300.0,3300.0,1
2021-04-26,3.28,6958.54,8796.34,7881.71,2
2021-04-27,3.35,6043.28,7247.76,6650.75,3
2021-04-28,1.35,5218.52,5244.44,5244.44,2
2021-04-29,4.35,6171.26,7558.62,6868.97,3
2021-04-30,4.35,6198.85,7586.21,6896.55,3
2021-05-01,3.35,7049.25,8850.75,7955.22,2
2021-05-03,3.35,7049.25,8850.75,7955.22,2
2021-05-04,2.75,7970.91,9438.18,8710.91,3
2021-05-05,3.35,7080.6,8882.09,7986.57,2
2021-05-06,3.25,6953.85,8807.69,7884.62,2
2021-05-07,3.15,6809.52,8719.05,7766.67,2
2021-05-08,0.15,11000.0,11100.0,11100.0,1
2021-05-10,2.1,6809.52,8719.05,7766.67,2
2021-05-11,0.05,11000.0,11100.0,11100.0,1
2021-05-12,0.03,11000.0,11100.0,11100.0,1
2021-05-13,2.03,6665.02,8636.95,7651.72,2
2021-05-14,0.03,11000.0,11100.0,11100.0,1
2021-05-15,0.03,11000.0,11100.0,11100.0,1
2021-05-17,0.02,11000.0,11100.0,11100.0,1
2021-05-18,0.02,11000.0,11100.0,11100.0,1
2021-05-19,0.03,11000.0,11100.0,11100.0,1
2021-05-20,0.03,11100.0,11200.0,11200.0,1
2021-05-21,0.02,11100.0,11200.0,11200.0,1
2021-05-22,0.02,11100.0,11200.0,11200.0,1
2021-05-24,0.02,11200.0,11300.0,11300.0,1
2021-05-25,0.01,11200.0,11300.0,11300.0,1
2021-05-26,0.02,11200.0,11300.0,11300.0,1
2021-05-27,0.01,11300.0,11400.0,11400.0,1
2021-05-28,0.01,11300.0,11400.0,11400.0,1
2021-05-29,0.02,11300.0,11400.0,11400.0,1
2021-05-31,0.02,11300.0,11400.0,11400.0,1
2021-06-01,0.02,11300.0,11400.0,11400.0,1
2021-06-02,0.01,11500.0,11600.0,11600.0,1
2021-06-03,0.02,11400.0,11500.0,11500.0,1
2021-06-04,0.02,11400.0,11500.0,11500.0,1
2021-06-05,0.02,11400.0,11500.0,11500.0,1
2021-06-07,2.01,6623.38,8613.93,7618.91,2
2021-06-08,3.01,6615.61,8609.3,7612.62,2
2021-06-09,0.02,11300.0,11400.0,11400.0,1
2021-06-10,0.01,11200.0,11300.0,11300.0,1
2021-06-11,0.02,11300.0,11400.0,11400.0,1
2021-06-12,0.02,11300.0,11400.0,11400.0,1
2021-06-14,0.61,6685.25,8654.1,7670.49,2
2021-06-15,2.03,6678.33,8650.25,7665.02,2
2021-06-16,2.03,6678.33,8650.25,7665.02,2
2021-06-17,1.02,6705.88,8668.63,7688.24,2
2021-06-18,20.01,6602.65,8601.7,7602.2,2
2021-06-19,2.01,6626.37,8616.92,7621.89,2
2021-06-21,2.01,6626.37,8616.92,7621.89,2
2021-06-22,3.02,6635.76,8623.18,7629.8,2
2021-06-23,2.03,5891.63,7863.55,6878.33,2
2021-06-24,2.03,5891.63,6090.15,5991.63,2
2021-06-25,2.03,6679.8,8651.72,7666.5,2
2021-06-26,3.03,6653.47,8634.65,7644.55,2
2021-06-27,3.0,6600.0,8600.0,7600.0,1
2021-06-28,0.03,12200.0,12300.0,12300.0,1
2021-06-29,3.03,5863.37,7844.55,6854.46,2
2021-06-30,2.03,5799.01,7770.94,6785.71,2
2021-07-01,0.03,12500.0,12600.0,12600.0,1
2021-07-02,0.03,12500.0,12600.0,12600.0,1
2021-07-03,2.03,6687.19,8659.11,7673.89,2
2021-07-05,0.03,12600.0,12700.0,12700.0,1
2021-07-06,5.03,6635.79,8624.45,7630.42,2
2021-07-07,3.03,6659.41,8640.59,7650.5,2
2021-07-08,1.03,6777.67,8722.33,7751.46,2
2021-07-09,3.03,6660.4,8641.58,7651.49,2
2021-07-10,3.0,6700.0,8700.0,7700.0,1
2021-07-12,2.03,6691.63,8663.55,7678.33,2
2021-07-13,3.03,5966.34,7947.52,6957.43,2
2021-07-14,3.03,6659.41,8640.59,7650.5,2
2021-07-15,2.03,6688.67,6887.19,6788.67,2
2021-07-16,3.03,5768.32,5967.33,5868.32,2
2021-07-17,3.03,5669.31,7650.5,6660.4,2
2021-07-19,3.03,6659.41,8640.59,7650.5,2
2021-07-20,6.03,6630.35,8620.9,7625.87,2
2021-07-21,0.03,12700.0,12800.0,12800.0,1
2021-07-22,5.03,6636.38,8625.05,7631.01,2
2021-07-23,3.03,6660.4,8641.58,7651.49,2
2021-07-24,3.03,5867.33,7848.51,6858.42,2
2021-07-25,3.0,6600.0,8600.0,7600.0,1
2021-07-26,2.03,5901.97,7873.89,6888.67,2
2021-07-27,3.03,5868.32,7849.5,6859.41,2
2021-07-28,3.04,6682.89,8657.89,7671.05,2
2021-07-29,2.04,6919.61,9862.75,7901.96,2
2021-07-30,2.04,6727.45,8690.2,7709.8,2
2021-07-31,3.0,5700.0,5900.0,5800.0,1
2021-08-02,5.03,5942.94,7931.61,6937.57,2
2021-08-03,5.04,6850.0,8834.92,7842.86,2
2021-08-04,2.04,6919.61,8882.35,7901.96,2
2021-08-05,2.04,6723.53,8686.27,7705.88,2
2021-08-06,0.04,12900.0,13000.0,13000.0,1
2021-08-07,0.04,12900.0,13000.0,13000.0,1
2021-08-09,2.03,6888.67,8860.59,7875.37,2
2021-08-10,3.03,6958.42,8048.51,7949.5,2
2021-08-11,3.04,6875.0,8850.0,7863.16,2
2021-08-12,3.04,5990.79,7965.79,6978.95,2
2021-08-13,2.04,7017.65,8980.39,8000.0,2
2021-08-14,2.04,6727.45,8690.2,7709.8,2
2021-08-16,2.04,6041.18,8003.92,7023.53,2
2021-08-17,0.04,13100.0,13200.0,13200.0,1
2021-08-18,0.05,13100.0,13200.0,13200.0,1
2021-08-19,0.06,13100.0,13200.0,13200.0,1
2021-08-20,0.05,13100.0,13200.0,13200.0,1
2021-08-21,2.05,6953.66,8907.32,7931.71,2
2021-08-22,1.0,6600.0,8600.0,7600.0,1
2021-08-23,0.04,13000.0,13100.0,13100.0,1
2021-08-24,2.05,6756.1,8709.76,7734.15,2
2021-08-25,2.06,6789.32,8733.98,7763.11,2
2021-08-26,3.06,6727.45,8690.2,7709.8,2
2021-08-27,0.06,13100.0,13200.0,13200.0,1
2021-08-28,1.0,6600.0,8600.0,7600.0,1
2021-08-29,2.0,6600.0,8600.0,7600.0,1
2021-08-30,5.0,6800.0,8800.0,7800.0,1
2021-08-31,2.04,6923.53,8886.27,7905.88,2
2021-09-01,2.03,6696.06,8667.98,7682.76,2
2021-09-02,3.04,6685.53,8660.53,7673.68,2
2021-09-03,3.24,7013.58,8286.42,7669.14,3
2021-09-04,3.0,6600.0,8600.0,7600.0,1
2021-09-06,2.0,6600.0,8600.0,7600.0,1
2021-09-07,2.04,6727.45,8690.2,7709.8,2
2021-09-08,1.04,6850.0,8776.92,7815.38,2
2021-09-09,3.14,6708.28,8623.57,7666.56,3
2021-09-10,3.24,6730.86,8590.12,7661.11,3
2021-09-11,0.29,8200.0,8300.0,8256.9,2
2021-09-12,0.15,7400.0,7500.0,7450.0,1
2021-09-13,2.24,6798.21,8594.64,7697.32,3
2021-09-14,3.35,6779.1,8580.6,7680.6,3
2021-09-15,3.76,7032.45,8648.4,7841.22,3
2021-09-16,3.75,6856.0,8476.0,7666.67,3
2021-09-17,2.75,6949.09,8430.91,7690.91,3
2021-09-18,2.63,7032.7,8577.57,7805.7,3
2021-09-19,2.2,6681.82,8509.09,7595.45,2
2021-09-20,3.75,6858.67,8478.67,7669.33,3
2021-09-21,3.55,6822.54,8528.17,7676.06,3
2021-09-22,3.46,6821.97,8569.36,7696.53,3
2021-09-23,3.85,6896.1,8476.62,7687.01,3
2021-09-24,3.76,7852.13,9468.09,8660.9,3
2021-09-25,30.36,6623.32,8600.79,7612.15,3
2021-09-26,3.0,6800.0,8800.0,7800.0,1
2021-09-27,0.04,13400.0,13500.0,13500.0,1
2021-09-28,3.29,6363.53,8196.05,7280.4,3
2021-09-29,6.07,6757.83,8735.91,7747.28,3
2021-09-30,2.33,6987.98,8718.88,7854.08,3
2021-10-01,2.24,7076.79,8873.21,7975.89,3
2021-10-02,3.24,6929.63,8788.89,7859.88,3
2021-10-04,3.23,6909.91,8774.61,7842.72,3
2021-10-05,3.24,6738.27,8597.53,7668.52,3
2021-10-06,1.2,7170.83,7354.17,7264.58,3
2021-10-07,1.16,7096.55,8834.48,7967.24,3
2021-10-08,3.24,6738.27,8597.53,7668.52,3
2021-10-09,2.21,6979.19,7984.16,7889.82,3
2021-10-10,1.0,6600.0,8600.0,7600.0,1
2021-10-11,5.25,6891.43,8800.95,7846.67,3
2021-10-12,2.19,6971.69,8806.85,7890.18,3
2021-10-13,5.25,6986.67,8896.19,7941.9,3
2021-10-14,3.25,6744.62,8598.46,7672.31,3
2021-10-15,3.25,6935.38,8789.23,7863.08,3
2021-10-16,3.19,6908.46,8795.3,7852.51,3
2021-10-17,3.0,6600.0,8600.0,7600.0,1
2021-10-18,3.16,6900.0,8803.8,7852.53,3
2021-10-19,3.05,7886.89,8085.25,7986.89,2
2021-10-20,3.5,6782.86,8511.43,7647.86,3
2021-10-21,3.21,7871.03,9746.73,8809.81,3
2021-10-22,2.24,7930.36,9726.79,8829.46,3
2021-10-23,3.16,6894.94,8798.73,7847.47,3
2021-10-25,3.25,7660.0,9513.85,8587.69,3
2021-10-27,3.15,7674.6,9584.13,8630.16,3
2021-10-28,3.27,6967.58,8810.7,7890.21,3
2021-10-29,3.25,6935.38,8789.23,7863.08,3
2021-10-30,3.34,6921.56,8728.14,7825.45,3
2021-11-01,3.16,7853.16,9756.96,8805.7,3
2021-11-02,3.25,6744.62,8598.46,7672.31,3
2021-11-03,3.21,6949.53,8825.23,7888.32,3
2021-11-04,3.2,6735.94,8617.19,7677.34,3
2021-11-05,3.2,6928.12,8809.38,7869.53,3
2021-11-06,0.24,8366.67,8466.67,8425.0,2
2021-11-07,3.0,6600.0,8600.0,7600.0,1
2021-11-08,3.25,7029.23,8883.08,7956.92,3
2021-11-09,2.24,7058.93,8855.36,7958.04,3
2021-11-10,2.3,7850.43,9602.61,8727.39,3
2021-11-11,3.24,7658.02,9517.28,8588.27,3
2021-11-12,3.25,7860.0,9713.85,8787.69,3
2021-11-13,0.2,7400.0,7500.0,7450.0,1
2021-11-15,3.25,7860.0,9713.85,8787.69,3
2021-11-16,3.59,8149.58,9826.18,8988.44,4
2021-11-17,3.42,7837.13,9603.8,8721.2,3
2021-11-18,2.26,6851.33,8632.74,7743.36,3
2021-11-19,3.26,7602.45,9450.92,8527.61,3
2021-11-20,3.26,7878.53,8070.55,7975.46,3
2021-11-22,0.24,8400.0,8500.0,8458.33,2
2021-11-23,2.34,6989.74,8713.68,7852.56,3
2021-11-24,6.44,6878.26,8748.45,7813.66,3
2021-11-25,2.46,6917.07,8561.79,7740.65,3
2021-11-26,2.46,7079.67,8724.39,7903.25,3
2021-11-27,2.35,7034.04,8751.06,7893.62,3
2021-11-28,1.0,6600.0,8600.0,7600.0,1
2021-11-29,1.46,7134.25,8535.62,7836.99,3
2021-11-30,3.45,6979.71,8731.88,7856.52,3
2021-12-01,2.46,7082.11,8726.83,7905.69,3
2021-12-02,2.81,7089.68,8541.99,7816.9,3
2021-12-03,2.64,7086.36,8625.76,7856.82,3
2021-12-04,2.29,7881.22,9640.61,8761.79,3
2021-12-06,3.34,7852.69,8850.9,7948.2,3
2021-12-07,3.76,7856.91,9472.87,8665.69,3
2021-12-08,5.86,6310.92,8032.08,7172.01,3
2021-12-09,3.64,7026.37,8692.31,7859.89,3
2021-12-10,8.64,16594.44,17203.7,16968.75,4
2021-12-11,3.52,7856.82,9576.14,8717.05,3
2021-12-13,3.49,6998.57,8731.81,7865.76,3
2021-12-14,2.64,7022.73,8562.12,7793.18,3
2021-12-15,3.61,6958.73,8637.67,7798.75,3
2021-12-16,3.34,6931.14,8737.72,7835.03,3
2021-12-17,3.4,6937.65,8714.12,7826.47,3
2021-12-18,3.36,6807.14,6996.43,6902.68,3
2021-12-20,3.64,7061.54,8727.47,7895.05,3
2021-12-21,3.04,7093.42,8443.42,7769.08,3
2021-12-22,4.0,6975.0,8500.0,7737.5,2
2021-12-23,3.07,7915.64,9253.42,8585.67,3
2021-12-24,5.86,7012.29,8733.45,7873.38,3
2021-12-25,5.06,7678.26,9655.73,8667.59,2
2021-12-26,0.06,14200.0,14300.0,14300.0,1
2021-12-27,3.05,8791.8,8990.16,8891.8,2
2021-12-28,4.07,7200.98,8701.47,7952.09,3
2021-12-29,3.07,7331.6,8669.38,8001.63,3
2021-12-30,4.5,6366.67,7733.33,7050.0,2
2021-12-31,6.0,6833.33,8516.67,7675.0,2
2022-01-01,7.07,7059.12,8771.57,7915.84,3
2022-01-03,7.06,7048.73,8763.46,7906.52,3
2022-01-04,7.26,7365.56,9028.93,8197.66,4
2022-01-05,5.68,6900.0,8672.54,7786.97,3
2022-01-06,5.67,7064.37,8839.86,7952.73,3
2022-01-07,3.79,7259.89,8863.85,8063.06,3
2022-01-08,0.6,8300.0,8400.0,8350.0,1
2022-01-10,2.67,7316.48,8839.7,8079.4,3
2022-01-11,4.09,7311.74,8805.38,8059.66,3
2022-01-12,3.89,7266.07,8831.36,8049.87,3
2022-01-13,3.13,7407.35,8721.41,8066.45,3
2022-01-14,4.66,7479.4,8802.58,8142.7,3
2022-01-15,3.96,7197.98,8737.37,7969.7,3
2022-01-16,2.0,6800.0,8800.0,7800.0,1
2022-01-17,4.86,7072.84,8736.63,7906.38,3
2022-01-18,1.8,8077.78,9233.33,8661.11,3
2022-01-19,5.23,7593.12,8782.98,8190.25,3
2022-01-20,4.25,7523.53,8964.71,8247.06,3
2022-01-21,4.75,7573.68,8873.68,8226.32,3
2022-01-22,4.28,7460.75,8892.52,8179.91,3
2022-01-24,16.18,7002.1,8863.54,7933.68,3
2022-01-25,4.25,7388.24,8829.41,8111.76,3
2022-01-26,3.75,7720.0,8833.33,8280.0,3
2022-01-27,3.28,8324.39,9582.93,8957.93,3
2022-01-28,8.7,7118.39,8965.52,8043.68,3
2022-01-29,3.6,7016.67,8700.0,7858.33,2
2022-01-31,5.38,7143.87,9009.67,8080.3,2
2022-02-01,4.4,7640.91,9036.36,8343.18,3
2022-02-02,4.9,7810.2,9073.47,8445.92,3
2022-02-03,6.45,7524.81,9097.67,8314.73,3
2022-02-04,7.3,7445.21,9139.73,8295.89,3
2022-02-05,4.55,7531.87,9269.23,8587.91,3
2022-02-07,6.4,8209.38,9818.75,9018.75,3
2022-02-08,4.55,8030.77,9403.3,8724.18,3
2022-02-09,3.5,9254.29,9845.71,9560.0,3
2022-02-10,5.0,8000.0,8600.0,8300.0,1
2022-02-11,5.6,8416.07,9858.04,9143.75,3
2022-02-14,15.6,8534.62,8730.77,8634.62,2
2022-02-15,5.15,9186.41,9373.79,9286.41,3
2022-02-16,16.1,8773.29,8968.94,8873.29,3
2022-02-17,4.1,9765.85,9946.34,9865.85,3
2022-02-18,17.4,8908.62,9103.45,9008.62,3
2022-02-19,16.25,8887.69,9083.08,8987.69,3
2022-02-21,12.75,9017.65,9211.76,9117.65,2
2022-02-22,17.4,8975.86,9171.26,9075.86,3
2022-02-23,5.4,9766.67,9950.0,9866.67,3
2022-02-24,5.3,9752.83,9937.74,9852.83,3
2022-02-25,4.65,10125.81,10306.45,10226.13,3
2022-02-26,8.2,9492.68,9681.71,9592.68,3
2022-02-27,0.5,8500.0,8700.0,8600.0,1
2022-02-28,22.4,8996.43,9192.41,9096.43,3
2022-03-02,26.7,8747.19,8944.19,8847.19,3
2022-03-03,17.4,8868.97,9062.07,8968.97,3
2022-03-04,16.9,8295.27,8482.84,8395.27,3
2022-03-05,20.7,8300.0,8403.38,8400.0,2
2022-03-07,25.2,8244.44,8369.05,8344.44,3
2022-03-08,27.0,8248.15,8374.07,8348.15,3
2022-03-09,33.7,8243.62,8387.24,8343.62,3
2022-03-10,22.2,8236.49,8353.15,8336.49,3
2022-03-11,34.0,8332.35,8476.47,8432.35,2
2022-03-12,6.7,8589.55,8789.55,8689.55,2
2022-03-14,22.7,8344.49,8453.3,8442.95,3
2022-03-15,26.3,8359.32,8479.47,8459.32,3
2022-03-16,22.4,8357.14,8472.32,8457.14,3
2022-03-17,23.75,8390.53,8514.74,8490.53,3
2022-03-18,20.8,8355.77,8469.23,8455.77,3
2022-03-19,34.7,8494.81,8644.38,8594.81,3
2022-03-21,23.0,8465.22,8586.96,8565.22,2
2022-03-22,21.2,8463.21,8580.66,8563.21,3
2022-03-23,20.7,8435.75,8548.79,8535.75,3
2022-03-24,21.0,8461.9,8578.57,8561.9,3
2022-03-25,20.6,8465.53,8583.01,8565.53,3
2022-03-26,24.2,8483.06,8610.74,8583.06,3
2022-03-27,0.6,8600.0,8800.0,8700.0,1
2022-03-28,2.2,8690.91,8890.91,8790.91,2
2022-03-29,2.0,8700.0,8900.0,8800.0,1
2022-03-30,23.0,8465.22,8586.96,8565.22,2
2022-03-31,22.5,8466.67,8588.89,8566.67,2
2022-04-01,16.1,9452.8,9639.75,9551.24,3
2022-04-02,3.45,8613.04,8800.0,8706.52,2
2022-04-03,1.7,15400.0,15500.0,15500.0,1
2022-04-04,5.6,10667.86,10821.43,10758.93,3
2022-04-05,17.4,9417.24,9603.45,9514.37,3
2022-04-06,5.4,10511.11,10666.67,10601.85,3
2022-04-07,5.5,10654.55,10809.09,10745.45,3
2022-04-08,5.6,9332.14,9485.71,9423.21,3
2022-04-09,7.6,10363.16,10528.95,10456.58,3
2022-04-10,6.0,8900.0,9100.0,9000.0,1
2022-04-11,22.6,9388.5,9576.99,9486.28,3
2022-04-12,10.7,10071.03,10245.79,10166.36,3
2022-04-13,6.6,10548.48,10693.94,10633.33,3
2022-04-14,2.6,13084.62,13184.62,13165.38,2
2022-04-15,3.0,8800.0,9000.0,8900.0,1
2022-04-16,7.9,10129.11,10305.06,10226.58,3
2022-04-17,1.5,15800.0,15900.0,15900.0,1
2022-04-18,7.0,10228.57,10400.0,10324.29,3
2022-04-19,5.0,11060.0,11220.0,11155.0,3
2022-04-20,8.3,10393.98,10566.27,10489.76,3
2022-04-21,8.25,10551.52,10724.24,10648.48,3
2022-04-22,8.3,10496.39,10668.67,10593.37,3
2022-04-23,7.75,10570.97,10735.48,10664.52,3
2022-04-25,17.6,9727.27,9912.5,9824.43,3
2022-04-26,5.1,11066.67,11225.49,11159.8,3
2022-04-27,5.3,11124.53,11337.74,11273.58,3
2022-04-28,3.5,12114.29,12214.29,12185.71,2
2022-04-29,2.5,13280.0,13380.0,13360.0,2
2022-04-30,1.0,9200.0,9300.0,9250.0,1
2022-05-02,2.9,12482.76,12582.76,12556.9,2
2022-05-03,6.4,10687.5,10865.62,10787.5,2
2022-05-04,7.2,10566.67,10736.11,10661.81,3
2022-05-05,7.25,10558.62,10727.59,10653.45,3
2022-05-06,6.85,10385.4,10558.39,10481.02,3
2022-05-09,14.0,9500.0,9700.0,9600.0,1
2022-05-10,7.0,10762.86,10934.29,10857.86,3
2022-05-11,7.55,10717.88,10897.35,10815.89,3
2022-05-12,6.48,10773.46,10950.62,10871.3,3
2022-05-13,7.5,10790.67,10970.67,10889.33,3
2022-05-14,1.6,15168.75,15268.75,15259.38,2
2022-05-15,3.0,9500.0,9700.0,9600.0,1
2022-05-16,1.45,14834.48,14934.48,14922.41,2
2022-05-17,21.4,9954.67,10148.13,10053.97,3
2022-05-18,4.6,11556.52,11721.74,11653.26,3
2022-05-19,16.65,10197.3,10387.39,10295.95,3
2022-05-20,19.55,9915.35,10107.42,10014.19,3
2022-05-21,1.4,14264.29,14364.29,14346.43,2
2022-05-22,5.0,9600.0,9800.0,9700.0,1
2022-05-23,1.2,14433.33,14533.33,14516.67,2
2022-05-24,6.3,10734.92,10971.43,10860.32,3
2022-05-25,1.5,14200.0,14600.0,14433.33,2
2022-05-26,1.65,14672.73,15018.18,14881.82,2
2022-05-27,1.8,14705.56,15055.56,14916.67,2
2022-05-28,2.25,13833.33,13933.33,13911.11,2
2022-05-30,22.25,10207.87,10397.75,10305.62,3
2022-05-31,7.8,11064.1,11287.18,11184.62,3
2022-06-01,5.65,11601.77,11812.39,11719.47,3
2022-06-02,3.6,12458.33,12688.89,12591.67,3
2022-06-03,1.6,16012.5,16112.5,16103.12,2
2022-06-04,1.65,15830.3,15930.3,15919.7,2
2022-06-06,1.65,15363.64,15681.82,15560.61,2
2022-06-07,1.6,14250.0,14687.5,14500.0,2
2022-06-08,1.85,14864.86,14964.86,14947.3,2
2022-06-09,1.9,15200.0,15300.0,15284.21,2
2022-06-10,1.9,15200.0,15300.0,15284.21,2
2022-06-11,0.6,10000.0,10100.0,10050.0,1
2022-06-13,2.0,14940.0,15040.0,15022.5,2
2022-06-14,1.9,15710.53,16000.0,15894.74,2
2022-06-15,1.9,14884.21,15268.42,15110.53,2
2022-06-16,1.25,17400.0,17500.0,17500.0,1
2022-06-17,1.75,15000.0,15357.14,15214.29,2
2022-06-18,1.7,14435.29,14852.94,14676.47,2
2022-06-20,1.55,14961.29,15322.58,15177.42,2
2022-06-21,1.67,15694.61,15994.01,15883.23,2
2022-06-22,1.65,15775.76,16066.67,15960.61,2
2022-06-23,1.8,15533.33,15833.33,15722.22,2
2022-06-24,1.65,15363.64,15681.82,15560.61,2
2022-06-25,1.5,15233.33,15573.33,15440.0,2
2022-06-27,1.5,15233.33,15573.33,15440.0,2
2022-06-28,1.4,15000.0,15357.14,15214.29,2
2022-06-29,1.4,15814.29,15935.71,15914.29,2
2022-06-30,1.3,15692.31,15815.38,15792.31,2
2022-07-01,0.4,10000.0,10200.0,10100.0,1
2022-07-04,1.42,16098.59,16338.03,16260.56,2
2022-07-05,1.25,15640.0,15920.0,15820.0,2
2022-07-06,1.4,16200.0,16428.57,16357.14,2
2022-07-07,1.42,16098.59,16338.03,16260.56,2
2022-07-08,5.34,11554.31,11769.66,11672.28,3
2022-07-09,1.35,15844.44,16111.11,16018.52,2
2022-07-11,1.1,15545.45,15809.09,15718.18,2
2022-07-12,1.23,15422.76,15691.06,15597.56,2
2022-07-13,0.25,9700.0,9800.0,9750.0,1
2022-07-14,1.13,15593.81,15693.81,15683.63,2
2022-07-15,4.98,10805.22,10985.54,10902.91,3
2022-07-16,0.85,14723.53,14823.53,14808.82,2
2022-07-18,1.14,15342.11,15442.11,15431.58,2
2022-07-19,6.95,10557.55,10743.88,10656.12,3
2022-07-20,3.99,11360.9,11536.09,11457.89,3
2022-07-21,6.17,10766.29,10947.33,10864.1,3
2022-07-22,6.3,11177.78,11357.14,11275.4,3
2022-07-23,31.3,9933.55,10129.39,10033.07,3
2022-07-25,4.25,11400.0,11570.59,11497.06,3
2022-07-26,61.3,9719.74,9917.62,9819.49,3
2022-07-27,1.5,15816.67,15916.67,15908.33,2
2022-07-28,3.3,9581.82,9772.73,9677.27,2
2022-07-29,6.23,9592.62,9788.92,9690.77,2
2022-07-30,1.2,15950.0,16050.0,16041.67,2
2022-08-01,6.3,11150.79,11330.16,11249.21,3
2022-08-02,1.43,15909.79,16009.79,16001.75,2
2022-08-03,1.55,15990.32,16090.32,16082.26,2
2022-08-04,1.4,15592.86,15692.86,15682.14,2
2022-08-05,4.14,11620.29,11792.75,11717.39,3
2022-08-06,7.03,10893.31,11078.66,10991.68,3
2022-08-08,4.1,11192.68,11365.85,11290.24,3
2022-08-09,1.3,15461.54,15561.54,15550.0,2
2022-08-10,1.2,15916.67,16016.67,16008.33,2
2022-08-11,1.4,15657.14,15757.14,15746.43,2
2022-08-12,1.45,16068.97,16293.1,16224.14,2
2022-08-13,0.3,9000.0,10000.0,9500.0,1
2022-08-15,1.7,15670.59,15929.41,15841.18,2
2022-08-16,1.6,16087.5,16300.0,16237.5,2
2022-08-17,1.66,15831.33,16072.29,15993.98,2
2022-08-18,7.6,11360.53,11563.16,11471.05,3
2022-08-19,6.5,11442.31,11653.85,11557.69,3
2022-08-20,4.5,11997.78,12204.44,12115.56,3
2022-08-22,1.5,15720.0,16000.0,15900.0,2
2022-08-23,3.35,12202.99,12429.85,12332.84,3
2022-08-24,6.3,11222.22,11444.44,11341.27,3
2022-08-25,6.4,11320.31,11540.62,11439.06,3
2022-08-26,6.5,11415.38,11633.85,11533.85,3
2022-08-27,6.45,11434.11,11646.51,11549.61,3
2022-08-29,4.5,11884.44,12091.11,12002.22,3
2022-08-30,31.65,10039.49,10241.39,10142.65,3
2022-08-31,1.5,16626.67,16846.67,16780.0,2
2022-09-01,4.3,12079.07,12248.84,12179.07,2
2022-09-02,1.3,17800.0,17900.0,17900.0,1
2022-09-03,3.4,13270.59,13429.41,13370.59,2
2022-09-04,1.8,16066.67,16166.67,16155.56,2
2022-09-05,4.9,12387.76,12548.98,12483.67,3
2022-09-06,1.65,16145.45,16245.45,16234.85,2
2022-09-07,1.8,15661.11,15761.11,15747.22,2
2022-09-08,1.3,17800.0,17900.0,17900.0,1
2022-09-09,7.5,10848.0,11108.0,11026.0,3
2022-09-10,4.5,11820.0,11986.67,11916.67,3
2022-09-12,7.52,11009.57,11189.36,11107.45,3
2022-09-13,1.7,15988.24,16088.24,16076.47,2
2022-09-14,1.7,16441.18,16541.18,16532.35,2
2022-09-15,1.9,16178.95,16278.95,16268.42,2
2022-09-16,2.0,16340.0,16440.0,16430.0,2
2022-09-17,1.7,16523.53,16623.53,16614.71,2
2022-09-19,1.6,16475.0,16575.0,16565.62,2
2022-09-20,1.7,16782.35,16882.35,16875.0,2
2022-09-21,0.2,10300.0,10400.0,10350.0,1
2022-09-22,1.49,16930.87,17030.87,17024.5,2
2022-09-23,1.6,16475.0,16575.0,16565.62,2
2022-09-24,3.4,12864.71,13023.53,12961.76,3
2022-09-25,3.0,10100.0,10300.0,10200.0,1
2022-09-26,6.35,11500.0,11678.74,11598.82,3
2022-09-27,4.5,12362.22,12528.89,12460.0,3
2022-09-28,2.63,14322.81,14460.84,14418.44,3
2022-09-29,4.55,12396.7,12562.64,12493.96,3
2022-09-30,4.5,12486.67,12653.33,12584.44,3
2022-10-01,1.71,17229.82,17329.82,17323.68,2
2022-10-03,1.8,16883.33,16983.33,16975.0,2
2022-10-04,5.56,12003.24,12175.18,12100.9,3
2022-10-05,8.1,11123.46,11303.7,11221.6,4
2022-10-06,1.6,16718.75,16818.75,16809.38,2
2022-10-07,4.6,12604.35,12769.57,12702.17,3
2022-10-08,3.7,13272.97,13427.03,13368.92,3
2022-10-10,21.6,10633.33,10825.93,10732.87,3
2022-10-11,4.5,12326.67,12493.33,12423.33,3
2022-10-12,4.31,12228.07,12397.68,12325.64,3
2022-10-13,6.55,11693.13,11869.47,11790.84,3
2022-10-14,113.27,18160.86,18263.51,18260.74,3
2022-10-15,1.3,10069.23,10246.15,10157.69,2
2022-10-16,6.0,10300.0,10500.0,10400.0,1
2022-10-17,6.4,11614.06,11792.19,11711.72,3
2022-10-18,4.4,12645.45,12813.64,12743.18,3
2022-10-19,0.4,10300.0,10400.0,10350.0,1
2022-10-20,5.35,10206.54,10400.0,10303.27,2
2022-10-21,3.3,10118.18,10309.09,10213.64,2
2022-10-22,4.45,12349.44,12516.85,12446.63,3
2022-10-24,6.3,11892.06,12071.43,11992.06,2
2022-10-25,3.5,13251.43,13408.57,13348.57,3
2022-10-26,4.5,12393.33,12560.0,12490.0,3
2022-10-27,3.63,13127.82,13282.92,13223.97,3
2022-10-28,4.48,12268.75,12435.71,12365.62,3
2022-10-29,6.55,11672.52,11848.85,11770.61,3
2022-10-31,4.67,12394.22,12558.46,12491.33,3
2022-11-01,4.48,12134.82,12301.79,12231.7,3
2022-11-02,6.58,11567.48,11743.47,11665.35,3
2022-11-03,3.52,12565.62,12722.44,12661.79,3
2022-11-04,6.37,11282.73,11461.22,11380.61,3
2022-11-05,3.32,12567.47,12727.71,12664.16,3
2022-11-07,4.58,6001.31,6048.91,6039.3,3
2022-11-08,6.37,10813.03,10913.03,10910.91,3
2022-11-09,1.52,15374.34,15474.34,15465.46,2
2022-11-10,4.38,11389.5,11557.99,11486.3,3
2022-11-11,3.47,12063.11,12220.75,12159.22,3
2022-11-12,7.45,10344.3,10524.83,10442.62,3
2022-11-14,6.56,11010.98,11187.2,11108.99,3
2022-11-15,3.68,12254.35,12408.7,12350.54,3
2022-11-16,4.53,11432.89,11665.34,11596.03,3
2022-11-17,4.28,11195.33,11365.42,11292.06,3
2022-11-18,4.47,11512.08,11679.19,11609.06,3
2022-11-19,6.46,10768.11,10945.51,10866.1,3
2022-11-21,4.58,11682.75,11848.25,11780.24,3
2022-11-22,4.56,11561.18,11726.97,11658.88,3
2022-11-23,3.41,11968.91,12127.57,12065.84,3
2022-11-24,3.53,12201.7,12358.36,12298.44,3
2022-11-25,1.3,15576.92,15676.92,15669.23,2
2022-11-26,4.43,11377.43,11545.15,11474.83,3
2022-11-28,6.22,10573.63,10754.02,10671.86,3
2022-11-29,3.33,11871.47,12031.53,11968.02,3
2022-11-30,2.2,9309.09,9500.0,9404.55,2
2022-12-01,3.47,12134.87,12292.51,12232.42,3
2022-12-02,4.37,11416.25,11588.79,11516.25,3
2022-12-03,4.45,11296.63,11464.04,11394.94,3
2022-12-05,3.0,11833.33,12000.0,11933.33,2
2022-12-06,3.9,10930.77,11107.69,11030.77,2
2022-12-07,6.8,10258.82,10447.06,10358.82,2
2022-12-08,3.75,10880.0,11060.0,10980.0,2
2022-12-09,6.75,10177.78,10366.67,10277.78,2
2022-12-10,0.75,16400.0,16500.0,16500.0,1
2022-12-12,2.65,11371.7,11547.17,11471.7,2
2022-12-13,3.7,10629.73,10810.81,10729.73,2
2022-12-14,2.75,11100.0,11272.73,11200.0,2
2022-12-15,5.75,10073.91,10260.87,10173.91,2
2022-12-16,3.7,10548.65,10729.73,10648.65,2
2022-12-17,6.65,10035.34,10225.56,10135.34,2
2022-12-19,3.65,10475.34,10657.53,10575.34,2
2022-12-20,3.7,10467.57,10648.65,10567.57,2
2022-12-21,3.65,10393.15,10575.34,10493.15,2
2022-12-22,3.75,10620.0,10800.0,10720.0,2
2022-12-23,2.9,11348.28,11517.24,11448.28,2
2022-12-24,3.75,10540.0,10720.0,10640.0,2
2022-12-26,2.75,11027.27,11200.0,11127.27,2
2022-12-27,2.6,11053.85,11230.77,11153.85,2
2022-12-28,2.6,11361.54,11538.46,11461.54,2
2022-12-29,3.75,10860.0,11040.0,10960.0,2
2022-12-30,3.75,11020.0,11200.0,11120.0,2
2022-12-31,5.0,9600.0,9800.0,9700.0,1
2023-01-02,5.8,10296.55,10482.76,10396.55,2
2023-01-03,3.8,10847.37,11026.32,10947.37,2
2023-01-04,2.8,11385.71,11485.71,11450.0,2
2023-01-05,1.0,9600.0,9800.0,9700.0,1
2023-01-06,2.0,9200.0,9400.0,9300.0,1
2023-01-07,5.75,9986.96,10173.91,10086.96,2
2023-01-08,0.7,15700.0,15800.0,15800.0,1
2023-01-09,0.85,15900.0,16000.0,16000.0,1
2023-01-10,3.75,10540.0,10720.0,10640.0,2
2023-01-11,3.9,10823.08,11000.0,10923.08,2
2023-01-12,14.3,9417.48,9685.31,9517.48,3
2023-01-13,11.8,9374.58,9661.02,9474.58,2
2023-01-14,1.8,12288.89,12444.44,12388.89,2
2023-01-16,16.1,9609.32,9802.48,9709.32,3
2023-01-17,14.2,9895.77,10016.9,9995.77,3
2023-01-18,14.3,9951.05,10072.03,10051.05,3
2023-01-19,9.4,10344.68,10476.6,10444.68,3
2023-01-20,14.1,10125.53,10268.09,10225.53,3
2023-01-21,4.75,11968.42,12131.58,12068.42,2
2023-01-22,1.9,16200.0,16300.0,16300.0,1
2023-01-23,5.9,11555.93,11689.83,11655.93,3
2023-01-24,13.5,10348.15,10492.59,10427.78,3
2023-01-25,11.0,10590.91,10745.45,10690.91,3
2023-01-26,1.9,16200.0,16300.0,16300.0,1
2023-01-27,1.9,16200.0,16300.0,16300.0,1
2023-01-28,11.1,10759.46,10913.51,10859.46,3
2023-01-29,2.1,16300.0,16400.0,16400.0,1
2023-01-30,8.25,11681.82,11854.55,11781.82,2
2023-01-31,5.4,12755.56,12855.56,12855.56,2
2023-02-01,11.5,11152.17,11330.43,11252.17,3
2023-02-02,7.6,12200.0,12365.79,12300.0,2
2023-02-03,5.5,13236.36,13390.91,13336.36,2
2023-02-04,8.5,11811.76,11982.35,11911.76,2
2023-02-06,7.5,12273.33,12413.33,12373.33,3
2023-02-07,5.75,13630.43,13782.61,13730.43,2
2023-02-08,5.6,13628.57,13782.14,13728.57,2
2023-02-09,8.6,12397.67,12567.44,12497.67,2
2023-02-10,8.3,12206.02,12378.31,12306.02,2
2023-02-11,2.5,17900.0,18000.0,18000.0,1
2023-02-13,2.6,17800.0,17900.0,17900.0,1
2023-02-14,7.75,13132.26,13296.77,13232.26,2
2023-02-15,3.5,18200.0,18300.0,18300.0,1
2023-02-16,8.75,13671.43,13828.57,13771.43,2
2023-02-17,12.0,12745.83,12895.83,12845.83,3
2023-02-19,6.0,10800.0,11000.0,10900.0,1
2023-02-20,8.5,13976.47,14111.76,14076.47,3
2023-02-21,6.25,15004.0,15152.0,15104.0,2
2023-02-22,17.75,12625.35,12804.23,12725.35,3
2023-02-23,5.0,16810.0,16940.0,16910.0,2
2023-02-24,9.6,14075.0,14300.0,14237.5,2
2023-02-25,9.75,14730.77,16000.0,15384.62,2
2023-02-27,3.75,19900.0,20000.0,20000.0,1
2023-02-28,8.75,11728.57,11885.71,11828.57,2
2023-03-01,10.8,14488.89,14644.44,14588.89,3
2023-03-02,6.4,12037.5,12278.12,12184.38,3
2023-03-03,8.5,16076.47,16211.76,16176.47,3
2023-03-04,12.45,14950.2,15098.39,15050.2,3
2023-03-06,4.5,20200.0,20300.0,20300.0,1
2023-03-07,11.0,15509.09,15663.64,15609.09,2
2023-03-08,11.75,15161.7,15312.77,15261.7,3
2023-03-09,8.0,16912.5,17050.0,17012.5,2
2023-03-10,11.25,15566.67,15720.0,15666.67,2
2023-03-11,6.0,11500.0,11700.0,11600.0,1
2023-03-13,11.4,15478.95,15631.58,15578.95,2
2023-03-14,6.5,11730.77,18615.38,18600.0,2
2023-03-15,9.0,16133.33,16266.67,16233.33,3
2023-03-16,6.75,17688.89,17811.11,17788.89,2
2023-03-17,12.25,14918.37,15059.18,15018.37,3
2023-03-18,10.5,14542.86,14700.0,14642.86,2
2023-03-20,7.25,15834.48,15975.86,15934.48,2
2023-03-21,10.5,14371.43,14528.57,14471.43,2
2023-03-22,12.0,13900.0,14050.0,14000.0,3
2023-03-23,9.0,15477.78,15622.22,15577.78,3
2023-03-24,11.75,14172.34,14331.91,14272.34,3
2023-03-25,11.0,14572.73,14727.27,14672.73,2
2023-03-27,10.75,14958.14,15113.95,15058.14,2
2023-03-28,12.5,14508.0,14656.0,14608.0,3
2023-03-29,6.0,11400.0,11600.0,11500.0,1
2023-03-30,7.75,16009.68,16148.39,16109.68,2
2023-03-31,12.75,14468.63,14631.37,14568.63,2
2023-04-01,7.5,16120.0,16260.0,16220.0,2
2023-04-02,6.0,11500.0,11700.0,11600.0,1
2023-04-03,4.5,19400.0,19500.0,19500.0,1
2023-04-04,11.25,15320.0,15473.33,15420.0,2
2023-04-05,11.5,15360.87,15513.04,15460.87,2
2023-04-06,5.5,19900.0,20000.0,20000.0,1
2023-04-08,11.0,15545.45,15700.0,15645.45,2
2023-04-10,6.05,11276.03,14053.72,11376.03,2
2023-04-11,11.0,15545.45,15700.0,15645.45,2
2023-04-12,9.25,16897.3,17440.54,17191.89,3
2023-04-13,7.5,16440.0,16580.0,16540.0,2
2023-04-14,4.5,20400.0,20500.0,20500.0,1
2023-04-15,4.5,20400.0,20500.0,20500.0,1
2023-04-17,10.5,15314.29,15471.43,15414.29,2
2023-04-18,10.25,14978.05,15136.59,15078.05,2
2023-04-19,12.5,15288.0,15436.0,15388.0,3
2023-04-20,4.5,21800.0,22800.0,22800.0,1
2023-04-21,9.5,16905.26,17057.89,17005.26,2
2023-04-22,7.5,18040.0,18180.0,18140.0,2
2023-04-23,4.75,21900.0,22000.0,22000.0,1
2023-04-24,8.75,17602.86,17748.57,17702.86,2
2023-04-25,8.0,18287.5,18425.0,18387.5,2
2023-04-26,5.0,12000.0,12200.0,12100.0,1
2023-04-27,11.0,16518.18,16672.73,16618.18,2
2023-04-28,11.25,16686.67,16840.0,16786.67,2
2023-04-29,8.0,18562.5,18700.0,18662.5,2
2023-05-01,2.0,11400.0,11600.0,11500.0,1
2023-05-02,8.0,18375.0,18512.5,18475.0,2
2023-05-03,11.0,16463.64,16618.18,16563.64,2
2023-05-04,7.75,18203.23,18341.94,18303.23,2
2023-05-05,10.0,16950.0,17100.0,17050.0,2
2023-05-06,5.25,22500.0,22600.0,22600.0,1
2023-05-08,11.25,16633.33,16786.67,16733.33,2
2023-05-09,7.0,19257.14,19385.71,19357.14,2
2023-05-10,11.0,16509.09,16663.64,16609.09,2
2023-05-11,11.4,16610.53,16763.16,16710.53,2
2023-05-12,6.0,11500.0,11700.0,11600.0,1
2023-05-14,4.8,22400.0,22500.0,22500.0,1
2023-05-15,10.8,16344.44,16500.0,16444.44,2
2023-05-16,7.5,18100.0,18240.0,18200.0,2
2023-05-17,7.0,17671.43,17814.29,17771.43,2
2023-05-18,9.75,15669.23,15830.77,15769.23,2
2023-05-19,6.5,17830.77,17976.92,17930.77,2
2023-05-20,6.75,18055.56,18200.0,18155.56,2
2023-05-22,12.0,17840.0,18221.67,18180.0,3
2023-05-23,9.5,16184.21,16347.37,16284.21,2
2023-05-24,13.7,17886.86,18124.09,18080.29,3
2023-05-25,10.25,17021.95,17139.02,17080.49,2
2023-05-26,13.1,13061.07,13419.85,13255.73,3
2023-05-27,9.25,17278.38,17432.43,17378.38,2
2023-05-29,11.0,18309.09,18472.73,18409.09,3
2023-05-30,10.25,16987.8,17146.34,17087.8,2
2023-05-31,13.0,18392.31,18538.46,18469.23,3
2023-06-01,12.0,18837.5,19000.0,18937.5,3
2023-06-02,11.25,18644.44,19146.67,19084.44,3
2023-06-03,8.0,19275.0,19425.0,19375.0,3
2023-06-05,8.5,19447.06,19582.35,19547.06,3
2023-06-06,9.0,18488.89,18633.33,18588.89,3
2023-06-07,12.75,18400.0,18547.06,18500.0,3
2023-06-08,8.0,19418.75,19556.25,19518.75,3
2023-06-09,13.05,19718.39,19831.42,19789.27,4
2023-06-10,5.9,22152.54,22833.9,22169.49,2
2023-06-12,12.15,20985.6,21517.7,21246.91,4
2023-06-13,15.2,19556.58,20018.42,19814.47,4
2023-06-14,10.25,18409.76,18578.05,18509.76,3
2023-06-15,10.0,17210.0,17380.0,17310.0,3
2023-06-16,8.25,17269.7,17418.18,17369.7,3
2023-06-17,10.85,18658.99,19076.04,18933.18,3
2023-06-19,5.75,20460.87,20578.26,20560.87,3
2023-06-20,11.1,18801.8,19202.7,19072.07,4
2023-06-21,9.75,17600.0,17751.28,17700.0,3
2023-06-22,12.2,19357.38,19741.8,19646.72,4
2023-06-23,7.0,19457.14,19600.0,19557.14,2
2023-06-24,10.3,16999.03,17165.05,17099.03,3
2023-06-26,11.0,17609.09,17772.73,17709.09,3
2023-06-27,10.5,18228.57,18385.71,18328.57,2
2023-06-28,9.5,18768.42,18921.05,18868.42,2
2023-06-29,3.0,13800.0,14000.0,13900.0,1
2023-06-30,10.0,18000.0,18160.0,18100.0,2
2023-07-01,10.6,19514.15,19874.53,19693.4,4
2023-07-03,12.45,19387.55,19707.63,19461.85,3
2023-07-04,13.4,20029.85,20513.43,20294.03,4
2023-07-05,15.8,20408.86,20953.16,20801.27,4
2023-07-06,8.75,20314.29,20614.29,20482.86,4
2023-07-07,4.5,13700.0,13888.89,13800.0,2
2023-07-08,4.5,23000.0,23100.0,23100.0,1
2023-07-09,4.5,23000.0,23100.0,23100.0,1
2023-07-10,9.0,17677.78,17833.33,17777.78,2
2023-07-11,11.25,17122.22,17293.33,17231.11,3
2023-07-12,9.5,18063.16,18205.26,18163.16,3
2023-07-13,9.0,17733.33,17833.33,17833.33,2
2023-07-14,6.0,19800.0,19933.33,19900.0,2
2023-07-15,8.5,17429.41,17588.24,17529.41,2
2023-07-17,10.55,19080.57,19343.6,19305.69,3
2023-07-18,10.65,19572.77,19678.4,19640.85,3
2023-07-19,8.65,21716.76,21777.46,21765.9,3
2023-07-20,9.2,16445.65,16565.22,16510.87,3
2023-07-21,9.75,16620.51,16782.05,16720.51,3
2023-07-22,5.75,19591.3,19726.09,19691.3,2
2023-07-24,8.5,17617.65,17776.47,17717.65,2
2023-07-25,9.6,17187.5,17350.0,17287.5,2
2023-07-26,8.25,17578.79,17739.39,17678.79,2
2023-07-27,5.0,19560.0,19700.0,19660.0,2
2023-07-29,5.75,18782.61,18934.78,18882.61,2
2023-07-31,8.0,17787.5,17950.0,17887.5,2
2023-08-01,9.25,22302.7,23386.49,23035.14,2
2023-08-02,3.0,24200.0,24300.0,24300.0,1
2023-08-03,10.45,19377.99,20098.09,19906.7,3
2023-08-04,3.0,24200.0,24300.0,24300.0,1
2023-08-05,5.0,14000.0,14200.0,14100.0,1
2023-08-08,5.25,20176.19,20314.29,20276.19,2
2023-08-09,3.5,23900.0,24000.0,24000.0,1
2023-08-10,3.75,24100.0,24200.0,24200.0,1
2023-08-11,6.5,19338.46,19484.62,19438.46,2
2023-08-12,3.75,24000.0,24100.0,24100.0,1
2023-08-13,3.0,13700.0,13900.0,13800.0,1
2023-08-14,10.75,17395.35,17560.47,17495.35,3
2023-08-15,7.05,20680.85,21048.94,20946.81,3
2023-08-16,7.0,18928.57,19121.43,19071.43,3
2023-08-17,13.75,16785.45,16958.18,16885.45,3
2023-08-18,14.0,18775.0,19403.57,19200.0,4
2023-08-19,5.25,19590.48,19766.67,19728.57,2
2023-08-20,5.0,13100.0,13300.0,13200.0,1
2023-08-21,8.5,17400.0,17582.35,17500.0,3
2023-08-22,4.35,21896.55,22120.69,22051.72,2
2023-08-23,5.5,19836.36,19972.73,19936.36,2
2023-08-24,10.0,16520.0,16690.0,16620.0,3
2023-08-25,17.95,18615.6,19256.55,19061.56,4
2023-08-26,8.6,17697.67,17860.47,17797.67,3
2023-08-27,4.0,22087.5,22200.0,22187.5,2
2023-08-28,3.9,22323.08,22433.33,22423.08,2
2023-08-30,3.5,23400.0,23500.0,23500.0,1
2023-08-31,4.4,21252.27,21372.73,21352.27,2
2023-09-01,10.2,16294.12,16676.47,16500.0,3
2023-09-02,9.4,16808.51,17143.62,16994.68,3
2023-09-04,9.75,16969.23,17151.28,17079.49,3
2023-09-05,10.7,16710.28,16957.94,16869.16,3
2023-09-06,4.0,23400.0,23500.0,23500.0,1
2023-09-07,8.8,16667.05,16827.27,16767.05,3
2023-09-08,5.6,18139.29,18328.57,18250.0,3
2023-09-11,5.8,17191.38,17348.28,17291.38,3
2023-09-12,9.3,15525.81,15700.0,15625.81,3
2023-09-13,7.9,15784.81,16016.46,15915.19,3
2023-09-14,8.25,16190.91,16363.64,16290.91,2
2023-09-15,12.7,14716.54,14911.81,14822.05,3
2023-09-16,2.55,19825.49,19925.49,19925.49,2
2023-09-17,0.65,13000.0,13300.0,13200.0,1
2023-09-18,2.25,19833.33,19966.67,19966.67,2
2023-09-19,16.25,14284.62,14470.77,14384.62,3
2023-09-20,7.4,15470.27,15648.65,15570.27,3
2023-09-21,4.25,16894.12,17041.18,16994.12,3
2023-09-22,6.7,13173.13,13362.69,13273.13,2
2023-09-23,1.6,23600.0,23700.0,23700.0,1
2023-09-24,1.6,23600.0,23700.0,23700.0,1
2023-09-25,3.75,18053.33,18206.67,18153.33,2
2023-09-26,8.4,15364.29,15542.86,15471.43,3
2023-09-27,5.45,15987.16,16142.2,16087.16,3
2023-09-28,8.18,15132.03,15322.0,15248.66,3
2023-09-29,8.45,14949.11,15060.36,15060.36,3
2023-09-30,2.45,20130.61,20300.0,20265.31,2
2023-10-02,1.5,23500.0,23600.0,23600.0,1
2023-10-03,8.37,15087.46,15269.53,15197.85,3
2023-10-04,7.3,15131.51,15386.3,15317.81,3
2023-10-05,7.65,15343.14,15521.57,15443.14,2
2023-10-06,2.62,20179.39,20312.6,20312.6,2
2023-10-07,32.45,13610.17,13720.65,13720.65,3
2023-10-08,0.75,13200.0,13200.0,13200.0,1
2023-10-09,5.95,12847.9,13031.93,12947.9,2
2023-10-10,8.6,15075.58,15235.47,15165.7,3
2023-10-11,2.65,19869.81,20037.74,20037.74,2
2023-10-12,2.37,19582.28,19755.7,19718.99,2
2023-10-13,4.25,16583.53,16730.59,16683.53,3
2023-10-14,2.25,19160.0,19335.56,19335.56,2
2023-10-15,0.85,13000.0,13300.0,13300.0,1
2023-10-16,6.9,12852.17,13039.13,12952.17,2
2023-10-17,8.15,14921.47,15113.5,15039.88,3
2023-10-18,8.35,14994.01,15186.23,15114.37,3
2023-10-19,8.25,15012.12,15200.61,15127.88,3
2023-10-20,8.6,15264.53,15454.07,15384.3,3
2023-10-21,8.4,15247.02,15433.93,15362.5,3
2023-10-24,1.59,22433.96,22545.28,22545.28,2
2023-10-25,4.9,16183.67,16361.22,16300.0,3
2023-10-26,5.05,15887.13,16072.28,16012.87,3
2023-10-27,2.3,19717.39,19921.74,19921.74,2
2023-10-28,2.32,20943.1,21067.67,21043.1,2
2023-10-29,2.42,20603.72,20703.72,20703.72,2
2023-10-30,8.4,15021.43,15214.29,15142.86,3
2023-10-31,5.45,16391.74,16591.74,16505.5,3
2023-11-01,5.25,16057.14,16257.14,16200.0,3
2023-11-02,5.05,16650.5,16801.98,16762.38,4
2023-11-03,12.1,17269.42,17807.44,17621.49,4
2023-11-04,12.4,18457.66,18745.97,18705.65,4
2023-11-06,22.98,14287.9,14474.93,14387.9,3
2023-11-07,9.1,15868.13,16047.25,15981.32,3
2023-11-08,7.1,16760.56,16933.8,16877.46,3
2023-11-09,9.55,16120.42,16300.0,16237.17,3
2023-11-10,8.34,16267.63,16427.58,16367.63,3
2023-11-11,2.5,23400.0,23500.0,23500.0,1
2023-11-13,9.5,16155.26,16326.32,16263.16,3
2023-11-14,9.8,16306.12,16536.73,16475.51,3
2023-11-15,10.11,16428.09,16595.94,16528.09,3
2023-11-16,9.95,16801.51,16970.85,16910.55,3
2023-11-17,6.61,19008.47,19138.73,19108.47,3
2023-11-18,10.35,16607.73,16765.7,16707.73,3
2023-11-20,14.4,15760.76,15934.72,15865.28,3
2023-11-21,10.1,16704.95,16858.42,16799.01,3
2023-11-22,10.4,16909.13,17066.83,17009.13,3
2023-11-23,10.86,16933.33,17096.5,17041.25,3
2023-11-24,10.9,17145.87,17306.88,17245.87,3
2023-11-25,10.0,17280.0,17440.0,17380.0,2
2023-11-27,7.1,19325.35,19465.49,19437.32,3
2023-11-28,8.0,18300.0,18450.0,18400.0,2
2023-11-29,7.03,19310.81,19461.45,19433.0,3
2023-11-30,10.24,17711.33,17867.38,17818.55,3
2023-12-01,9.84,17329.67,17489.02,17438.21,3
2023-12-02,7.99,18625.03,18771.84,18725.03,3
2023-12-04,10.35,17715.94,17872.46,17824.15,3
2023-12-05,7.1,19522.54,19662.68,19634.51,3
2023-12-06,9.95,17539.7,17699.5,17649.25,3
2023-12-07,11.15,17351.57,17505.38,17451.57,3
2023-12-08,9.34,18321.63,18473.45,18430.62,3
2023-12-09,5.4,21800.0,21883.33,21883.33,2
2023-12-11,8.35,18845.51,18991.62,18955.69,3
2023-12-12,6.85,13600.0,13975.18,13887.59,2
2023-12-13,9.85,17579.7,17739.09,17679.7,3
2023-12-14,10.01,17776.02,17948.75,17883.62,3
2023-12-15,17.4,16272.41,16446.55,16377.59,3
2023-12-16,11.11,17380.11,17541.85,17487.85,3
2023-12-18,10.95,17197.26,17360.73,17305.94,3
2023-12-19,7.25,19403.45,19544.83,19503.45,2
2023-12-20,34.9,14923.21,15106.59,15020.63,3
2023-12-21,8.15,18940.49,19088.34,19040.49,3
2023-12-22,7.5,19760.0,19900.0,19860.0,2
2023-12-23,3.0,13600.0,13800.0,13700.0,1
2023-12-24,3.0,13300.0,13500.0,13400.0,1
2023-12-26,8.26,19229.78,19366.1,19329.78,3
2023-12-27,5.36,22279.48,22379.48,22379.48,2
2023-12-28,8.29,19154.89,19300.6,19264.41,3
2023-12-29,6.86,19664.14,19805.83,19776.68,3
2023-12-30,8.25,18918.18,19103.03,19066.67,3
2023-12-31,3.0,14500.0,14700.0,14600.0,1
2024-01-01,10.25,18221.95,18380.49,18321.95,2
2024-01-02,0.98,14000.0,14200.0,14200.0,1
2024-01-03,11.65,17933.48,18092.7,18041.2,3
2024-01-04,8.4,19546.43,19682.14,19646.43,3
2024-01-05,13.55,17833.95,17998.89,17939.85,3
2024-01-06,9.5,19173.68,19326.32,19273.68,2
2024-01-08,11.1,18243.24,18404.95,18350.9,3
2024-01-09,7.1,20545.07,20685.21,20657.04,3
2024-01-10,11.25,18133.33,18295.56,18242.22,3
2024-01-11,11.45,18349.34,18534.93,18482.53,3
2024-01-12,10.26,18371.35,18507.99,18478.75,4
2024-01-13,0.98,14000.0,14200.0,14200.0,1
2024-01-15,11.46,18440.84,18601.57,18549.21,3
2024-01-16,11.36,18598.94,18751.76,18698.94,3
2024-01-17,11.73,18792.58,18952.09,18900.94,3
2024-01-18,13.86,18167.39,18331.31,18273.59,3
2024-01-19,6.86,13837.9,14037.9,13950.44,2
2024-01-20,12.9,19555.81,19702.33,19655.81,3
2024-01-21,6.0,25800.0,25900.0,25900.0,1
2024-01-22,12.46,20590.53,20753.77,20698.23,3
2024-01-23,15.75,19366.67,19485.71,19447.62,3
2024-01-24,18.0,19105.56,19177.78,19161.11,3
2024-01-25,10.5,22671.43,22800.0,22771.43,2
2024-01-26,11.98,22612.69,22712.69,22712.69,3
2024-01-27,19.35,19479.59,19610.59,19579.59,4
2024-01-28,0.98,14800.0,14900.0,14900.0,1
2024-01-29,16.5,20112.12,20230.3,20212.12,4
2024-01-30,27.8,17836.33,18021.58,17955.04,4
2024-01-31,19.35,20240.31,20388.89,20357.88,4
2024-02-01,17.0,15352.94,15547.06,15452.94,3
2024-02-02,6.95,15685.61,15800.0,15700.0,3
2024-02-03,19.9,15402.01,15566.83,15506.53,3
2024-02-05,9.48,15121.31,15321.31,15231.65,3
2024-02-06,14.0,15478.57,15600.0,15578.57,3
2024-02-07,17.99,15361.2,15461.09,15455.59,3
2024-02-08,2.5,15300.0,15440.0,15380.0,2
2024-02-09,7.86,15347.33,15534.61,15447.33,3
2024-02-10,5.97,15516.25,15632.5,15632.5,2
2024-02-11,0.8,15500.0,15600.0,15600.0,1
2024-02-12,7.98,15225.56,15450.13,15337.84,3
2024-02-14,6.0,15200.0,15400.0,15300.0,1
2024-02-15,6.0,15200.0,15400.0,15300.0,1
2024-02-16,7.3,15235.62,15435.62,15335.62,2
2024-02-18,3.97,15273.3,15448.87,15373.3,2
2024-02-19,6.95,14972.66,15172.66,15086.33,2
2024-02-20,6.4,15170.31,15331.25,15284.38,3
2024-02-21,3.3,15296.97,15496.97,15436.36,2
2024-02-22,6.9,15191.3,15391.3,15304.35,2
2024-02-23,7.3,15189.04,15389.04,15306.85,2
2024-02-24,7.66,15226.63,15408.36,15317.49,3
2024-02-25,0.8,15600.0,15800.0,15700.0,1
2024-02-26,7.97,15010.29,15197.74,15109.91,3
2024-02-27,17.98,24470.97,24593.1,24576.42,3
2024-02-28,21.98,23002.55,23134.3,23100.27,4
2024-02-29,6.0,15100.0,15300.0,15200.0,1
2024-03-01,5.6,15151.79,15300.0,15232.14,4
2024-03-02,5.0,15280.0,15480.0,15380.0,2
2024-03-04,4.98,15220.88,15380.72,15320.48,3
2024-03-05,8.59,15330.03,15499.88,15430.03,3
2024-03-06,6.97,15172.17,15413.92,15327.83,2
2024-03-07,4.3,15290.7,15581.4,15511.63,2
2024-03-08,0.98,15000.0,16000.0,16000.0,1
2024-03-09,7.02,15309.83,15513.68,15425.64,3
2024-03-11,2.0,15200.0,15400.0,15300.0,1
2024-03-12,8.6,15453.49,15686.05,15616.28,3
2024-03-13,3.0,15200.0,15400.0,15300.0,1
2024-03-14,4.0,15250.0,15400.0,15325.0,2
2024-03-15,9.0,15100.0,15300.0,15200.0,1
2024-03-16,6.98,15382.52,15568.48,15482.52,2
2024-03-17,0.98,16800.0,17000.0,17000.0,1
2024-03-18,7.2,15216.67,15416.67,15333.33,2
2024-03-19,7.5,15480.0,15680.0,15600.0,2
2024-03-20,5.97,15492.46,15692.46,15608.71,2
2024-03-21,4.99,15937.88,16137.88,16057.72,3
2024-03-22,7.3,15438.36,15620.55,15538.36,2
2024-03-23,3.3,15848.48,16048.48,15987.88,2
2024-03-24,1.7,17500.0,17600.0,17600.0,1
2024-03-25,6.98,15394.84,15608.88,15522.92,2
2024-03-26,7.3,15520.55,15773.97,15691.78,2
2024-03-27,7.0,15185.71,15385.71,15300.0,2
2024-03-29,7.8,15770.51,15987.18,15903.85,3
2024-03-30,7.4,15648.65,15905.41,15824.32,2
2024-04-01,6.0,15100.0,15300.0,15200.0,1
2024-04-03,1.3,17000.0,17500.0,17500.0,1
2024-04-04,8.0,15575.0,15850.0,15775.0,2
2024-04-05,11.0,16163.64,16390.91,16318.18,2
2024-04-06,5.0,15100.0,15300.0,15200.0,1
2024-04-07,2.0,15100.0,15300.0,15200.0,1
2024-04-08,4.8,16862.5,17062.5,17000.0,2
2024-04-09,7.6,19800.0,20000.0,19921.05,2
2024-04-10,14.5,19820.69,20103.45,19910.34,2
2024-04-11,7.6,20000.0,20473.68,20289.47,2
2024-04-12,6.0,20000.0,20200.0,20100.0,1
2024-04-15,6.3,20161.9,20341.27,20241.27,2
2024-04-16,6.2,20077.42,20258.06,20177.42,2
2024-04-17,3.0,15100.0,15300.0,15200.0,1
2024-04-18,6.0,15100.0,15300.0,15200.0,1
2024-04-19,5.0,15100.0,15300.0,15200.0,1
2024-04-20,7.2,16250.0,16416.67,16333.33,2
2024-04-21,4.1,16682.93,16963.41,16890.24,2
2024-04-22,15.0,16180.0,16300.0,16280.0,2
2024-04-23,3.2,16937.5,17625.0,17375.0,2
2024-04-24,4.6,15691.3,16239.13,16000.0,2
2024-04-25,3.1,16838.71,17322.58,17258.06,2
2024-04-26,7.1,21845.07,22169.01,22084.51,2
2024-04-27,11.3,22000.0,22188.5,22100.0,2
2024-04-28,1.5,22000.0,22200.0,22200.0,1
2024-04-29,57.4,21590.59,21708.71,21693.03,3
2024-04-30,53.5,21911.21,22022.43,22011.21,2
2024-05-01,4.3,22000.0,22139.53,22069.77,2
2024-05-02,54.6,21910.26,22032.97,22021.98,3
2024-05-03,52.6,21275.67,21408.75,21403.04,3
2024-05-04,52.2,20643.68,20765.9,20762.07,3
2024-05-06,7.6,21026.32,21394.74,21210.53,2
2024-05-07,54.5,18128.44,18277.98,18266.97,3
2024-05-08,52.0,18030.77,18142.31,18130.77,2
2024-05-09,48.3,17783.85,17897.52,17889.23,3
2024-05-10,49.6,17681.45,18584.68,18572.58,3
2024-05-13,48.0,17168.75,17281.25,17268.75,3
2024-05-14,45.6,17114.04,17232.02,17221.05,3
2024-05-15,42.0,17204.76,17323.81,17319.05,3
2024-05-16,49.3,17251.52,17372.41,17354.16,3
2024-05-17,45.4,17548.46,17674.01,17660.79,3
2024-05-18,43.3,17921.48,18036.03,18024.48,3
2024-05-20,42.6,18156.81,18267.61,18260.56,3
2024-05-21,42.8,18373.36,18482.24,18473.36,3
2024-05-22,46.3,18478.4,18592.01,18578.4,3
2024-05-23,44.4,18698.42,18808.11,18801.35,3
2024-05-24,47.8,18731.8,18857.74,18845.19,3
2024-05-25,62.0,19780.65,19993.55,19983.87,3
2024-05-27,49.4,20117.41,20255.06,20228.74,3
2024-05-28,48.7,20245.38,20401.64,20374.95,3
2024-05-29,49.1,20255.6,20373.52,20355.6,3
2024-05-30,49.8,33650.6,2927.71,33765.06,3
2024-05-31,46.8,21598.5,21741.45,21735.04,3
2024-06-01,45.6,21134.65,21266.67,21262.28,3
2024-06-03,49.9,21288.58,21415.83,21403.81,3
2024-06-04,49.8,21275.7,21403.01,21379.52,3
2024-06-05,43.6,21733.94,21903.67,21903.67,2
2024-06-06,44.3,21705.19,21810.38,21810.38,2
2024-06-07,49.3,21422.72,21569.37,21559.23,3
2024-06-08,6.0,17400.0,17600.0,17500.0,1
2024-06-09,3.0,17500.0,17700.0,17600.0,1
2024-06-10,43.7,21672.77,21788.33,21788.33,2
2024-06-11,46.9,21506.4,21618.76,21610.45,3
2024-06-12,51.8,21139.0,21281.85,21252.9,3
2024-06-13,48.0,21192.5,21312.5,21308.33,3
2024-06-14,52.3,20767.5,20882.98,20871.51,3
2024-06-15,54.7,20522.85,20673.49,20657.04,3
2024-06-18,49.6,20832.66,20978.83,20949.6,3
2024-06-19,51.0,20517.65,20781.18,20769.41,3
2024-06-20,41.8,20308.61,20417.22,20412.92,2
2024-06-21,46.8,20019.23,20166.67,20153.85,3
2024-06-22,45.0,20146.67,20284.44,20277.78,3
2024-06-23,2.3,20000.0,20500.0,20500.0,1
2024-06-24,47.0,20195.74,20308.51,20295.74,3
2024-06-25,47.8,20581.59,20697.91,20685.36,3
2024-06-26,46.9,20667.38,20796.38,20783.58,3
2024-06-27,45.8,20782.53,20895.63,20878.6,3
2024-06-28,42.3,20803.78,20962.17,20952.72,3
2024-06-29,5.0,20980.0,21360.0,21160.0,2
2024-07-01,40.6,20730.05,20837.44,20830.05,3
2024-07-02,37.0,20705.41,20810.81,20805.41,2
2024-07-03,42.1,20802.85,20937.05,20907.84,3
2024-07-04,41.0,20792.68,20917.07,20897.56,3
2024-07-05,39.8,20754.27,20878.39,20854.27,3
2024-07-06,33.0,20812.12,20918.18,20912.12,2
2024-07-08,34.0,20735.29,20841.18,20835.29,3
2024-07-09,39.8,20809.05,20936.18,20913.57,3
2024-07-10,38.1,20952.76,21788.19,21766.93,3
2024-07-11,36.1,21206.65,21320.78,21306.65,3
2024-07-12,39.8,21206.03,21325.63,21301.51,3
2024-07-13,6.0,21400.0,21600.0,21500.0,1
2024-07-15,39.2,21325.51,21446.43,21425.51,3
2024-07-16,2.1,21800.0,22000.0,21900.0,1
2024-07-17,38.1,21204.72,21331.5,21310.24,3
2024-07-18,37.1,21279.78,21401.62,21379.78,3
2024-07-19,34.2,21264.33,21385.38,21364.33,3
2024-07-20,33.0,21115.15,21251.52,21221.21,3
2024-07-22,36.3,21136.09,21264.46,21236.09,3
2024-07-23,31.1,21186.5,21316.08,21293.25,3
2024-07-24,33.0,21154.55,21290.91,21260.61,3
2024-07-25,32.3,21241.49,21382.35,21369.97,3
2024-07-26,38.3,21234.99,21370.5,21340.99,3
2024-07-27,36.1,21008.31,21206.37,21189.75,3
2024-07-29,36.3,21024.79,21151.24,21131.13,3
2024-07-30,8.3,20855.42,21083.13,20983.13,2
2024-07-31,38.0,20915.79,21042.11,21015.79,3
2024-08-01,34.3,20941.69,21858.6,21810.5,3
2024-08-02,34.0,20741.18,20864.71,20841.18,3
2024-08-03,8.1,20800.0,21000.0,20925.93,2
2024-08-05,34.0,20688.53,20812.35,20794.71,3
2024-08-06,30.6,20679.41,20796.08,20779.41,3
2024-08-07,33.7,20700.59,20818.4,20800.0,4
2024-08-08,36.3,20749.59,20880.17,20849.59,3
2024-08-09,33.1,20851.06,20975.53,20951.06,3
2024-08-10,32.3,20861.92,4730.65,20961.92,3
2024-08-12,31.1,21076.53,21199.36,21176.53,3
2024-08-13,30.0,21033.33,21180.0,21160.0,3
2024-08-14,29.3,21003.75,21139.93,21119.45,3
2024-08-15,3.0,20800.0,21000.0,20900.0,1
2024-08-16,28.3,20997.88,21143.46,21106.01,3
2024-08-17,26.9,21211.9,21341.26,21318.96,3
2024-08-19,28.3,20985.87,21163.96,21118.37,3
2024-08-20,5.3,20716.98,21264.15,21207.55,2
2024-08-21,28.9,22958.48,23132.18,23125.26,4
2024-08-22,30.0,21026.67,21153.33,21133.33,3
2024-08-23,27.8,21125.9,21243.88,21225.9,3
2024-08-24,30.0,21886.67,22013.33,21993.33,3
2024-08-26,3.8,36000.0,36000.0,36000.0,1
2024-08-27,30.2,22501.99,22660.26,22640.4,3
2024-08-28,5.9,21257.63,21425.42,21357.63,2
2024-08-29,30.3,21187.13,21306.93,21287.13,3
2024-08-30,25.2,21261.9,21443.65,21431.75,3
2024-08-31,29.1,23975.95,24077.66,24067.35,4
2024-09-02,30.9,23206.47,23317.15,23294.17,4
2024-09-03,29.3,21558.36,21686.69,21658.36,3
2024-09-04,31.8,23383.65,23515.72,23496.86,4
2024-09-05,84.2,21645.84,21816.39,21745.13,4
2024-09-06,24.9,23210.84,23308.03,23299.6,3
2024-09-07,32.1,22785.67,22902.8,22876.95,4
2024-09-09,30.2,23000.66,23108.61,23091.06,4
2024-09-10,33.0,23273.94,23380.61,23362.42,4
2024-09-11,34.1,23112.61,23337.24,23201.47,4
2024-09-12,27.8,23393.88,23487.77,23480.58,3
2024-09-13,26.4,22445.08,22573.11,22573.11,3
2024-09-14,4.8,36000.0,37000.0,36000.0,1
2024-09-17,25.1,21483.27,21591.63,21583.27,2
2024-09-18,29.4,21532.65,21649.66,21632.65,3
2024-09-19,30.7,22965.15,23075.57,23056.03,3
2024-09-20,33.8,22849.11,22958.58,22940.83,4
2024-09-21,33.8,22863.91,22973.37,22955.62,4
2024-09-22,4.0,21100.0,21300.0,21200.0,1
2024-09-23,26.3,21845.63,21961.98,21945.63,3
2024-09-24,30.0,23552.67,23667.33,23640.33,4
2024-09-25,27.2,22779.41,22902.94,22872.43,4
2024-09-26,24.8,21625.0,21777.02,21752.82,3
2024-09-27,28.9,23021.45,23146.71,23111.76,4
2024-09-28,20.4,23451.96,23550.98,23538.24,3
2024-09-29,27.0,21433.33,21555.56,21533.33,2
2024-09-30,21.3,24190.61,24277.0,24272.3,4
2024-10-01,22.2,24090.99,24193.24,24184.23,4
2024-10-02,5.0,22000.0,22200.0,22100.0,1
2024-10-03,23.4,22596.15,22723.08,22688.46,4
2024-10-04,19.4,23779.38,23883.51,23864.95,4
2024-10-05,21.6,24094.44,24377.31,24363.43,4
2024-10-07,21.3,24497.65,24593.9,24579.81,4
2024-10-08,17.6,24706.25,24800.57,24800.57,3
2024-10-09,13.6,22169.12,22922.79,22922.79,2
2024-10-10,16.0,21868.75,22000.0,21968.75,2
2024-10-11,3.9,36000.0,36000.0,36000.0,1
2024-10-12,1.9,36000.0,36000.0,36000.0,1
2024-10-13,6.0,22000.0,22200.0,22100.0,1
2024-10-14,16.9,22085.8,22203.55,22185.8,3
2024-10-15,16.4,24445.12,24591.46,24591.46,3
2024-10-16,16.4,22050.0,22182.93,22150.0,3
2024-10-17,19.8,21997.47,22127.78,22097.47,3
2024-10-18,21.2,23794.34,23915.09,23880.66,4
2024-10-19,23.4,24152.99,24271.37,24236.75,4
2024-10-20,2.0,21400.0,21600.0,21500.0,1
2024-10-21,15.6,21971.79,22084.62,22071.79,3
2024-10-22,16.4,21904.88,22037.8,22004.88,3
2024-10-23,18.2,21819.23,21956.04,21919.23,3
2024-10-24,21.3,22959.62,23090.14,23061.97,4
2024-10-25,24.9,24397.99,24513.25,24478.71,4
2024-10-26,21.3,23537.09,23658.22,23623.47,4
2024-10-27,5.0,21500.0,21700.0,21600.0,1
2024-10-28,18.1,21500.0,21622.1,21600.0,3
2024-10-29,21.3,23433.8,23543.66,23520.19,4
2024-10-30,21.3,23281.69,23429.58,23406.1,4
2024-10-31,5.1,29235.29,29325.49,29325.49,2
2024-11-01,22.5,23395.56,23509.33,23482.67,4
2024-11-02,12.9,23523.26,23609.3,23609.3,2
2024-11-03,3.0,21200.0,21400.0,21300.0,1
2024-11-04,13.1,21369.47,21484.73,21469.47,2
2024-11-05,17.1,23815.79,23938.01,23926.32,4
2024-11-06,22.4,23372.77,23500.0,23473.21,5
2024-11-07,15.9,21474.21,21622.01,21596.23,4
2024-11-08,19.8,23623.74,23741.41,23704.04,5
2024-11-09,7.8,24846.15,25000.0,24923.08,2
2024-11-11,20.6,23461.17,23566.99,23542.72,5
2024-11-12,18.6,21500.0,21617.2,21584.95,4
2024-11-13,15.3,24392.81,24491.5,24473.86,3
2024-11-14,20.0,23589.0,23703.0,23670.0,5
2024-11-15,16.6,23293.37,23407.23,23378.92,5
2024-11-16,18.4,23829.35,23927.17,23910.87,5
2024-11-18,17.9,21645.81,21779.33,21745.81,3
2024-11-19,9.0,21800.0,21900.0,21900.0,1
2024-11-20,16.9,24837.87,25252.07,25136.69,4
2024-11-21,14.9,21607.38,21785.23,21765.1,4
2024-11-22,18.4,23658.15,23871.74,23850.0,5
2024-11-23,15.7,23234.39,23328.66,23315.92,5
2024-11-24,4.0,21400.0,21600.0,21500.0,1
2024-11-25,221.6,21503.43,21700.0,21603.43,3
2024-11-26,19.9,23556.28,23693.47,23637.19,5
2024-11-27,17.0,21587.06,21716.47,21681.18,4
2024-11-28,16.6,21669.88,21800.0,21763.86,4
2024-11-29,18.4,24727.17,24838.04,24816.3,5
2024-11-30,17.5,24252.0,24371.43,24315.43,5
2024-12-01,5.0,12100.0,12300.0,12200.0,1
2024-12-02,15.7,21977.71,22127.39,22089.17,4
2024-12-03,12.3,25105.69,25193.5,25193.5,4
2024-12-04,13.5,21980.0,22102.96,22073.33,4
2024-12-05,17.2,24340.12,24881.4,24858.14,5
2024-12-06,16.5,25274.55,25356.36,25344.24,5
2024-12-07,17.3,24118.5,24252.6,24229.48,5
2024-12-09,15.7,21777.07,22068.15,22036.31,4
2024-12-10,16.4,21967.38,22167.07,22130.49,4
2024-12-11,19.5,24691.54,25494.87,25369.23,5
2024-12-12,13.7,22184.74,22340.15,22318.25,4
2024-12-13,15.0,22167.7,22327.33,22300.67,4
2024-12-14,4.8,22141.67,22283.33,22241.67,2
2024-12-16,15.02,22147.34,22268.71,22242.08,5
2024-12-17,19.2,24626.56,24872.92,24862.5,6
2024-12-18,23.1,23872.73,24402.16,24194.37,6
2024-12-19,18.2,23106.59,23245.05,23212.09,5
2024-12-20,18.3,26255.74,26681.42,26547.54,5
2024-12-21,20.2,26245.54,26442.57,26422.77,6
2024-12-23,14.3,22121.68,22249.65,22221.68,3
2024-12-24,14.9,26083.89,26164.43,26164.43,4
2024-12-25,7.8,29846.15,30923.08,30871.79,2
2024-12-26,20.6,24133.01,24814.56,24641.26,6
2024-12-27,21.4,25007.01,25649.53,25448.6,5
2024-12-28,16.7,24989.22,25586.83,25413.17,4
2024-12-29,3.0,22300.0,22500.0,22400.0,1
2024-12-30,24.8,24753.23,25168.15,24994.76,6
2024-12-31,24.6,25316.26,25997.56,25392.68,5
2025-01-01,3.9,38000.0,40000.0,40000.0,1
2025-01-02,4.7,28468.09,29395.74,29193.62,2
2025-01-03,28.7,24034.84,24344.25,24326.83,6
2025-01-04,7.9,28531.65,29000.0,28962.03,4
2025-01-05,0.01,22800.0,23000.0,23000.0,1
2025-01-06,26.99,22470.43,22589.11,22577.99,5
2025-01-07,30.48,24134.65,24410.24,24403.67,5
2025-01-08,34.9,23977.08,24169.05,24151.86,5
2025-01-09,32.4,24084.88,24364.2,24351.85,4
2025-01-10,12.6,27159.52,28688.89,28649.21,4
2025-01-11,10.8,26964.81,27361.11,27314.81,3
2025-01-12,2.8,22000.0,22500.0,22500.0,1
2025-01-13,6.55,22219.85,22381.68,22320.61,3
2025-01-14,7.7,22100.0,22264.94,22200.0,2
2025-01-15,10.8,28490.74,28925.93,28879.63,5
2025-01-16,11.75,26436.6,26880.43,26812.77,4
2025-01-17,14.7,28726.53,29603.4,29569.39,4
2025-01-18,11.85,26480.59,27079.75,27037.55,5
2025-01-19,2.87,22800.0,22800.0,22800.0,1
2025-01-20,35.8,22948.04,23062.01,23050.84,4
2025-01-21,35.0,23054.29,23162.86,23151.43,3
2025-01-22,37.9,22965.7,23071.5,23060.95,4
2025-01-23,43.0,23034.88,23148.84,23137.21,5
2025-01-24,47.6,23349.58,23609.87,23509.87,5
2025-01-25,49.2,23899.39,24125.0,24047.97,6
2025-01-27,51.8,24175.48,24352.9,24343.24,6
2025-01-28,50.1,24474.65,24736.93,24722.55,4
2025-01-29,51.1,24476.52,24705.28,24695.5,4
2025-01-30,50.8,24590.55,24835.24,24819.88,5
2025-01-31,49.9,24682.77,24856.91,24851.1,4
2025-02-01,51.9,25095.95,25303.85,25303.85,4
2025-02-03,63.0,29509.52,29706.35,29690.48,5
2025-02-04,63.0,28198.41,28425.4,28415.87,5
2025-02-05,64.0,25512.5,25682.81,25673.44,6
2025-02-06,62.2,25922.19,26104.82,26098.39,6
2025-02-07,69.2,26041.91,26295.95,26284.39,6
2025-02-08,9.0,27144.44,27522.22,27488.89,4
2025-02-10,68.2,26266.86,26373.9,26360.7,5
2025-02-11,71.0,25592.96,25709.86,25694.37,4
2025-02-12,68.0,26433.09,26625.0,26617.65,6
2025-02-13,61.8,27438.51,27745.95,27745.95,4
2025-02-14,70.9,29364.74,29564.17,29554.02,6
2025-02-15,72.4,27094.48,27226.93,27220.03,6
2025-02-16,3.8,27494.74,27607.89,27607.89,2
2025-02-17,77.0,28001.56,28219.22,28211.43,5
2025-02-18,76.8,28384.9,28570.31,28560.94,6
2025-02-19,70.5,27883.69,27987.23,27982.98,4
2025-02-20,76.5,27810.46,27929.41,27921.57,5
2025-02-21,81.3,28226.81,28383.52,28377.37,5
2025-02-22,82.8,28109.9,28271.26,28264.01,5
2025-02-23,8.2,24760.98,25000.0,24939.02,2
2025-02-24,85.7,27839.67,28028.0,27957.76,6
2025-02-25,83.9,27823.84,27927.29,27923.72,6
2025-02-26,8.8,35422.73,35954.55,35931.82,3
2025-02-27,83.9,26932.06,27119.07,27105.48,5
2025-02-28,83.6,27129.19,27260.05,27252.87,5
2025-03-01,80.5,26295.65,26441.61,26434.16,5
2025-03-03,79.2,25854.8,25965.15,25957.58,4
2025-03-04,78.4,26404.08,26530.87,26525.77,5
2025-03-05,76.7,26677.97,26821.38,26814.86,5
2025-03-06,79.7,26949.81,27179.42,27175.66,6
2025-03-07,83.4,27087.29,27222.3,27222.3,6
2025-03-08,0.5,27800.0,28000.0,28000.0,1
2025-03-09,3.0,42133.33,43000.0,42166.67,2
2025-03-10,77.0,26884.42,27016.88,27014.29,6
2025-03-11,79.0,26682.28,26840.51,26834.18,6
2025-03-12,79.7,26996.24,27150.56,27143.04,6
2025-03-13,78.3,27137.93,27252.87,27249.04,6
2025-03-14,80.3,27240.35,27377.33,27373.6,6
2025-03-15,80.6,27403.85,27551.61,27498.26,6
2025-03-16,0.5,27800.0,28000.0,28000.0,1
2025-03-17,75.1,26614.78,26717.44,26714.78,5
2025-03-18,79.0,27143.04,27322.78,27315.19,5
2025-03-19,77.0,27125.97,27267.53,27222.08,5
2025-03-20,82.1,27425.82,27577.59,27521.56,5
2025-03-21,82.4,27394.9,27550.0,27542.72,6
2025-03-22,82.1,27403.9,27553.84,27547.75,6
2025-03-23,4.7,27012.77,27212.77,27212.77,2
2025-03-24,81.1,27618.99,27786.68,27731.2,6
2025-03-25,79.6,28173.12,28348.49,28345.98,6
2025-03-26,81.6,27510.91,27660.05,27604.9,5
2025-03-27,78.9,27184.28,27305.83,27298.23,4
2025-03-28,80.2,27250.62,27353.37,27349.63,5
2025-03-29,77.0,27347.79,27448.57,27442.34,5
2025-03-30,3.2,26500.0,27000.0,27000.0,1
2025-03-31,13.1,31391.6,31671.76,31572.52,3
2025-04-01,85.5,27923.98,28114.62,28107.6,5
2025-04-02,78.6,26731.55,26872.26,26860.05,5
2025-04-03,78.9,26601.14,26717.36,26709.76,4
2025-04-04,88.7,27302.03,27463.36,27431.79,5
2025-04-05,80.4,27536.07,27687.56,27683.83,5
2025-04-07,77.2,27316.06,27438.08,27435.49,5
2025-04-08,104.5,31377.51,31743.06,31738.28,5
2025-04-09,73.6,26383.7,26533.97,26504.08,5
2025-04-10,73.2,24988.8,25128.42,25124.32,5
2025-04-11,74.1,24987.04,25151.96,25145.21,5
2025-04-12,8.2,36663.41,37312.2,37312.2,2
2025-04-14,6.0,24200.0,24400.0,24300.0,1
2025-04-15,75.6,26907.14,27066.14,27053.44,5
2025-04-16,71.0,26971.83,27116.9,27108.45,4
2025-04-17,4.8,45000.0,46000.0,46000.0,1
2025-04-18,6.0,25300.0,25500.0,25400.0,1
2025-04-19,74.5,27046.31,27198.66,27193.29,5
2025-04-20,3.7,25900.0,26000.0,26000.0,1
2025-04-21,75.6,27742.46,27915.34,27911.38,5
2025-04-22,67.2,26236.01,26340.48,26334.52,3
2025-04-23,74.3,27598.25,27690.17,27686.14,5
2025-04-24,72.3,26935.27,27032.5,27029.74,5
2025-04-25,77.0,27012.73,27164.81,27106.36,5
2025-04-26,83.1,27071.72,27307.22,27233.81,5
2025-04-27,3.9,26000.0,26200.0,26200.0,1
2025-04-28,14.7,31034.01,31412.93,31372.11,4
2025-04-29,72.7,26889.13,27071.25,27068.5,5
2025-04-30,70.1,26000.0,26105.99,26097.43,4
2025-05-01,3.0,46000.0,46000.0,46000.0,1
2025-05-02,72.4,26914.92,27017.68,27009.39,4
2025-05-03,73.1,26929.27,27030.92,27022.71,4
2025-05-05,73.9,26960.76,27166.31,27053.99,5
2025-05-06,46.1,26761.39,26848.16,26843.82,5
2025-05-07,45.4,26252.2,26386.56,26379.96,5
2025-05-08,51.4,27305.45,27397.67,27385.99,5
2025-05-09,45.4,25511.67,25620.48,25609.47,4
2025-05-10,4.0,24800.0,25000.0,25000.0,1
2025-05-11,4.1,25000.0,25000.0,25000.0,1
2025-05-12,45.3,25415.45,25515.23,25504.19,4
2025-05-13,43.9,25564.46,25669.02,25662.19,4
2025-05-14,46.5,27838.71,28172.04,28172.04,4
2025-05-15,43.9,26621.87,26888.38,26883.83,5
2025-05-16,40.7,25860.69,25960.69,25960.69,4
2025-05-17,47.0,26727.23,26808.94,26802.55,5
2025-05-18,4.1,24200.0,24300.0,24300.0,1
2025-05-19,39.0,25373.33,25475.38,25475.38,3
2025-05-20,38.8,24569.59,24701.03,24701.03,4
2025-05-21,46.7,25494.86,25597.0,25584.15,5
2025-05-22,51.6,26243.02,26358.53,26331.4,4
2025-05-23,42.4,25733.49,25835.85,25821.7,4
2025-05-24,12.0,33166.67,33266.67,33216.67,3
2025-05-25,3.0,25600.0,25800.0,25700.0,1
2025-05-26,39.9,23441.1,23545.86,23530.83,4
2025-05-27,43.7,25357.21,25467.73,25454.0,5
2025-05-28,36.5,24564.38,24672.6,24656.16,4
2025-05-29,37.8,25648.15,25730.16,25724.87,5
2025-05-30,38.3,25340.73,25425.59,25417.75,5
2025-05-31,36.9,24760.98,24847.7,24839.57,5
2025-06-01,3.8,25200.0,25200.0,25200.0,1
2025-06-02,36.9,25544.72,25737.13,25729.0,4
2025-06-03,31.0,22848.39,22964.52,22945.16,3
2025-06-04,36.9,24242.28,24361.52,24345.26,5
2025-06-05,31.0,22723.23,22840.0,22833.55,4
2025-06-06,35.6,23398.88,24100.56,24092.13,5
2025-06-07,13.0,31569.23,31723.08,31692.31,3
2025-06-09,33.4,24189.82,25031.74,25025.75,5
2025-06-10,32.6,24370.55,24490.18,24484.05,5
2025-06-11,38.1,25391.08,25512.6,25496.85,5
2025-06-12,30.9,23737.86,23863.11,23853.4,5
2025-06-13,29.4,24554.42,24667.01,24663.61,5
2025-06-14,6.2,29935.48,29935.48,29935.48,2
2025-06-15,3.3,44000.0,44000.0,44000.0,1
2025-06-16,28.5,24466.67,24566.32,24566.32,4
2025-06-17,27.2,22171.32,22278.68,22267.65,4
2025-06-18,22.5,22086.67,22195.56,22182.22,3
2025-06-19,25.5,24691.37,24781.18,24773.33,4
2025-06-20,24.5,22059.18,22179.59,22155.1,3
2025-06-21,19.0,21589.47,21689.47,21684.21,3
2025-06-23,19.5,20107.69,20974.36,20964.1,3
2025-06-24,17.0,19829.41,19923.53,19923.53,2
2025-06-25,17.5,19782.86,19894.29,19882.86,2
2025-06-26,20.0,19560.0,19675.0,19655.0,3
2025-06-27,24.3,19563.79,19664.61,19644.03,4
2025-06-28,19.1,18889.01,19005.24,19005.24,3
2025-06-30,5.0,21000.0,21200.0,21100.0,1
2025-07-01,24.0,19441.67,19547.92,19522.92,4
2025-07-02,23.0,19939.13,20082.61,20056.52,3
2025-07-03,22.3,22230.94,22333.63,22324.66,5
2025-07-04,24.1,21663.9,21778.42,21761.83,5
2025-07-05,16.4,18948.17,19065.85,19065.85,3
2025-07-06,3.6,19000.0,19200.0,19200.0,1
2025-07-07,20.8,19228.85,19357.69,19328.85,3
2025-07-08,18.3,23768.31,23988.52,23977.6,3
2025-07-09,7.0,27128.57,27242.86,27185.71,3
2025-07-10,12.0,18966.67,19058.33,19058.33,2
2025-07-11,20.3,18830.05,19019.7,19000.0,4
2025-07-12,3.6,18500.0,18500.0,18500.0,1
2025-07-13,3.4,18500.0,18500.0,18500.0,1
2025-07-14,17.6,18363.64,18469.32,18457.95,4
2025-07-15,19.2,19177.08,19427.08,19416.67,5
2025-07-16,23.1,21341.99,21675.32,21662.34,5
2025-07-17,16.3,17967.48,18061.35,18061.35,3
2025-07-18,21.1,18230.81,18330.33,18306.64,4
2025-07-19,16.0,18218.75,18337.5,18312.5,3
2025-07-21,17.2,21289.53,21377.91,21366.28,4
2025-07-22,3.0,30666.67,30666.67,30666.67,2
2025-07-23,14.8,18105.41,18205.41,18205.41,2
2025-07-24,4.8,19000.0,19000.0,19000.0,2
2025-07-25,28.1,21184.34,21310.32,21281.85,5
2025-07-26,27.2,22080.15,22180.15,22158.09,5
2025-07-27,4.0,18900.0,19000.0,19000.0,1
2025-07-28,24.1,20237.34,20332.78,20307.88,5
2025-07-29,20.8,21414.42,21504.81,21495.19,5
2025-07-30,15.9,19021.38,19089.31,19089.31,3
2025-07-31,20.9,18982.3,19081.34,19057.42,4
2025-08-01,20.0,19365.0,19457.5,19437.5,4
2025-08-02,19.8,19589.9,19683.84,19663.64,4
2025-08-03,3.0,18900.0,19100.0,19000.0,1
2025-08-04,20.46,24494.13,24569.89,24545.45,4
2025-08-05,18.7,19718.72,19807.49,19791.44,4
2025-08-06,17.9,19761.45,19843.58,19832.4,4
2025-08-07,17.6,19945.45,20029.55,20018.18,4
2025-08-08,20.0,23030.0,23319.5,23104.5,5
2025-08-09,14.1,25592.91,26224.82,26189.36,3
2025-08-11,18.0,20200.0,20305.56,20294.44,4
2025-08-12,18.1,20751.38,20844.75,20828.18,3
2025-08-13,18.4,21164.13,21244.57,21233.7,4
2025-08-14,18.1,21628.73,21734.25,21723.2,4
2025-08-15,4.1,22000.0,22000.0,22000.0,1
2025-08-16,30.6,22116.99,22223.53,22213.73,4
2025-08-18,21.3,22042.25,22141.78,22118.31,4
2025-08-19,18.4,23138.59,23221.74,23210.87,4
2025-08-20,18.3,23491.8,23618.58,23607.65,4
2025-08-21,22.7,23207.05,23403.08,23376.65,4
2025-08-22,21.4,23568.22,23757.94,23734.58,4
2025-08-23,19.0,24651.05,24756.32,24745.79,4
2025-08-25,20.9,23936.84,24031.58,24012.44,4
2025-08-26,22.1,23271.95,23437.1,23409.95,3
2025-08-27,21.1,23869.67,23964.45,23945.5,4
2025-08-29,17.9,23289.94,23412.29,23384.36,3
2025-08-30,14.0,24628.57,24728.57,24721.43,3
2025-09-01,19.1,24633.51,26644.5,24728.27,3
2025-09-02,16.0,24500.0,24612.5,24593.75,3
2025-09-03,1.0,23500.0,23500.0,23500.0,1
2025-09-05,4.2,23000.0,23000.0,23000.0,1
2025-09-06,10.2,23235.29,23352.94,23294.12,2
2025-09-08,15.0,22700.0,22813.33,22793.33,3
2025-09-09,15.2,22751.32,22864.47,22844.74,3
2025-09-10,14.3,22900.0,22993.01,22993.01,3
2025-09-11,19.6,25120.41,25198.98,25188.78,5
2025-09-12,18.5,23110.81,23227.03,23210.81,3
2025-09-13,3.0,21500.0,21700.0,21600.0,1
2025-09-15,13.2,26266.67,26351.52,26351.52,2
2025-09-16,19.9,23057.79,23167.84,23152.76,4
2025-09-17,18.4,23619.57,23725.0,23714.13,4
2025-09-18,17.8,23258.43,23449.44,23438.2,4
2025-09-19,17.3,22810.4,22910.4,22904.62,4
2025-09-20,18.3,22895.08,23022.4,22989.62,3
2025-09-21,7.2,22705.56,22819.44,22791.67,3
2025-09-22,19.8,21939.39,22218.18,22197.98,4
2025-09-23,19.1,22025.65,22136.13,22120.42,4
2025-09-24,21.9,22543.38,22666.21,22638.81,4
2025-09-25,15.2,22785.53,22898.68,22878.95,3
2025-09-26,22.4,22907.59,23011.61,22984.82,4
2025-09-27,21.7,22661.75,22768.66,22741.01,4
2025-09-28,4.2,22523.81,22523.81,22523.81,2
2025-09-29,16.4,22437.2,22531.1,22531.1,3
2025-09-30,16.4,22430.49,22500.0,22500.0,2
2025-10-02,5.6,22621.43,22821.43,22785.71,2
2025-10-03,19.5,22192.31,22302.56,22287.18,4
2025-10-04,18.5,24009.19,24094.05,24083.24,4
2025-10-06,18.3,24180.33,24265.03,24254.1,4
2025-10-07,22.4,23716.07,23838.39,23811.61,4
2025-10-08,18.5,23685.95,23791.35,23780.54,4
2025-10-09,22.4,23798.66,23920.98,23894.2,4
2025-10-10,16.7,24021.56,24115.57,24115.57,3
2025-10-11,7.2,23316.67,23458.33,23416.67,2
2025-10-12,2.0,23500.0,23700.0,23600.0,1
2025-10-13,22.9,23910.92,24032.75,24006.55,4
2025-10-14,19.1,24175.39,24258.64,24248.17,4
2025-10-15,15.0,24433.33,24540.0,24526.67,3
2025-10-16,18.1,24129.83,24251.93,24224.31,3
2025-10-17,15.2,24194.74,24301.32,24288.16,3
2025-10-18,17.3,23974.57,24091.91,24068.79,3
2025-10-20,5.0,23500.0,23700.0,23600.0,1
2025-10-21,19.0,23863.16,23948.42,23937.89,4
2025-10-22,19.5,23811.79,24003.08,23992.82,4
2025-10-23,20.4,23677.45,23838.24,23818.63,3
2025-10-24,23.2,23603.02,23724.57,23698.71,4
2025-10-25,20.4,23664.71,23774.51,23759.8,4
2025-10-26,4.1,23600.0,23700.0,23700.0,1
2025-10-27,19.5,23525.64,23652.31,23620.51,4
2025-10-28,13.2,23322.73,23415.15,23415.15,2
2025-10-29,16.3,23500.0,23703.07,23703.07,2
2025-10-30,16.8,23509.52,23648.81,23648.81,3
2025-10-31,24.3,23603.7,23728.4,23699.59,4
2025-11-01,19.2,23441.67,23567.71,23536.46,3
2025-11-03,22.2,22944.59,23071.62,23044.59,3
2025-11-04,21.8,23184.4,23302.75,23279.82,4
2025-11-05,15.0,23346.67,23453.33,23440.0,3
2025-11-06,16.9,23223.67,23341.42,23317.75,3
2025-11-07,0.1,23300.0,23300.0,23300.0,1
2025-11-09,2.0,23500.0,23500.0,23500.0,1
2025-11-10,22.51,23242.78,23297.91,23297.91,4
2025-11-11,17.4,22968.97,23155.75,23155.75,4
2025-11-12,17.2,23431.4,23623.84,23612.21,4
2025-11-13,18.4,23224.46,23277.72,23261.41,4
2025-11-14,17.1,22925.15,23036.26,23024.56,4
2025-11-15,18.3,22818.03,22955.19,22917.49,4
2025-11-16,4.1,22500.0,22600.0,22600.0,1
2025-11-17,16.6,22628.31,22733.73,22727.71,4
2025-11-18,17.33,22736.01,22869.3,22857.76,4
2025-11-19,16.6,22378.92,22484.34,22478.31,4
2025-11-20,20.4,22280.88,22386.27,22380.39,4
2025-11-21,17.7,22228.81,22316.38,22305.08,4
2025-11-22,17.9,22246.93,22357.54,22346.37,4
2025-11-23,3.8,22200.0,22300.0,22300.0,1
2025-11-24,17.7,22211.3,22322.03,22310.73,4
2025-11-25,16.4,22077.44,22206.1,22200.0,4
2025-11-26,123.4,22114.51,22215.4,22214.42,4
2025-11-27,17.6,22447.73,22538.07,22526.7,4
2025-11-28,25.9,22612.74,22883.01,22844.4,4
2025-11-29,15.9,22378.62,22477.99,22477.99,3
2025-11-30,3.0,23300.0,23500.0,23400.0,1
2025-12-01,19.2,22621.88,22736.98,22721.35,4
2025-12-02,17.3,22564.74,22646.24,22640.46,4
2025-12-03,18.1,22509.39,26103.87,22587.85,4
2025-12-04,19.5,22143.59,22556.41,22402.56,4
2025-12-05,21.3,22475.12,22589.67,22566.2,5
2025-12-06,14.2,22699.3,22812.68,22798.59,3
2025-12-07,4.1,22000.0,22000.0,22000.0,1
2025-12-08,19.2,22468.23,22687.5,22677.08,5
2025-12-09,19.4,22106.7,22242.78,22232.47,5
2025-12-10,16.1,21611.18,21687.58,21687.58,2
2025-12-11,16.3,21658.28,21757.67,21757.67,3
2025-12-12,16.4,21658.54,21757.93,21757.93,3
2025-12-15,18.3,21772.68,21883.06,21872.13,4
2025-12-16,17.8,22611.8,22716.85,22716.85,4
2025-12-17,18.6,22433.33,22543.55,22538.17,5
2025-12-18,18.6,21575.27,21685.48,21674.73,4
2025-12-19,4.9,19642.86,20459.18,20051.02,3
2025-12-20,19.8,21764.65,21859.09,21848.99,4
2025-12-22,18.7,20288.24,20581.28,20570.59,4
2025-12-23,17.1,20135.09,20210.53,20210.53,3
2025-12-24,13.0,20300.0,20400.0,20400.0,1
2025-12-25,3.0,21500.0,21700.0,21600.0,1
2025-12-26,5.2,20319.23,20436.54,20417.31,3
2025-12-27,2.1,21261.9,21452.38,21357.14,2
2025-12-28,1.0,21500.0,21700.0,21600.0,1
2025-12-29,19.9,20302.51,20583.92,20573.87,4
2025-12-30,20.8,20354.33,20443.27,20433.65,4
2025-12-31,6.2,23116.13,23180.65,23164.52,4
2026-02-01,3.5,20800.0,20900.0,20900.0,1
2026-02-02,28.9,22025.95,22132.53,22125.61,4
2026-02-03,29.5,21808.47,21901.69,21894.92,4
2026-02-04,30.6,21950.98,22048.04,22038.24,4
2026-02-05,29.9,21521.74,21615.38,21608.7,4
2026-02-06,28.9,21727.34,21830.45,21826.99,4
2026-02-07,3.8,21000.0,21000.0,21000.0,1
2026-02-08,27.3,21100.0,21200.0,21200.0,1
2026-02-09,36.55,21125.99,21239.4,21225.72,4
2026-02-10,33.3,20926.73,21032.43,21026.43,4
2026-02-11,7.9,21078.48,21227.85,21189.87,4
2026-02-12,30.1,20900.33,21000.0,21000.0,2
2026-02-13,34.3,20912.54,21012.24,21012.24,3
2026-02-14,3.7,21000.0,21100.0,21100.0,1
2026-02-15,2.0,21500.0,21700.0,21600.0,1
2026-02-16,41.9,21058.23,21163.25,21151.31,5
2026-02-17,41.1,21018.73,21121.65,21109.49,3
2026-02-18,39.2,20757.4,20850.51,20847.96,4
2026-02-19,37.8,20753.7,20845.5,20842.86,4
2026-02-20,36.6,20837.43,20942.62,20937.16,3
2026-02-21,36.8,20743.48,20848.91,20843.48,2
2026-02-22,6.0,21365.0,21465.0,21431.67,4
2026-02-23,38.7,20502.84,20607.75,20602.58,4
2026-02-24,37.1,20380.05,20482.48,20479.78,4
2026-02-25,37.7,20632.1,20745.09,20731.83,3
2026-02-26,35.83,20499.83,20599.75,20599.75,3
2026-02-27,37.3,20445.04,20550.13,20544.77,4
2026-02-28,5.9,20835.59,20967.8,20933.9,3
2026-03-02,38.7,20419.9,20537.21,20532.04,5
2026-03-03,37.5,20458.4,20553.07,20547.73,4
2026-03-04,36.7,20382.83,20479.29,20473.84,4
2026-03-05,36.7,20209.54,20314.71,20309.26,4
2026-03-06,36.0,20082.22,20174.17,20171.39,3
2026-03-07,33.0,20090.91,20196.97,20190.91,2
2026-03-08,1.0,20300.0,20500.0,20500.0,1
2026-03-09,36.9,20102.98,20208.13,20202.71,4
2026-03-10,35.9,20396.1,20488.02,20485.24,4
2026-03-11,36.8,20419.57,20525.0,20519.57,3
2026-03-12,36.55,20258.82,20372.91,20367.44,4
2026-03-13,35.85,20052.3,20144.35,20141.56,4
2026-03-14,3.9,20000.0,20100.0,20100.0,1
2026-03-15,1.2,21266.67,21471.33,21388.0,2
2026-03-16,40.0,20090.0,20185.75,20180.75,4
2026-03-17,36.5,20071.23,20167.95,20162.47,4
2026-03-18,36.8,20115.49,20220.65,20215.22,4
2026-03-19,33.2,20090.36,20196.08,20190.06,3
2026-03-20,3.7,20000.0,20000.0,20000.0,1
2026-03-21,35.0,19989.14,20089.14,20089.14,2
2026-03-22,1.3,21430.77,21615.38,21538.46,3
2026-03-23,37.16,20333.42,20433.8,20423.04,4
2026-03-24,37.3,20332.98,20448.26,20442.9,4
2026-03-25,36.4,20374.73,20477.2,20474.45,4
2026-03-26,37.35,20408.57,20523.43,20518.07,4
2026-03-27,33.8,20352.96,20458.58,20452.66,3
2026-03-28,33.9,20458.7,20564.31,20558.41,3
2026-03-29,3.9,20007.69,20007.69,20007.69,2
2026-03-30,36.6,20207.92,20300.55,20297.81,4
2026-03-31,37.5,20255.73,20351.2,20345.87,4
2026-04-01,37.8,20279.1,20384.13,20378.84,4
2026-04-02,3.4,20000.0,20100.0,20100.0,1
2026-04-03,1.0,21200.0,21400.0,21300.0,1
2026-04-04,34.1,20317.6,20423.17,20417.3,3
2026-04-05,2.6,20000.0,20000.0,20000.0,1
2026-04-06,37.95,20250.59,20356.13,20350.86,5
2026-04-07,37.8,20244.18,20358.99,20353.7,4
2026-04-08,37.85,20261.96,20366.97,20361.69,4
2026-04-09,36.9,20137.67,20230.35,20227.64,4
2026-04-10,38.0,20063.16,20168.16,20162.89,4
2026-04-11,32.6,20001.23,20101.84,20101.84,2
2026-04-12,0.1,20000.0,20000.0,20000.0,1
2026-04-13,38.55,20051.88,20156.81,20151.62,4
2026-04-14,20.0,20060.0,20165.0,20160.0,3
2026-04-15,36.3,20000.0,20100.0,20100.0,2
2026-04-16,37.1,20120.49,20222.91,20220.22,4
2026-04-17,33.2,20126.81,20228.92,20226.51,3
2026-04-18,37.15,20120.05,20222.48,20219.78,4
2026-04-19,5.9,20472.88,20540.68,20506.78,2
2026-04-20,34.6,20069.94,191035.26,20169.65,3
2026-04-21,38.45,20062.94,20252.67,20162.68,4
2026-04-22,38.6,19978.75,20178.24,20088.34,5
2026-04-23,37.6,20101.32,20290.96,20191.22,4
2026-04-24,38.2,20102.6,20291.1,20191.36,4
2026-04-25,34.9,20269.04,20468.48,20368.77,3
2026-04-27,38.8,20201.28,20390.98,20301.03,4
2026-04-28,38.6,20201.28,20390.93,20301.04,4
2026-04-29,38.9,20295.36,20484.83,20395.12,4
2026-04-30,34.1,20308.78,20508.21,20408.5,3
2026-05-01,4.2,20000.0,20100.0,20100.0,1
2026-05-02,5.6,5630.27,20210.71,20192.86,3
2026-05-04,39.3,20145.28,20333.84,20245.04,4
2026-05-05,38.2,20211.77,20400.0,20311.52,4
2026-05-06,38.6,20249.74,20440.67,20350.26,4
2026-05-07,37.9,20211.86,20401.32,20311.61,4
2026-05-08,39.2,20245.14,20433.93,20344.9,4
2026-05-09,3.6,20000.0,20100.0,20100.0,1
2026-05-10,3.8,20000.0,20100.0,20100.0,1
2026-05-11,39.4,20159.89,20336.55,20248.22,4
2026-05-12,38.89,20157.61,20347.11,20257.37,4
2026-05-13,39.2,20177.79,20367.35,20278.06,5
2026-05-14,38.8,20332.2,20507.99,20420.1,4
2026-05-15,38.3,20251.68,20428.72,20340.21,4
2026-05-16,38.21,18352.79,20525.02,20436.56,4
2026-05-18,326.3,20106.13,20304.78,20206.1,4
2026-05-19,37.7,20196.27,20385.94,20296.02,4
2026-05-20,324.3,20107.95,20306.6,20207.92,4
2026-05-21,37.1,20107.26,20283.56,20195.42,4
2026-05-22,37.56,20119.42,20338.92,20229.71,5
2026-05-23,33.1,20100.59,20300.0,20200.3,3
2026-05-25,36.8,20195.91,20374.73,20285.33,4
2026-05-26,36.75,20190.6,20379.59,20290.34,4
2026-05-27,35.9,20184.96,20358.77,20270.47,3
2026-05-28,36.8,20210.58,20387.77,20299.18,4
2026-05-29,36.4,20190.92,20379.95,20290.66,4
2026-05-30,32.7,20237.6,20437.0,20337.31,3
2026-05-31,3.75,19900.0,20000.0,20000.0,1
2026-06-01,36.35,20235.34,20424.48,20335.08,4
2026-06-02,36.6,20160.64,20337.7,20249.18,4
2026-06-03,36.4,20033.78,20212.36,20123.08,4
2026-06-04,36.1,19996.39,20185.87,20096.12,4
2026-06-05,36.2,20022.09,20201.66,20111.88,4
2026-06-06,32.4,19999.98,20199.38,20099.69,3
2026-06-08,36.4,20010.98,20187.91,20099.45,4
2026-06-09,36.26,19843.89,20022.06,19932.98,4
2026-06-10,36.4,19841.47,20020.6,19931.59,5
2026-06-11,36.2,19809.38,19988.95,19899.17,4
2026-06-12,6.6,19739.39,19939.39,19839.39,2
2026-06-13,30.6,19900.0,20100.0,20000.0,1
2026-06-14,3.75,19900.0,20000.0,20000.0,1
2026-06-15,35.7,19970.57,20153.78,20062.18,4
2026-06-16,36.8,20057.05,20256.52,20167.93,4
2026-06-17,36.3,20146.01,20356.47,20266.94,3
2026-06-18,36.3,20230.56,20450.96,20351.24,4
2026-06-19,36.6,20218.02,20396.72,20307.92,5
2026-06-20,36.8,20325.26,20501.36,20413.32,4
2026-06-22,36.2,20199.43,20377.9,20288.67,4
2026-06-23,36.4,20251.36,20439.56,20351.1,4
2026-06-24,35.6,20388.47,20576.12,20488.2,4
2026-06-25,36.1,20389.74,20578.67,20489.47,4
2026-06-26,33.7,20300.0,20489.32,20400.0,2
2026-06-27,37.2,20334.95,20513.44,20424.19,3
2026-06-28,0.1,20795.0,20800.0,20800.0,1
2026-06-29,36.6,20466.38,20654.37,20566.12,4
2026-06-30,5.9,20443.98,20576.27,20542.37,3
