Date,Weighted_Avg_Modal_Price,Total_Arrivals,Markets
01-01-2021,1296.750514857311,3399.0,40
02-01-2021,1313.0051880674448,2313.0,30
03-01-2021,1399.679012345679,81.0,6
04-01-2021,1285.3588879528222,4748.0,46
05-01-2021,1303.0612629594723,2122.0,30
06-01-2021,1312.9915254237287,118.0,8
07-01-2021,1679.375,128.0,2
08-01-2021,1225.0,8.0,3
09-01-2021,1349.789029535865,474.0,2
10-01-2021,1400.0,25.0,1
11-01-2021,1605.6186440677966,118.0,4
12-01-2021,1220.2666666666669,750.0,7
13-01-2021,1275.6586572438162,1415.0,17
14-01-2021,1295.8001378359752,1451.0,24
15-01-2021,1235.8423913043478,184.0,20
16-01-2021,1305.4455040871935,1468.0,28
17-01-2021,1215.75,320.0,5
18-01-2021,1273.2761835130689,5471.0,43
19-01-2021,1281.951585156058,4069.0,40
20-01-2021,1291.8465260974767,5786.0,42
21-01-2021,1295.551987281399,6290.0,54
22-01-2021,1343.86573816156,3590.0,38
23-01-2021,1334.803807106599,3940.0,36
24-01-2021,1400.5642701525055,459.0,8
25-01-2021,1309.5623901581723,7966.0,48
26-01-2021,1683.7662337662337,77.0,4
27-01-2021,1311.4754373687897,7145.0,41
28-01-2021,1316.7039140445129,6515.0,44
29-01-2021,1297.6047655068078,5288.0,44
30-01-2021,1349.7330279050395,2401.0,33
31-01-2021,1431.2930463576158,604.0,9
01-02-2021,1297.5443265599713,5561.0,46
02-02-2021,1287.1559048428207,4708.0,36
03-02-2021,1279.420854945448,5591.0,38
04-02-2021,1273.6916347731,3658.0,42
05-02-2021,1269.960011936735,3351.0,37
06-02-2021,1284.3395707209686,1817.0,15
07-02-2021,1245.6521739130435,23.0,3
08-02-2021,1276.504226173127,3431.0,25
09-02-2021,1255.6060862214708,3549.0,46
10-02-2021,1289.804030761071,3771.0,40
11-02-2021,1276.932831136221,1593.0,37
12-02-2021,1290.2420470262794,3615.0,44
13-02-2021,1306.870731707317,1640.0,26
14-02-2021,1244.4600938967135,213.0,5
15-02-2021,1310.920200462606,2594.0,42
16-02-2021,1291.7804182509506,2104.0,39
17-02-2021,1326.2735813603908,2661.0,36
18-02-2021,1323.4276910435497,2434.0,40
19-02-2021,1174.514598540146,274.0,12
20-02-2021,1365.6615252784918,1167.0,27
21-02-2021,1286.0759493670887,79.0,3
22-02-2021,1488.5226130653266,2587.0,42
23-02-2021,1384.12661039538,2251.0,33
24-02-2021,1372.4561403508771,2223.0,35
25-02-2021,1416.5222627737226,2740.0,39
26-02-2021,1410.431793179318,1818.0,33
27-02-2021,1408.6274678111588,1165.0,21
28-02-2021,1340.2325581395348,129.0,6
01-03-2021,1421.7985581000848,2358.0,42
02-03-2021,1401.852094901565,1981.0,34
03-03-2021,1442.9750135795764,1841.0,43
04-03-2021,1494.5218855218857,2079.0,44
05-03-2021,1468.7515188335358,1646.0,41
06-03-2021,1449.9056420233462,1028.0,26
07-03-2021,1365.0442477876106,113.0,3
08-03-2021,1439.876216216216,1850.0,41
09-03-2021,1413.436477007015,1283.0,29
10-03-2021,1410.8478818998717,1558.0,35
11-03-2021,1371.3057324840763,157.0,11
12-03-2021,1412.146570397112,1385.0,33
13-03-2021,1631.664705882353,170.0,11
14-03-2021,1387.0,30.0,3
15-03-2021,1395.800332778702,1202.0,28
16-03-2021,1409.4290322580646,310.0,10
17-03-2021,1352.162162162162,37.0,4
18-03-2021,1290.9638009049777,221.0,5
19-03-2021,1303.039660056657,353.0,12
20-03-2021,1394.8045325779035,353.0,13
21-03-2021,1360.0,30.0,3
22-03-2021,1411.9308681672026,1244.0,40
23-03-2021,1349.4332688588008,517.0,27
24-03-2021,1454.6985294117646,816.0,40
25-03-2021,1387.8602305475504,694.0,41
26-03-2021,1352.1980676328503,828.0,28
27-03-2021,1493.2287390029326,341.0,16
28-03-2021,1425.0,8.0,4
29-03-2021,1457.5,20.0,4
30-03-2021,1388.8478260869565,230.0,13
31-03-2021,1345.3193277310925,119.0,10
01-04-2021,1343.175084175084,297.0,21
02-04-2021,1355.7,160.0,9
03-04-2021,1299.031798245614,912.0,19
04-04-2021,1424.5934959349593,123.0,4
05-04-2021,1409.6608846487425,1153.0,44
06-04-2021,1385.3168202764978,868.0,42
07-04-2021,1397.9038686987103,853.0,43
08-04-2021,1377.3144611186904,1466.0,42
09-04-2021,1379.6789437109103,1439.0,35
10-04-2021,1542.5776397515529,161.0,9
11-04-2021,1366.0,25.0,3
12-04-2021,1387.8631705846897,1659.0,38
13-04-2021,1413.8257261410788,241.0,22
14-04-2021,1526.057142857143,175.0,9
15-04-2021,1430.637101811368,1601.0,42
16-04-2021,1436.4170681348933,1453.0,43
17-04-2021,1480.855789473684,950.0,20
18-04-2021,1404.6511627906978,43.0,3
19-04-2021,1477.436507936508,2142.0,38
20-04-2021,1483.0130813953488,1376.0,32
21-04-2021,1548.6387434554974,191.0,7
22-04-2021,1527.068261376896,1714.0,30
23-04-2021,1514.2426390403489,1834.0,29
24-04-2021,1500.7434210526317,456.0,12
25-04-2021,1459.357142857143,28.0,5
26-04-2021,1504.6304464766004,1859.0,38
27-04-2021,1445.3367346938776,1274.0,31
28-04-2021,1466.592972181552,2049.0,35
29-04-2021,1439.215582893966,1707.0,34
30-04-2021,1443.7252141982865,1634.0,27
01-05-2021,1439.1891891891892,111.0,4
02-05-2021,1476.457894736842,190.0,6
03-05-2021,1460.149299474606,2284.0,42
04-05-2021,1454.9813602015113,1985.0,44
05-05-2021,1453.3689862542956,2328.0,43
06-05-2021,1449.337889557135,1829.0,44
07-05-2021,1462.2834046600094,2103.0,43
08-05-2021,1458.1874386653585,1019.0,21
09-05-2021,1488.0530973451328,113.0,5
10-05-2021,1478.594017094017,2340.0,39
11-05-2021,1472.2545454545457,1265.0,25
12-05-2021,1478.1618357487923,1656.0,30
13-05-2021,1427.4205533596837,1265.0,25
14-05-2021,1413.252427184466,206.0,10
15-05-2021,1395.97703180212,566.0,13
16-05-2021,1460.0,100.0,4
17-05-2021,1447.2319801159902,1207.0,22
18-05-2021,1477.210717529519,1101.0,30
19-05-2021,1482.1073131955484,1258.0,30
20-05-2021,1468.6477272727273,1056.0,27
21-05-2021,1425.014705882353,1360.0,26
22-05-2021,1440.2021276595744,470.0,14
23-05-2021,1450.0,98.0,2
24-05-2021,1540.027397260274,1898.0,40
25-05-2021,1469.1699429296132,1577.0,38
26-05-2021,1555.522480620155,645.0,21
27-05-2021,1509.0772303595206,1502.0,40
28-05-2021,1494.2197802197802,1274.0,39
29-05-2021,1518.236338797814,732.0,21
30-05-2021,1465.891891891892,37.0,4
31-05-2021,1521.7158154859967,1214.0,36
01-06-2021,1508.7598978288634,783.0,41
02-06-2021,1528.0495356037152,646.0,44
03-06-2021,1527.007619047619,525.0,48
04-06-2021,1517.7808510638297,470.0,36
05-06-2021,1533.2820512820513,312.0,24
06-06-2021,1517.6470588235295,34.0,3
07-06-2021,1571.6789772727273,352.0,32
08-06-2021,1566.0345821325648,347.0,34
09-06-2021,1591.112121212121,330.0,42
10-06-2021,1604.8152424942264,433.0,32
11-06-2021,1607.0193905817175,361.0,36
12-06-2021,1710.2985074626863,201.0,21
13-06-2021,1645.6315789473683,57.0,4
14-06-2021,1584.0796963946868,527.0,48
15-06-2021,1665.199460916442,371.0,41
16-06-2021,1645.1508771929823,285.0,42
17-06-2021,1652.90332326284,331.0,40
18-06-2021,1619.958041958042,286.0,35
19-06-2021,1728.029197080292,137.0,22
20-06-2021,1682.5471698113208,53.0,4
21-06-2021,1643.6809210526317,608.0,47
22-06-2021,1754.5248756218905,402.0,33
23-06-2021,1754.0719602977667,403.0,30
24-06-2021,1810.2900943396223,424.0,32
25-06-2021,1793.8850174216027,287.0,32
26-06-2021,1811.8630952380952,168.0,23
27-06-2021,1700.0,27.0,2
28-06-2021,1793.1486068111456,323.0,38
29-06-2021,1798.6491228070176,114.0,23
30-06-2021,1757.8392857142858,168.0,24
01-07-2021,1764.8129496402878,139.0,21
02-07-2021,1829.485207100592,169.0,22
03-07-2021,1797.9239130434785,92.0,17
04-07-2021,1775.0,12.0,2
05-07-2021,1799.452380952381,126.0,26
06-07-2021,1878.9105691056911,123.0,24
07-07-2021,1753.2535211267605,71.0,28
08-07-2021,1861.512,125.0,28
09-07-2021,1893.657894736842,114.0,21
10-07-2021,1930.8867924528304,53.0,10
12-07-2021,1833.3522727272727,176.0,30
13-07-2021,1765.9583333333333,96.0,21
14-07-2021,1804.1206896551723,58.0,20
15-07-2021,1857.8,170.0,24
16-07-2021,1735.5454545454545,55.0,15
17-07-2021,1839.631067961165,103.0,17
18-07-2021,1897.4,15.0,2
19-07-2021,1828.5,160.0,25
20-07-2021,1795.3846153846157,13.0,5
21-07-2021,2085.2631578947367,95.0,2
22-07-2021,1873.225806451613,124.0,23
23-07-2021,1789.6813186813188,91.0,21
24-07-2021,1809.025,40.0,10
25-07-2021,1940.0,10.0,1
26-07-2021,1839.044776119403,134.0,26
27-07-2021,1875.637362637363,91.0,17
28-07-2021,1793.0310559006211,161.0,21
29-07-2021,1801.9276315789475,152.0,27
30-07-2021,1772.1323529411766,68.0,19
31-07-2021,1864.0,42.0,16
01-08-2021,1781.578947368421,19.0,2
02-08-2021,1801.783783783784,74.0,25
03-08-2021,1950.9,120.0,17
04-08-2021,1843.6666666666667,63.0,19
05-08-2021,1820.3958333333333,48.0,14
06-08-2021,1848.914893617021,94.0,18
07-08-2021,1979.4183673469388,98.0,14
08-08-2021,1785.9375,16.0,4
09-08-2021,1834.3164556962024,79.0,23
10-08-2021,1955.481132075472,106.0,25
11-08-2021,1503.5436893203882,103.0,22
12-08-2021,1921.1968503937007,127.0,19
13-08-2021,1881.65625,64.0,18
14-08-2021,2763.0,58.0,14
16-08-2021,1973.397727272728,88.0,9
17-08-2021,1769.428571428571,70.0,18
18-08-2021,1893.5,74.0,18
19-08-2021,1940.9722222222224,36.0,6
20-08-2021,1942.3030303030305,33.0,13
21-08-2021,1929.915254237288,59.0,11
23-08-2021,1894.135593220339,59.0,19
24-08-2021,1926.0,43.0,13
25-08-2021,1865.9545454545453,44.0,18
26-08-2021,1836.7945205479448,73.0,14
27-08-2021,1790.5416666666667,24.0,14
28-08-2021,2914.495652173913,115.0,12
29-08-2021,1708.3333333333333,6.0,2
30-08-2021,1901.692307692308,78.0,25
31-08-2021,1927.142857142857,14.0,6
01-09-2021,1732.6296296296296,108.0,26
02-09-2021,1956.151079136691,139.0,22
03-09-2021,1799.137254901961,51.0,18
04-09-2021,1989.6615384615384,130.0,14
05-09-2021,1666.6666666666667,3.0,2
06-09-2021,2126.904761904762,21.0,6
07-09-2021,1951.622641509434,53.0,14
08-09-2021,1899.7792207792209,77.0,19
09-09-2021,1842.6382978723404,47.0,17
10-09-2021,1760.0,5.0,3
11-09-2021,1763.0,19.0,11
12-09-2021,1750.0,11.0,1
13-09-2021,1616.7125,80.0,19
14-09-2021,1805.1447368421047,76.0,15
15-09-2021,1707.2626262626263,99.0,21
16-09-2021,1673.8878504672898,107.0,18
17-09-2021,1786.358208955224,67.0,13
18-09-2021,1575.287037037037,108.0,16
20-09-2021,1665.0207100591715,338.0,25
21-09-2021,1355.0407523510971,319.0,22
22-09-2021,1453.111111111111,144.0,25
23-09-2021,1486.8265306122448,196.0,23
24-09-2021,1434.2841530054643,183.0,21
25-09-2021,1665.6896551724135,29.0,13
26-09-2021,1778.3333333333333,60.0,3
27-09-2021,1608.1542416452442,389.0,23
28-09-2021,1552.960396039604,101.0,16
29-09-2021,1587.354838709677,155.0,22
30-09-2021,1584.1502590673574,386.0,25
01-10-2021,1503.755263157895,380.0,26
02-10-2021,1955.2631578947369,19.0,6
03-10-2021,1687.8947368421052,95.0,4
04-10-2021,1540.8706786171574,781.0,40
05-10-2021,1540.9448160535117,598.0,27
06-10-2021,1419.095238095238,315.0,19
07-10-2021,1558.5028735632184,1044.0,33
08-10-2021,1533.2537067545304,607.0,32
09-10-2021,1569.2570888468808,529.0,22
10-10-2021,1590.6641791044776,134.0,8
11-10-2021,1363.9831932773109,119.0,14
12-10-2021,1554.0025624599616,1561.0,34
13-10-2021,1517.641749723145,1806.0,35
14-10-2021,1505.5061494796594,2114.0,34
15-10-2021,1512.2259259259258,270.0,14
16-10-2021,1550.5986301369862,1460.0,24
17-10-2021,1521.15,100.0,5
18-10-2021,1571.753711790393,3435.0,43
19-10-2021,1566.3636363636365,297.0,15
20-10-2021,1571.797078931013,3218.0,38
21-10-2021,1567.1479015918958,3455.0,43
22-10-2021,1527.6493192133132,3305.0,38
23-10-2021,1528.6533135509396,2022.0,34
24-10-2021,1552.929104477612,268.0,6
25-10-2021,1541.1616757846243,6946.0,47
26-10-2021,1433.9126390293225,4945.0,41
27-10-2021,1439.6667205169629,6190.0,41
28-10-2021,1510.4720105509964,6824.0,44
29-10-2021,1472.9973627055538,6446.0,38
30-10-2021,1481.5377866400795,5015.0,30
31-10-2021,1590.3646496815286,628.0,13
01-11-2021,1443.88,3250.0,40
02-11-2021,1556.132911392405,790.0,19
03-11-2021,1557.2469135802469,162.0,14
04-11-2021,1500.0,10.0,1
05-11-2021,1563.3063457330416,457.0,22
06-11-2021,1500.842105263158,76.0,12
07-11-2021,1413.029411764706,68.0,8
08-11-2021,1517.4192033070274,5322.0,53
09-11-2021,1509.089178987103,6358.0,51
10-11-2021,1525.816295248202,8481.0,52
11-11-2021,1498.4226525557308,8882.0,52
12-11-2021,1510.109554140127,9420.0,46
13-11-2021,1512.102820932134,4892.0,35
14-11-2021,1496.6666666666667,549.0,11
15-11-2021,1503.333051635257,11833.0,51
16-11-2021,1458.6418716946423,8698.0,41
17-11-2021,1483.6957815867802,9743.0,46
18-11-2021,1505.8741067675494,4758.0,38
19-11-2021,1474.8015384615385,1300.0,20
20-11-2021,1453.643522833178,2146.0,31
21-11-2021,1604.1019417475727,206.0,8
22-11-2021,1542.546263089944,6971.0,50
23-11-2021,1527.7568306010928,5856.0,46
24-11-2021,1539.2031156381067,8345.0,46
25-11-2021,1547.7007255858214,8407.0,52
26-11-2021,1580.1413257762445,8116.0,42
27-11-2021,1595.993273542601,4014.0,32
28-11-2021,1596.372641509434,636.0,11
29-11-2021,1609.7454897993591,11862.0,50
30-11-2021,1568.6820137299771,10925.0,48
01-12-2021,1547.8049450549452,3276.0,45
02-12-2021,1547.326299924642,1327.0,26
03-12-2021,1547.3116793365584,1447.0,34
04-12-2021,1540.7339246119734,902.0,25
05-12-2021,1603.2750809061488,309.0,11
06-12-2021,1577.5052891396333,8508.0,52
07-12-2021,1594.2819409407923,6739.0,41
08-12-2021,1571.0219147758717,9035.0,48
09-12-2021,1573.2681928635377,7819.0,47
10-12-2021,1579.966587445827,7153.0,45
11-12-2021,1560.8098558809857,2151.0,32
12-12-2021,1510.9115913555993,509.0,8
13-12-2021,1598.9267690927445,8917.0,52
14-12-2021,1573.0933758978451,7518.0,44
15-12-2021,1575.626325316783,7734.0,45
16-12-2021,1561.1594816525533,7794.0,55
17-12-2021,1562.581164221486,6339.0,47
18-12-2021,1532.290196078431,1785.0,30
19-12-2021,1702.7287581699347,306.0,7
20-12-2021,1594.96600877193,6384.0,56
21-12-2021,1587.788531278332,4412.0,38
22-12-2021,1588.2988060164366,6449.0,51
23-12-2021,1604.7284221173295,5932.0,52
24-12-2021,1558.479584120983,5290.0,38
25-12-2021,1645.1703617269543,857.0,14
26-12-2021,1537.2254641909817,377.0,8
27-12-2021,1606.355665181413,6284.0,50
28-12-2021,1592.5062811092675,4219.0,36
29-12-2021,1600.3721244925575,4434.0,40
30-12-2021,1599.0015978087197,4381.0,45
31-12-2021,1609.675468483816,2348.0,36
01-01-2022,1617.46,1544.0,31
02-01-2022,1582.22,255.0,5
03-01-2022,1618.81,4850.0,44
04-01-2022,1613.84,3345.0,36
05-01-2022,1619.29,2384.0,24
06-01-2022,1628.34,3591.0,27
07-01-2022,1641.52,3747.0,41
08-01-2022,1629.39,2142.0,27
09-01-2022,1667.97,88.0,3
10-01-2022,1644.51,3736.0,42
11-01-2022,1655.5,3173.0,34
12-01-2022,1657.53,1069.0,25
13-01-2022,1708.29,1726.0,21
14-01-2022,1699.14,830.0,23
15-01-2022,1796.64,143.0,12
16-01-2022,1641.64,123.0,4
17-01-2022,1757.96,3106.0,45
18-01-2022,1737.18,1909.0,32
19-01-2022,1773.28,3094.0,35
20-01-2022,1881.4,3034.0,38
21-01-2022,1804.53,3186.0,38
22-01-2022,1788.95,2274.0,28
23-01-2022,1812.0,181.0,8
24-01-2022,1810.22,3727.0,44
25-01-2022,1823.06,2841.0,34
26-01-2022,1730.21,24.0,4
27-01-2022,1867.99,3291.0,40
28-01-2022,1866.83,3275.0,41
29-01-2022,1883.84,1640.0,22
30-01-2022,1800.0,22.0,1
31-01-2022,1884.83,3779.0,32
01-02-2022,1841.24,1977.0,37
02-02-2022,1835.24,3951.0,41
03-02-2022,1827.45,3479.0,37
04-02-2022,1822.86,2825.0,45
05-02-2022,1803.49,2018.0,29
06-02-2022,1774.72,127.0,4
07-02-2022,1819.83,2342.0,29
08-02-2022,1788.36,2877.0,44
09-02-2022,1808.29,3256.0,40
10-02-2022,1825.76,2742.0,38
11-02-2022,1819.82,2637.0,44
12-02-2022,1496.22,1923.0,25
13-02-2022,1794.39,90.0,6
14-02-2022,1861.29,2766.0,39
15-02-2022,1847.74,1816.0,35
16-02-2022,1882.69,2338.0,34
17-02-2022,1881.13,1601.0,36
18-02-2022,1894.5,1632.0,40
19-02-2022,1883.96,46.0,5
20-02-2022,1790.82,79.0,5
21-02-2022,1904.82,2056.0,41
22-02-2022,1861.36,1070.0,31
23-02-2022,1888.65,1602.0,36
24-02-2022,1908.33,1347.0,32
25-02-2022,1903.77,1206.0,35
26-02-2022,1974.48,645.0,22
27-02-2022,1917.37,35.0,4
28-02-2022,1977.69,1675.0,34
01-03-2022,2003.71,106.0,6
02-03-2022,2025.74,891.0,34
03-03-2022,1998.42,1111.0,37
04-03-2022,2018.43,1303.0,33
05-03-2022,2066.38,700.0,23
06-03-2022,1848.27,90.0,5
07-03-2022,2065.96,1845.0,46
08-03-2022,2048.74,824.0,31
09-03-2022,2166.27,557.0,30
10-03-2022,2134.98,807.0,34
11-03-2022,2133.33,837.0,36
12-03-2022,2178.9,610.0,23
13-03-2022,2096.7,91.0,4
14-03-2022,2201.01,1310.0,38
15-03-2022,2099.17,1307.0,31
16-03-2022,2141.86,1388.0,35
17-03-2022,2135.21,593.0,27
18-03-2022,2099.4,121.0,9
19-03-2022,2109.05,720.0,25
20-03-2022,2002.99,117.0,4
21-03-2022,2089.09,1773.0,34
22-03-2022,1956.99,1093.0,32
23-03-2022,2044.51,1621.0,33
24-03-2022,2058.97,1547.0,33
25-03-2022,2005.76,1373.0,34
26-03-2022,2047.31,738.0,22
27-03-2022,1802.78,178.0,4
28-03-2022,2022.72,1124.0,29
29-03-2022,1998.47,1265.0,22
30-03-2022,2040.08,769.0,17
31-03-2022,1979.57,473.0,19
01-04-2022,2101.17,544.0,17
02-04-2022,2164.37,169.0,16
03-04-2022,2063.77,236.0,4
04-04-2022,1975.31,2328.0,42
05-04-2022,2024.91,2065.0,38
06-04-2022,2111.87,1856.0,32
07-04-2022,2130.74,2648.0,38
08-04-2022,2191.66,2524.0,40
09-04-2022,2087.24,1006.0,28
10-04-2022,2195.3,87.0,4
11-04-2022,2194.56,2908.0,45
12-04-2022,2188.38,2272.0,32
13-04-2022,2253.49,2160.0,31
14-04-2022,2288.1,21.0,3
15-04-2022,2246.62,234.0,14
16-04-2022,2249.63,562.0,19
17-04-2022,2159.84,160.0,4
18-04-2022,2273.37,2776.0,52
19-04-2022,2242.51,1667.0,34
20-04-2022,2236.64,2332.0,34
21-04-2022,2173.9,1713.0,37
22-04-2022,2165.12,1416.0,36
23-04-2022,2177.35,723.0,27
24-04-2022,2086.58,121.0,6
25-04-2022,2172.17,1691.0,37
26-04-2022,2133.13,1502.0,38
27-04-2022,2186.96,1909.0,36
28-04-2022,2175.06,1916.0,41
29-04-2022,2130.85,1785.0,36
30-04-2022,2145.33,399.0,17
01-05-2022,2193.33,15.0,2
02-05-2022,2123.45,2968.0,42
03-05-2022,2184.91,47.0,7
04-05-2022,2116.85,1723.0,35
05-05-2022,2143.01,1655.0,39
06-05-2022,2173.8,2087.0,30
07-05-2022,2131.05,740.0,18
08-05-2022,2034.05,383.0,7
09-05-2022,2134.42,2061.0,39
10-05-2022,2156.48,1732.0,35
11-05-2022,2146.23,1032.0,31
12-05-2022,2151.42,497.0,16
13-05-2022,2209.08,1801.0,21
14-05-2022,2201.5,929.0,24
15-05-2022,2173.77,69.0,5
16-05-2022,2040.63,440.0,16
17-05-2022,2128.27,2360.0,39
18-05-2022,2116.3,2801.0,41
19-05-2022,2150.2,2633.0,44
20-05-2022,2115.46,2292.0,38
21-05-2022,2149.32,1443.0,28
22-05-2022,1937.25,171.0,5
23-05-2022,2114.63,3140.0,48
24-05-2022,2111.36,2092.0,39
25-05-2022,2103.19,1950.0,35
26-05-2022,2078.12,1915.0,42
27-05-2022,2041.81,1603.0,38
28-05-2022,1976.39,1029.0,29
29-05-2022,1989.47,38.0,2
30-05-2022,2006.57,900.0,29
31-05-2022,1990.13,2000.0,38
01-06-2022,1982.47,1136.0,34
02-06-2022,2026.41,363.0,11
03-06-2022,1989.64,355.0,22
04-06-2022,2003.89,498.0,19
05-06-2022,2092.55,47.0,6
06-06-2022,2044.0,427.0,28
07-06-2022,2129.31,675.0,37
08-06-2022,2227.19,763.0,30
09-06-2022,2227.19,563.0,34
10-06-2022,2237.22,450.0,41
11-06-2022,2209.94,393.0,31
12-06-2022,2177.18,44.0,5
13-06-2022,2199.08,414.0,41
14-06-2022,2143.2,419.0,29
15-06-2022,2201.38,220.0,30
16-06-2022,2269.22,249.0,24
17-06-2022,2163.21,160.0,29
18-06-2022,2156.25,158.0,23
19-06-2022,2245.0,28.0,4
20-06-2022,2248.61,246.0,34
21-06-2022,2215.17,172.0,29
22-06-2022,2256.62,201.0,29
23-06-2022,2265.18,159.0,33
24-06-2022,2220.28,115.0,29
25-06-2022,2337.78,141.0,20
26-06-2022,2400.0,14.0,3
27-06-2022,2280.9,134.0,29
28-06-2022,2335.33,147.0,22
29-06-2022,2260.38,118.0,28
30-06-2022,2259.11,97.0,25
01-07-2022,2289.01,92.0,15
02-07-2022,2388.58,74.0,8
03-07-2022,2488.25,8.0,2
04-07-2022,2306.27,104.0,29
05-07-2022,2337.57,110.0,27
06-07-2022,2311.9,109.0,29
07-07-2022,2382.44,98.0,21
08-07-2022,2370.91,79.0,16
09-07-2022,2351.13,97.0,19
10-07-2022,2375.14,14.0,4
11-07-2022,2364.49,76.0,17
12-07-2022,2340.03,92.0,22
13-07-2022,2298.84,67.0,21
14-07-2022,2398.78,112.0,20
15-07-2022,2339.82,80.0,18
16-07-2022,2240.7,47.0,11
17-07-2022,2392.86,14.0,3
18-07-2022,2393.39,106.0,21
19-07-2022,2555.09,110.0,18
20-07-2022,2471.94,125.0,20
21-07-2022,2172.16,162.0,19
22-07-2022,2871.36,117.0,20
23-07-2022,2358.74,54.0,17
24-07-2022,2409.09,11.0,3
25-07-2022,2459.03,117.0,22
26-07-2022,2561.81,118.0,18
27-07-2022,2310.18,87.0,20
28-07-2022,2415.63,118.0,14
29-07-2022,2606.15,101.0,11
30-07-2022,2347.12,25.0,7
31-07-2022,2400.5,10.0,3
01-08-2022,2430.46,63.0,16
02-08-2022,2224.75,122.0,14
03-08-2022,2494.1,130.0,17
04-08-2022,2443.35,86.0,24
05-08-2022,2286.25,67.0,23
06-08-2022,2085.83,60.0,12
07-08-2022,2339.47,19.0,3
08-08-2022,2229.97,88.0,25
09-08-2022,2473.64,11.0,5
10-08-2022,2390.13,68.0,19
11-08-2022,2459.89,18.0,7
12-08-2022,2476.25,65.0,16
13-08-2022,2438.74,35.0,15
14-08-2022,2375.0,14.0,2
15-08-2022,2400.0,2.0,1
16-08-2022,2695.64,25.0,5
17-08-2022,2432.01,71.0,18
18-08-2022,2479.12,75.0,20
19-08-2022,2369.46,24.0,12
20-08-2022,2660.55,67.0,10
21-08-2022,2482.5,20.0,3
22-08-2022,2521.41,135.0,24
23-08-2022,2591.99,112.0,14
24-08-2022,2543.81,88.0,18
25-08-2022,2376.54,72.0,21
26-08-2022,2540.0,14.0,3
27-08-2022,2361.0,6.0,6
28-08-2022,2400.0,2.0,1
29-08-2022,2433.05,21.0,13
30-08-2022,2463.54,28.0,10
01-09-2022,2130.41,74.0,6
02-09-2022,2242.15,41.0,10
03-09-2022,2427.29,21.0,10
04-09-2022,2456.82,11.0,2
05-09-2022,2662.08,75.0,9
06-09-2022,2335.18,22.0,10
07-09-2022,2570.48,84.0,15
08-09-2022,2478.12,85.0,15
09-09-2022,2318.75,8.0,3
10-09-2022,2281.3,23.0,7
11-09-2022,2400.0,5.0,1
12-09-2022,2654.77,13.0,3
13-09-2022,2769.13,38.0,6
14-09-2022,2110.65,17.0,5
15-09-2022,2570.41,98.0,18
16-09-2022,2850.72,58.0,8
17-09-2022,2681.61,41.0,8
18-09-2022,2350.0,8.0,1
19-09-2022,2675.23,22.0,7
20-09-2022,2227.22,41.0,9
21-09-2022,2103.94,34.0,7
22-09-2022,2304.27,119.0,18
23-09-2022,2345.23,136.0,16
24-09-2022,2084.25,60.0,10
25-09-2022,2400.96,26.0,2
26-09-2022,2090.89,181.0,8
27-09-2022,2019.74,276.0,11
28-09-2022,1760.21,413.0,24
29-09-2022,1982.87,565.0,27
30-09-2022,2164.96,216.0,18
01-10-2022,2092.72,337.0,12
02-10-2022,2097.56,41.0,3
03-10-2022,1931.3,1258.0,22
04-10-2022,1978.92,1170.0,27
05-10-2022,2000.63,430.0,13
06-10-2022,1942.9,2103.0,35
07-10-2022,1835.25,563.0,27
08-10-2022,2018.83,716.0,15
09-10-2022,2057.07,60.0,4
10-10-2022,1904.4,1351.0,29
11-10-2022,1879.27,1430.0,17
12-10-2022,1920.49,1683.0,36
13-10-2022,1800.56,2133.0,35
14-10-2022,1914.3,1952.0,30
15-10-2022,1875.84,2002.0,25
16-10-2022,1938.52,122.0,6
17-10-2022,1893.14,5109.0,45
18-10-2022,1899.26,4495.0,34
19-10-2022,1816.67,4111.0,37
20-10-2022,1810.61,3526.0,41
21-10-2022,1862.31,3683.0,33
22-10-2022,2054.46,228.0,16
23-10-2022,1807.27,22.0,6
24-10-2022,1934.85,33.0,5
25-10-2022,1974.71,52.0,6
26-10-2022,2005.35,358.0,15
27-10-2022,1834.45,1283.0,31
28-10-2022,1899.22,2788.0,32
29-10-2022,1923.65,1155.0,26
30-10-2022,2003.34,254.0,9
31-10-2022,1875.65,7997.0,53
01-11-2022,1774.92,6447.0,44
02-11-2022,1832.5,7317.0,46
03-11-2022,1858.38,7846.0,50
04-11-2022,1831.45,5679.0,41
05-11-2022,1900.44,4560.0,39
06-11-2022,1894.97,974.0,9
07-11-2022,1951.7,9846.0,54
08-11-2022,1921.35,1519.0,22
09-11-2022,1936.67,12749.0,58
10-11-2022,1925.25,10654.0,56
11-11-2022,1878.86,8486.0,43
12-11-2022,1928.58,3628.0,29
13-11-2022,2037.6,669.0,7
14-11-2022,1953.57,7110.0,28
15-11-2022,1969.05,7969.0,42
16-11-2022,1926.98,10057.0,59
17-11-2022,1962.43,9671.0,56
18-11-2022,1958.68,7799.0,57
19-11-2022,1885.93,4173.0,41
20-11-2022,1909.23,483.0,9
21-11-2022,2014.06,6738.0,43
22-11-2022,1984.52,8802.0,40
23-11-2022,2012.62,8745.0,48
24-11-2022,1994.83,7188.0,43
25-11-2022,1996.1,6701.0,28
26-11-2022,1957.89,3023.0,35
27-11-2022,1736.13,144.0,5
28-11-2022,1965.89,1304.0,16
29-11-2022,1993.77,4451.0,26
30-11-2022,1962.1,5999.0,42
01-12-2022,1995.54,7174.0,39
02-12-2022,2005.08,8024.0,50
03-12-2022,2000.39,2811.0,33
04-12-2022,2035.85,60.0,4
05-12-2022,1999.73,5938.0,31
06-12-2022,2064.46,2591.0,27
07-12-2022,1998.02,3701.0,34
08-12-2022,2036.81,8728.0,52
09-12-2022,2011.78,6582.0,53
10-12-2022,2005.33,4150.0,41
11-12-2022,2094.84,677.0,9
12-12-2022,2026.04,7387.0,54
13-12-2022,2001.09,4507.0,52
14-12-2022,1994.92,3730.0,52
15-12-2022,2020.68,3755.0,53
16-12-2022,2045.44,2582.0,44
17-12-2022,2059.84,2040.0,36
18-12-2022,1869.4,48.0,4
19-12-2022,2064.16,4982.0,50
20-12-2022,2100.44,3696.0,47
21-12-2022,2085.85,3690.0,32
22-12-2022,2097.19,5286.0,23
23-12-2022,2115.86,5854.0,44
24-12-2022,2077.01,2605.0,30
25-12-2022,2083.96,106.0,4
26-12-2022,2121.83,2042.0,19
27-12-2022,2056.68,2837.0,20
28-12-2022,2087.69,6322.0,47
29-12-2022,2093.57,5969.0,54
30-12-2022,2095.92,4972.0,45
31-12-2022,2077.22,1870.0,25
01-01-2023,2029.12,301.0,5
02-01-2023,2125.24,3217.0,22
03-01-2023,2111.79,3248.0,21
04-01-2023,2130.45,3101.0,31
05-01-2023,2109.09,1655.0,15
06-01-2023,2130.51,1401.0,14
07-01-2023,1474.9,1800.0,24
08-01-2023,1825.0,1.0,1
09-01-2023,2140.88,195.0,6
10-01-2023,2071.08,2318.0,19
11-01-2023,2174.05,4319.0,40
12-01-2023,2111.53,1688.0,30
13-01-2023,2109.37,849.0,13
14-01-2023,2081.37,1222.0,24
15-01-2023,2104.78,32.0,2
16-01-2023,2132.02,141.0,10
17-01-2023,2103.5,1850.0,30
18-01-2023,2117.34,631.0,12
19-01-2023,2183.9,894.0,16
20-01-2023,2253.04,1762.0,24
21-01-2023,2153.13,1232.0,25
22-01-2023,2067.31,29.0,3
23-01-2023,2107.57,4087.0,48
24-01-2023,2100.83,2316.0,42
25-01-2023,2079.58,3346.0,44
26-01-2023,2050.0,15.0,2
27-01-2023,2109.41,1866.0,48
28-01-2023,2140.1,1209.0,28
29-01-2023,1987.5,36.0,4
30-01-2023,2089.21,2519.0,53
31-01-2023,2081.68,2284.0,45
01-02-2023,2038.37,407.0,32
02-02-2023,2101.49,2708.0,47
03-02-2023,2070.7,1542.0,41
04-02-2023,2086.23,1132.0,34
05-02-2023,2007.29,96.0,5
06-02-2023,2109.1,2009.0,46
07-02-2023,2098.26,1516.0,43
08-02-2023,2097.78,1665.0,43
09-02-2023,2089.01,2015.0,46
10-02-2023,2114.65,1542.0,43
11-02-2023,2111.98,518.0,25
12-02-2023,1980.32,112.0,7
13-02-2023,2131.43,1526.0,48
14-02-2023,2078.66,1246.0,45
15-02-2023,2051.84,1262.0,41
16-02-2023,2079.37,1041.0,42
17-02-2023,2102.51,1138.0,46
18-02-2023,2398.27,82.0,12
19-02-2023,2086.23,53.0,5
20-02-2023,2089.05,952.0,42
21-02-2023,1694.52,1362.0,42
22-02-2023,2083.85,734.0,39
23-02-2023,2091.41,982.0,44
24-02-2023,2061.33,652.0,37
25-02-2023,2070.39,606.0,30
26-02-2023,2005.6,150.0,5
27-02-2023,2057.77,1219.0,42
28-02-2023,2027.37,960.0,35
01-03-2023,2055.97,1224.0,44
02-03-2023,2052.75,1230.0,46
03-03-2023,2010.22,1012.0,42
04-03-2023,2042.52,540.0,30
05-03-2023,2053.79,95.0,6
06-03-2023,2134.21,432.0,29
07-03-2023,1816.1,51.0,6
08-03-2023,2147.65,445.0,30
09-03-2023,2036.27,594.0,35
10-03-2023,2049.66,769.0,32
11-03-2023,2069.15,709.0,27
12-03-2023,2173.54,70.0,5
13-03-2023,2087.83,1025.0,34
14-03-2023,2049.5,951.0,37
15-03-2023,1996.84,809.0,37
16-03-2023,2005.29,438.0,34
17-03-2023,2049.07,375.0,38
18-03-2023,2044.01,244.0,28
19-03-2023,1940.41,82.0,6
20-03-2023,2200.86,721.0,37
21-03-2023,2002.66,731.0,35
22-03-2023,2021.78,266.0,15
23-03-2023,2021.33,847.0,36
24-03-2023,1994.0,1032.0,29
25-03-2023,2084.51,806.0,32
26-03-2023,2044.42,149.0,6
27-03-2023,2065.98,1580.0,35
28-03-2023,2043.32,1591.0,39
29-03-2023,2054.74,1593.0,35
30-03-2023,1974.27,215.0,9
31-03-2023,2046.14,729.0,23
01-04-2023,2055.54,541.63,21
02-04-2023,1993.73,282.96,6
03-04-2023,2010.49,1824.89,33
04-04-2023,2154.64,220.79,8
05-04-2023,1989.19,3218.99,40
06-04-2023,1892.06,2426.4,32
07-04-2023,2144.81,927.06,15
08-04-2023,2063.45,1804.44,36
09-04-2023,1972.07,519.45,8
10-04-2023,2187.82,2489.31,45
11-04-2023,1992.55,2992.63,41
12-04-2023,1949.7,3830.73,47
13-04-2023,2017.33,3950.67,46
14-04-2023,2193.43,426.4,11
15-04-2023,1982.19,1964.76,31
16-04-2023,2027.06,748.04,10
17-04-2023,1864.48,3655.41,47
18-04-2023,1894.77,4521.54,48
19-04-2023,1893.91,4084.81,48
20-04-2023,1926.58,3568.49,43
21-04-2023,1944.99,3100.16,43
22-04-2023,2006.57,100.0,12
23-04-2023,1925.61,313.92,8
24-04-2023,1848.34,3546.37,52
25-04-2023,1807.65,3888.97,45
26-04-2023,1744.58,4993.32,45
27-04-2023,1743.63,2147.07,37
28-04-2023,1886.74,669.81,21
29-04-2023,1813.8,721.0,21
30-04-2023,1769.4,57.0,4
01-05-2023,1807.53,73.0,4
02-05-2023,1726.54,2236.0,41
03-05-2023,1947.48,2416.89,45
04-05-2023,1800.0,2475.0,45
05-05-2023,1808.87,948.11,15
06-05-2023,1743.9,2908.84,38
07-05-2023,1702.32,620.73,7
08-05-2023,1706.57,5127.06,55
09-05-2023,1712.87,3709.27,43
10-05-2023,1677.6,3836.14,43
11-05-2023,1737.25,3645.39,46
12-05-2023,1652.8,3713.71,40
13-05-2023,1669.87,2300.17,35
14-05-2023,1756.22,439.0,8
15-05-2023,1696.13,4865.65,44
16-05-2023,1702.59,3764.08,45
17-05-2023,1725.13,3693.59,48
18-05-2023,1775.81,4537.49,54
19-05-2023,1661.95,3407.58,44
20-05-2023,1686.34,2258.89,31
21-05-2023,1721.83,325.08,3
22-05-2023,1717.3,4228.9,48
23-05-2023,1715.31,3858.0,45
24-05-2023,1772.93,3926.18,45
25-05-2023,1709.34,3671.67,51
26-05-2023,1693.31,4231.17,49
27-05-2023,1698.57,2095.38,36
28-05-2023,1838.79,197.0,7
29-05-2023,1734.0,3487.24,50
30-05-2023,1696.93,3952.0,47
31-05-2023,1728.98,3556.16,50
01-06-2023,1717.05,3205.68,50
02-06-2023,1698.78,1865.0,45
03-06-2023,1807.85,1708.21,38
04-06-2023,1646.78,504.0,8
05-06-2023,1820.08,2447.91,52
06-06-2023,1808.52,1902.5,49
07-06-2023,1765.51,1658.54,50
08-06-2023,1805.91,1441.08,58
09-06-2023,1796.62,928.73,49
10-06-2023,1795.27,778.0,33
11-06-2023,1826.96,56.0,5
12-06-2023,1927.8,1598.09,56
13-06-2023,1870.98,848.7,44
14-06-2023,1990.17,667.0,40
15-06-2023,1823.08,1233.32,45
16-06-2023,1882.17,745.49,40
17-06-2023,1878.48,519.56,28
18-06-2023,1869.88,52.0,6
19-06-2023,1960.41,853.14,40
20-06-2023,1982.06,627.06,39
21-06-2023,2045.23,536.52,40
22-06-2023,2014.81,417.0,41
23-06-2023,1885.39,1119.64,38
24-06-2023,2013.36,192.0,26
25-06-2023,1891.62,45.0,6
26-06-2023,2212.09,453.76,41
27-06-2023,2159.85,674.14,39
28-06-2023,2288.86,230.92,32
29-06-2023,2014.59,27.0,7
30-06-2023,2283.97,256.16,24
01-07-2023,2083.11,248.21,22
02-07-2023,2046.67,30.0,4
03-07-2023,2336.22,376.46,33
04-07-2023,2203.73,252.05,32
05-07-2023,2247.68,246.21,32
06-07-2023,2067.39,450.29,34
07-07-2023,2171.85,260.92,34
08-07-2023,2371.13,170.05,24
09-07-2023,1854.69,127.84,7
10-07-2023,2105.31,314.63,35
11-07-2023,2342.03,201.22,29
12-07-2023,2046.72,207.98,33
13-07-2023,2467.3,227.0,31
14-07-2023,1968.51,273.26,27
15-07-2023,2176.21,160.38,28
16-07-2023,1830.05,298.81,8
17-07-2023,2011.82,278.93,29
18-07-2023,2322.06,268.24,30
19-07-2023,1965.77,509.88,22
20-07-2023,2034.78,537.95,25
21-07-2023,2178.37,199.25,25
22-07-2023,2522.94,127.05,20
23-07-2023,1778.28,267.91,6
24-07-2023,2063.67,441.37,31
25-07-2023,2677.37,293.17,26
26-07-2023,2406.96,156.0,21
27-07-2023,2375.14,254.04,23
28-07-2023,2645.15,157.0,19
29-07-2023,2765.02,119.08,9
30-07-2023,2137.3,13.11,4
31-07-2023,2333.59,274.0,28
01-08-2023,2390.82,362.0,23
02-08-2023,2124.54,144.05,26
03-08-2023,2675.65,229.0,26
04-08-2023,2141.28,127.0,22
05-08-2023,2807.66,115.13,17
06-08-2023,2123.44,16.0,3
07-08-2023,2598.2,296.51,25
08-08-2023,2230.08,134.0,19
09-08-2023,2499.24,180.11,25
10-08-2023,2162.21,251.0,33
11-08-2023,2227.51,133.8,26
12-08-2023,2520.86,99.0,19
13-08-2023,2233.1,17.16,5
14-08-2023,2199.1,191.05,21
15-08-2023,2170.0,1.0,1
16-08-2023,3574.71,104.0,5
17-08-2023,2742.37,358.0,25
18-08-2023,2197.98,159.54,25
19-08-2023,2107.64,64.0,12
20-08-2023,1882.86,49.0,4
21-08-2023,2210.57,152.0,21
22-08-2023,2569.13,125.9,22
23-08-2023,2739.67,160.0,16
24-08-2023,2293.28,143.0,18
25-08-2023,2343.29,128.0,23
26-08-2023,2307.34,59.0,18
27-08-2023,2051.92,26.0,3
28-08-2023,2379.23,255.0,22
29-08-2023,2638.56,94.0,10
30-08-2023,3630.0,10.0,2
31-08-2023,2123.49,117.0,21
01-09-2023,2503.02,85.0,18
02-09-2023,2197.71,56.0,11
03-09-2023,2131.25,8.0,2
04-09-2023,2721.18,100.0,18
05-09-2023,2774.64,148.0,25
06-09-2023,2986.11,117.0,15
07-09-2023,2070.8,51.0,8
08-09-2023,3190.39,94.0,12
09-09-2023,2876.35,40.0,12
10-09-2023,2147.06,17.0,2
11-09-2023,2847.22,219.04,26
12-09-2023,2436.93,98.0,16
13-09-2023,2595.26,132.0,13
14-09-2023,2249.18,115.0,5
15-09-2023,2557.0,105.94,18
16-09-2023,2435.99,46.12,14
17-09-2023,2155.85,28.31,2
18-09-2023,2159.58,98.0,14
19-09-2023,1964.28,29.0,6
20-09-2023,3265.07,136.0,11
21-09-2023,2352.92,91.0,15
22-09-2023,3035.14,58.79,12
23-09-2023,2933.38,140.0,12
24-09-2023,2186.17,6.0,3
25-09-2023,2069.99,184.0,19
26-09-2023,2934.04,119.0,13
27-09-2023,2880.43,71.04,11
29-09-2023,2070.72,23.91,5
30-09-2023,2064.04,57.0,8
01-10-2023,2045.0,20.0,2
02-10-2023,1994.32,44.0,3
03-10-2023,2249.26,294.0,24
04-10-2023,2352.07,440.17,25
05-10-2023,2084.5,284.0,24
06-10-2023,1916.5,297.0,24
07-10-2023,2209.25,297.74,22
08-10-2023,1936.17,28.06,3
09-10-2023,1965.67,753.87,33
10-10-2023,2104.27,610.0,26
11-10-2023,1915.27,843.0,29
12-10-2023,1977.27,800.0,30
13-10-2023,1817.85,1058.0,29
14-10-2023,2882.85,109.0,7
15-10-2023,1806.64,95.0,4
16-10-2023,1847.63,1909.57,33
17-10-2023,1779.57,1737.11,32
18-10-2023,1725.09,1982.7,35
19-10-2023,1806.07,1653.0,34
20-10-2023,1792.93,1966.86,35
21-10-2023,1931.59,1078.45,26
22-10-2023,2036.31,45.53,3
23-10-2023,1972.27,1795.0,26
24-10-2023,2210.65,643.35,10
25-10-2023,1966.35,2159.0,41
26-10-2023,1977.36,2618.0,37
27-10-2023,1982.81,2956.39,40
28-10-2023,2191.88,1719.68,32
29-10-2023,2062.88,173.07,8
30-10-2023,2019.73,4931.1,46
31-10-2023,1959.26,3461.8,35
01-11-2023,2064.8,4932.3,42
02-11-2023,2033.1,5027.0,41
03-11-2023,1996.49,3087.0,36
04-11-2023,2073.94,1685.0,20
06-11-2023,2104.28,7837.22,54
07-11-2023,2054.89,7730.0,50
08-11-2023,2098.37,6017.91,45
09-11-2023,2074.19,4835.0,36
10-11-2023,2222.97,1500.41,21
11-11-2023,2060.25,138.98,11
12-11-2023,2000.0,15.0,1
13-11-2023,2118.98,46.9,3
14-11-2023,2147.52,241.67,10
15-11-2023,2120.48,137.38,7
16-11-2023,2085.39,3915.0,38
17-11-2023,2161.83,2954.94,51
18-11-2023,2170.06,2047.99,37
19-11-2023,2095.16,189.81,5
20-11-2023,2131.41,7169.88,49
21-11-2023,2153.04,7353.71,49
22-11-2023,2115.96,6917.59,48
23-11-2023,2098.68,9971.0,56
24-11-2023,2120.65,8759.44,50
25-11-2023,2120.44,4539.27,33
26-11-2023,2118.11,212.67,5
27-11-2023,2186.47,815.45,15
28-11-2023,2193.2,2231.78,39
29-11-2023,2123.78,1770.87,41
30-11-2023,2112.9,2024.0,24
01-12-2023,2106.44,381.0,7
02-12-2023,2224.34,657.0,14
03-12-2023,2192.93,156.0,5
04-12-2023,2139.65,5731.0,50
05-12-2023,2142.91,5331.0,43
06-12-2023,2161.07,6153.0,50
07-12-2023,2115.39,5829.0,48
08-12-2023,2184.65,3618.0,47
09-12-2023,2106.34,3434.0,33
10-12-2023,2054.55,406.0,6
11-12-2023,2157.51,7017.0,50
12-12-2023,2138.11,4177.0,41
13-12-2023,2108.11,6900.0,47
14-12-2023,2110.3,6614.0,43
15-12-2023,2147.29,5813.0,48
16-12-2023,2113.6,2682.0,36
17-12-2023,2067.37,358.0,8
18-12-2023,2078.34,7483.0,49
19-12-2023,2107.15,4099.0,38
20-12-2023,2082.21,5153.0,38
21-12-2023,2082.36,5335.0,42
22-12-2023,2149.55,3527.0,40
23-12-2023,2048.38,2847.0,25
24-12-2023,2029.63,54.0,4
25-12-2023,2051.08,1022.0,14
26-12-2023,2079.72,2784.0,35
27-12-2023,2069.83,3897.0,40
28-12-2023,2116.69,5023.0,43
29-12-2023,2109.27,4050.0,41
30-12-2023,2089.48,3042.0,30
31-12-2023,2079.22,83.0,5
01-01-2024,2107.03,5358.0,41
02-01-2024,2092.6,4564.0,42
03-01-2024,2115.7,3845.0,39
04-01-2024,2098.15,3953.0,38
05-01-2024,2136.15,3100.0,37
06-01-2024,2106.42,1902.0,29
07-01-2024,2057.43,37.0,5
08-01-2024,2141.93,4003.0,42
09-01-2024,2117.86,2813.0,43
10-01-2024,2130.23,3169.0,37
11-01-2024,2159.46,2442.0,33
12-01-2024,2163.99,3434.0,38
13-01-2024,2168.35,1458.0,27
14-01-2024,2142.9,155.0,3
15-01-2024,2245.58,631.0,18
16-01-2024,2342.02,769.0,27
17-01-2024,2240.26,2943.0,36
18-01-2024,2263.74,4628.0,43
19-01-2024,2258.2,2697.0,36
20-01-2024,2227.33,2096.0,20
21-01-2024,2100.0,11.0,1
22-01-2024,2175.52,94.0,4
23-01-2024,2235.49,2846.0,37
24-01-2024,2256.78,3906.0,33
25-01-2024,2138.46,2191.0,26
26-01-2024,2141.76,37.0,4
27-01-2024,2177.07,1851.0,26
28-01-2024,2044.0,10.0,2
29-01-2024,2172.99,2331.0,40
30-01-2024,2146.29,3464.0,39
31-01-2024,2158.89,2800.0,36
01-02-2024,2171.95,2891.0,42
02-02-2024,2164.26,2039.0,39
03-02-2024,2198.8,1188.0,32
04-02-2024,2170.0,70.0,3
05-02-2024,2206.04,2341.0,36
06-02-2024,2180.31,1961.0,35
07-02-2024,2202.33,2029.0,40
08-02-2024,2179.94,1724.0,38
09-02-2024,2165.75,1256.0,35
10-02-2024,2227.79,485.0,28
11-02-2024,2135.29,17.0,2
12-02-2024,2211.89,1913.0,38
13-02-2024,2177.77,1725.0,35
14-02-2024,2170.67,1673.0,29
15-02-2024,2183.51,1138.0,38
16-02-2024,2175.0,843.0,34
17-02-2024,2145.19,413.0,18
18-02-2024,2100.0,8.0,1
19-02-2024,2179.2,148.0,7
20-02-2024,2128.31,1539.0,33
21-02-2024,2181.8,1483.0,45
22-02-2024,2139.71,1607.0,42
23-02-2024,2133.96,719.0,34
24-02-2024,2120.59,482.0,20
25-02-2024,1981.03,29.0,2
26-02-2024,2355.0,45.0,8
27-02-2024,2218.5,1210.0,27
28-02-2024,2216.6,737.5,36
29-02-2024,2145.96,1305.5,46
01-03-2024,2135.3,984.7,44
02-03-2024,2128.97,406.7,28
03-03-2024,2029.62,19.6,3
04-03-2024,2194.66,1239.1,41
05-03-2024,2137.92,840.6,38
06-03-2024,2147.9,1161.2,41
07-03-2024,2212.81,849.8,27
08-03-2024,2095.38,125.56,10
09-03-2024,2090.32,526.6,28
10-03-2024,2038.67,22.5,4
11-03-2024,2184.0,1552.8,44
12-03-2024,2255.0,1546.1,40
13-03-2024,2164.89,1886.3,46
14-03-2024,2267.94,1404.4,40
15-03-2024,2205.85,1725.4,43
16-03-2024,2193.97,1049.7,32
17-03-2024,2077.57,65.3,6
18-03-2024,2125.98,2090.4,51
19-03-2024,2140.6,2138.6,43
20-03-2024,2224.38,1377.2,35
21-03-2024,2132.75,2188.3,44
22-03-2024,2112.64,1386.6,38
23-03-2024,2084.46,628.9,23
24-03-2024,2136.17,18.8,2
25-03-2024,2083.44,324.8,6
26-03-2024,2140.67,3869.7,41
27-03-2024,2136.61,1720.4,38
28-03-2024,2100.97,1957.8,25
29-03-2024,2079.65,253.6,11
30-03-2024,2208.7,176.1,15
31-03-2024,2112.09,33.5,4
01-04-2024,2061.6,537.51,15
02-04-2024,2186.32,1964.38,38
03-04-2024,2091.67,2348.88,32
04-04-2024,2068.31,2267.7,32
05-04-2024,2005.73,2681.43,39
06-04-2024,2141.14,1579.66,30
07-04-2024,2010.73,307.6,8
08-04-2024,2064.1,2629.87,27
09-04-2024,2116.58,211.1,5
12-04-2024,1972.97,8.51,2
13-04-2024,2046.53,1165.7,24
14-04-2024,1941.84,29.4,3
15-04-2024,2177.57,1921.9,28
16-04-2024,1952.5,4.0,2
19-04-2024,2058.71,1885.59,29
20-04-2024,2167.95,3.12,2
21-04-2024,2108.65,10.29,3
22-04-2024,2133.43,1201.33,27
23-04-2024,2087.26,304.5,8
24-04-2024,2128.73,1631.76,23
25-04-2024,1979.72,2406.0,34
26-04-2024,2085.71,1697.87,30
27-04-2024,2158.18,1631.33,32
28-04-2024,1968.71,315.39,6
29-04-2024,2142.46,1945.22,40
30-04-2024,2084.38,1727.73,32
01-05-2024,1970.77,120.6,3
02-05-2024,2094.63,1816.6,32
03-05-2024,2085.7,1971.79,41
04-05-2024,2160.62,1765.68,35
05-05-2024,2043.34,80.11,4
06-05-2024,2118.59,2208.2,49
07-05-2024,2127.77,2765.08,38
08-05-2024,2088.33,2288.74,38
09-05-2024,2169.63,1890.0,25
10-05-2024,2296.12,259.19,20
11-05-2024,2169.72,612.59,22
12-05-2024,2000.0,24.4,1
13-05-2024,2252.41,1069.1,25
14-05-2024,2107.54,2005.13,42
15-05-2024,2133.6,1945.9,40
16-05-2024,2127.16,2208.3,44
17-05-2024,2150.07,1900.24,49
18-05-2024,2163.02,1172.12,34
19-05-2024,1965.0,183.74,8
20-05-2024,2119.65,1926.24,36
21-05-2024,2212.5,1647.04,44
22-05-2024,2240.42,1286.14,31
23-05-2024,2300.25,369.3,13
24-05-2024,2182.87,1280.63,44
25-05-2024,2195.46,1131.25,30
26-05-2024,2108.66,28.3,5
27-05-2024,2228.92,1679.55,45
28-05-2024,2350.72,1140.51,35
29-05-2024,2338.91,610.41,37
30-05-2024,2236.87,745.8,43
31-05-2024,2250.13,803.45,41
01-06-2024,2290.2,703.27,30
02-06-2024,2084.59,42.5,5
03-06-2024,2298.63,724.1,38
04-06-2024,2313.84,591.26,33
05-06-2024,2432.63,501.52,39
06-06-2024,2304.03,340.4,33
07-06-2024,2369.17,455.44,43
08-06-2024,2193.96,788.2,26
09-06-2024,2155.34,43.1,6
10-06-2024,2275.19,282.9,32
11-06-2024,2307.4,283.4,26
12-06-2024,2261.22,120.6,17
13-06-2024,2301.42,99.7,21
14-06-2024,2302.07,117.4,22
15-06-2024,2331.64,67.0,15
16-06-2024,2138.47,11.0,3
17-06-2024,2418.55,18.5,3
18-06-2024,2305.33,105.6,23
19-06-2024,1997.04,191.9,21
20-06-2024,2279.84,41.5,18
21-06-2024,2305.47,66.4,20
22-06-2024,2425.85,24.7,14
23-06-2024,2210.53,9.5,2
24-06-2024,2970.68,120.0,17
25-06-2024,2950.7,97.89,20
26-06-2024,2754.52,68.1,19
27-06-2024,2262.19,139.3,21
28-06-2024,2634.65,205.42,28
29-06-2024,2721.19,224.4,20
30-06-2024,2247.43,17.5,3
01-07-2024,2617.89,119.8,31
02-07-2024,2388.89,84.2,24
03-07-2024,2366.11,67.5,26
04-07-2024,2278.02,230.5,26
05-07-2024,2345.3,88.26,25
06-07-2024,2849.19,68.3,19
07-07-2024,1943.4,21.2,3
08-07-2024,2451.6,61.6,25
09-07-2024,2749.25,77.6,22
10-07-2024,2946.37,116.7,19
11-07-2024,2347.67,103.4,25
12-07-2024,2902.86,65.74,14
13-07-2024,2531.43,45.0,12
14-07-2024,2450.0,6.6,1
15-07-2024,2791.14,117.2,16
16-07-2024,2814.92,73.1,17
17-07-2024,2610.6,1.0,2
18-07-2024,2889.02,32.99,15
19-07-2024,2322.09,239.16,16
20-07-2024,2365.18,10.18,14
21-07-2024,2500.0,16.91,2
22-07-2024,2845.12,41.8,16
23-07-2024,2677.21,91.6,15
24-07-2024,2518.64,76.47,19
25-07-2024,2524.21,37.8,19
26-07-2024,3009.5,62.0,14
27-07-2024,2390.96,30.57,13
28-07-2024,2550.0,2.6,1
29-07-2024,2732.35,13.0,9
30-07-2024,2800.79,66.0,24
31-07-2024,2683.61,63.3,27
01-08-2024,2423.46,129.1,28
02-08-2024,2828.72,162.81,25
03-08-2024,2332.69,46.8,15
04-08-2024,2500.0,5.74,3
05-08-2024,2974.8,114.64,24
06-08-2024,2443.04,39.6,26
07-08-2024,2987.99,59.26,27
08-08-2024,2752.77,88.3,30
09-08-2024,2508.78,65.25,18
10-08-2024,2560.92,15.9,14
11-08-2024,2590.49,23.76,5
12-08-2024,3186.43,79.1,17
13-08-2024,2298.15,42.2,12
14-08-2024,2497.03,18.7,13
16-08-2024,2528.19,25.7,12
17-08-2024,2517.57,8.7,11
18-08-2024,2505.52,3.77,4
19-08-2024,2708.67,1.2,4
20-08-2024,2477.7,15.1,15
21-08-2024,2477.77,31.57,17
22-08-2024,2631.56,40.4,25
23-08-2024,2548.97,45.7,28
24-08-2024,2276.11,21.8,12
25-08-2024,2590.05,5.63,3
26-08-2024,2623.73,27.0,18
27-08-2024,2540.71,20.9,17
28-08-2024,2458.12,26.5,22
29-08-2024,2663.4,47.1,24
30-08-2024,2469.53,45.08,23
31-08-2024,2566.07,13.38,11
01-09-2024,2593.44,6.1,2
02-09-2024,2644.51,12.94,6
03-09-2024,2512.8,18.55,16
04-09-2024,2334.28,44.09,24
05-09-2024,2679.61,34.3,20
06-09-2024,2626.35,53.54,29
07-09-2024,2527.49,3.82,4
08-09-2024,2548.53,3.4,2
09-09-2024,2364.94,95.47,26
10-09-2024,2441.73,69.4,22
11-09-2024,2401.82,73.74,20
12-09-2024,2551.78,127.7,20
13-09-2024,2352.56,71.92,18
14-09-2024,2250.31,60.9,18
15-09-2024,2556.52,4.6,2
16-09-2024,2131.13,51.7,7
17-09-2024,1951.56,44.34,10
18-09-2024,2154.58,539.6,29
19-09-2024,1918.81,956.3,30
20-09-2024,1720.54,1753.84,32
21-09-2024,1928.32,1349.63,24
22-09-2024,2523.24,11.67,4
23-09-2024,1695.01,1897.26,28
24-09-2024,1533.39,1154.7,36
25-09-2024,1469.28,425.11,25
26-09-2024,2236.44,633.4,33
27-09-2024,1856.89,321.23,29
28-09-2024,1852.95,272.92,21
29-09-2024,2205.78,43.06,6
30-09-2024,1894.51,2155.51,37
01-10-2024,1820.24,1708.61,35
02-10-2024,1983.64,110.32,9
03-10-2024,2210.31,2801.4,35
04-10-2024,2140.69,2996.31,46
05-10-2024,2168.67,4041.52,35
06-10-2024,2092.96,127.9,5
07-10-2024,1685.17,1309.9,14
09-10-2024,2034.55,4745.56,49
10-10-2024,2066.36,4475.6,42
11-10-2024,2086.91,2718.18,42
12-10-2024,2283.56,1866.78,15
13-10-2024,2168.98,175.8,6
14-10-2024,2204.33,4600.16,45
15-10-2024,2092.25,3101.94,48
16-10-2024,2019.23,6069.04,53
17-10-2024,2070.54,4123.0,42
18-10-2024,1906.78,5685.16,54
19-10-2024,1942.89,2413.67,41
20-10-2024,2188.97,259.3,6
21-10-2024,2018.88,4998.3,49
22-10-2024,2024.83,4739.9,55
23-10-2024,2102.48,8127.1,53
24-10-2024,1984.9,8717.85,53
25-10-2024,2071.25,8918.33,51
26-10-2024,1965.48,5383.29,45
27-10-2024,2107.41,322.21,8
28-10-2024,1998.65,11811.4,42
29-10-2024,2076.35,3824.82,32
30-10-2024,1926.02,2077.68,20
31-10-2024,2221.05,1.9,2
01-11-2024,1967.26,195.8,4
02-11-2024,2154.52,821.63,20
03-11-2024,1822.02,130.42,4
04-11-2024,2018.82,6083.78,38
05-11-2024,1958.14,9254.79,50
06-11-2024,1931.68,11073.66,57
07-11-2024,1982.35,14066.3,60
08-11-2024,1946.74,13410.25,61
09-11-2024,2015.87,5078.05,46
10-11-2024,2087.48,812.39,5
11-11-2024,1997.71,15039.64,58
12-11-2024,1987.85,11978.2,57
13-11-2024,2012.51,18846.9,57
14-11-2024,1988.75,10280.1,51
15-11-2024,2096.92,2095.53,24
16-11-2024,2077.01,13865.99,45
17-11-2024,2044.08,719.65,10
18-11-2024,2056.23,10711.91,50
19-11-2024,2030.94,4429.22,27
20-11-2024,1900.0,58.8,2
21-11-2024,2123.62,11226.1,52
22-11-2024,2112.31,12006.02,54
23-11-2024,2046.29,5506.43,26
24-11-2024,2090.57,764.86,9
25-11-2024,2108.23,17022.5,62
26-11-2024,2098.73,12668.32,48
27-11-2024,2143.7,14611.19,59
28-11-2024,2113.23,6492.63,39
29-11-2024,2246.69,1388.3,7
30-11-2024,2157.07,1791.8,9
01-12-2024,2155.23,453.1,5
02-12-2024,2117.23,16027.79,57
03-12-2024,2119.15,12756.18,53
04-12-2024,2085.08,12193.26,58
05-12-2024,2131.13,7176.5,52
06-12-2024,2085.51,4810.26,52
07-12-2024,2124.41,2294.07,40
08-12-2024,2105.22,182.01,7
09-12-2024,2126.07,11339.23,52
10-12-2024,2147.58,7719.54,44
11-12-2024,2140.06,4112.3,26
12-12-2024,2130.41,8984.3,48
13-12-2024,2145.05,7653.99,52
14-12-2024,2112.88,2796.85,34
15-12-2024,2147.82,219.65,5
16-12-2024,2148.39,9181.8,50
17-12-2024,2156.94,8076.63,52
18-12-2024,2166.63,8491.02,48
19-12-2024,2149.91,9825.38,54
20-12-2024,2180.92,6681.76,48
21-12-2024,2208.19,2965.56,38
22-12-2024,2152.87,169.0,6
23-12-2024,2182.28,7382.16,45
24-12-2024,2196.92,4128.09,34
25-12-2024,2210.75,221.4,6
26-12-2024,2195.75,5444.65,45
27-12-2024,2203.66,2703.86,53
28-12-2024,2192.61,1406.94,34
29-12-2024,2054.68,98.31,5
30-12-2024,2228.27,2676.89,42
31-12-2024,2219.34,2319.01,47
01-01-2025,2260.46,2944.07,37
02-01-2025,2256.62,3557.49,40
03-01-2025,2278.87,3096.1,47
04-01-2025,2276.21,2264.28,34
05-01-2025,2176.08,332.4,7
06-01-2025,2293.43,3776.98,41
07-01-2025,2316.47,3194.45,41
08-01-2025,2343.07,3305.01,34
09-01-2025,2288.58,3445.78,36
10-01-2025,2282.64,3738.4,47
11-01-2025,2292.65,2159.73,31
12-01-2025,2251.26,148.3,6
13-01-2025,2289.76,3353.59,36
14-01-2025,2389.59,620.91,19
15-01-2025,2355.58,1360.71,33
16-01-2025,2298.36,2803.7,51
17-01-2025,2287.29,2318.5,36
18-01-2025,2289.19,1518.59,31
19-01-2025,2162.09,141.4,5
20-01-2025,2252.75,2435.08,27
21-01-2025,2271.86,1919.76,30
22-01-2025,2251.95,2810.75,33
23-01-2025,2271.96,2677.8,33
24-01-2025,2224.03,2379.66,31
25-01-2025,2253.05,1379.41,23
26-01-2025,2202.08,91.57,5
27-01-2025,2212.59,2882.84,33
28-01-2025,2201.74,1766.02,31
29-01-2025,2222.69,2656.41,35
30-01-2025,2209.67,3764.73,45
31-01-2025,2220.45,2278.6,37
01-02-2025,2178.37,2390.39,31
02-02-2025,2107.63,156.84,4
03-02-2025,2210.37,4473.12,38
04-02-2025,2188.84,2318.84,42
05-02-2025,2181.04,2473.86,37
06-02-2025,2148.71,2237.1,40
07-02-2025,2106.63,1592.42,43
08-02-2025,2102.22,396.87,22
09-02-2025,2158.53,24.82,3
10-02-2025,2151.0,67.38,1
11-02-2025,2127.4,66.42,2
12-02-2025,2158.32,1508.5,19
13-02-2025,2187.19,1977.8,39
14-02-2025,2147.54,1951.23,42
15-02-2025,2153.85,1125.04,30
16-02-2025,2059.25,67.16,5
17-02-2025,2190.94,1902.42,40
18-02-2025,2162.99,1536.69,33
19-02-2025,2078.59,153.26,7
20-02-2025,2226.87,2475.99,42
21-02-2025,2109.46,1271.45,38
22-02-2025,2181.62,848.27,30
23-02-2025,2113.86,79.16,5
24-02-2025,2180.39,2235.54,39
25-02-2025,2162.38,1826.5,28
26-02-2025,2118.62,435.02,7
27-02-2025,2178.69,1332.1,36
28-02-2025,2152.59,1830.6,39
01-03-2025,2233.92,1197.25,28
02-03-2025,2090.23,113.09,5
03-03-2025,2219.42,1904.18,38
04-03-2025,2182.31,1560.22,38
05-03-2025,2232.66,1550.36,34
06-03-2025,2185.32,1671.16,40
07-03-2025,2241.17,1262.39,40
08-03-2025,2167.58,718.37,33
09-03-2025,2134.25,92.58,5
10-03-2025,2281.83,2296.57,41
11-03-2025,2261.15,1312.09,36
12-03-2025,2145.42,1115.57,35
13-03-2025,2419.57,221.3,14
14-03-2025,2160.16,41.29,4
15-03-2025,2148.42,524.56,25
16-03-2025,2073.55,99.41,4
17-03-2025,2158.34,1455.05,41
18-03-2025,2180.17,1210.61,37
19-03-2025,2105.08,845.3,30
20-03-2025,2204.15,1703.92,37
21-03-2025,2296.23,1375.96,41
22-03-2025,2112.69,975.67,29
23-03-2025,1991.25,168.55,7
24-03-2025,2141.2,2168.82,43
25-03-2025,2141.24,2217.36,43
26-03-2025,2175.99,1394.44,30
27-03-2025,2192.52,1308.89,28
28-03-2025,2091.27,1458.88,30
29-03-2025,1989.25,540.09,19
30-03-2025,2220.23,37.18,5
31-03-2025,2114.91,266.06,8
01-04-2025,2101.75,761.01,24
02-04-2025,2204.63,1673.89,28
03-04-2025,2147.2,1735.98,34
04-04-2025,2115.62,1583.46,44
05-04-2025,2104.74,1051.5,33
06-04-2025,2074.18,119.3,4
07-04-2025,2101.36,3487.9,48
08-04-2025,2108.49,2324.98,43
09-04-2025,2113.99,1372.1,28
10-04-2025,2564.0,103.2,8
11-04-2025,2040.9,2155.0,37
12-04-2025,2050.7,989.12,24
13-04-2025,2124.24,148.9,4
14-04-2025,2206.51,131.5,10
15-04-2025,2097.88,2973.5,50
16-04-2025,2184.38,3259.07,42
17-04-2025,2108.7,2430.64,34
18-04-2025,2086.83,578.7,15
19-04-2025,2088.22,2161.0,40
20-04-2025,2049.43,68.77,5
21-04-2025,2087.84,2877.9,38
22-04-2025,2144.64,3199.28,37
23-04-2025,2075.76,3160.62,44
24-04-2025,2077.9,2969.9,44
25-04-2025,2202.18,2961.14,43
26-04-2025,2059.05,2110.83,43
27-04-2025,2117.42,58.62,4
28-04-2025,2147.95,5147.4,50
29-04-2025,2085.56,3696.1,43
30-04-2025,2191.55,573.2,14
01-05-2025,2095.38,36.8,2
02-05-2025,2142.99,5576.93,63
03-05-2025,2071.39,2366.39,40
04-05-2025,2114.24,123.49,5
05-05-2025,2105.82,4265.7,53
06-05-2025,2149.86,3021.79,47
07-05-2025,2065.54,2359.55,45
08-05-2025,2073.13,2841.5,52
09-05-2025,2107.51,2051.2,41
10-05-2025,2058.11,1096.42,28
11-05-2025,2100.13,37.45,4
12-05-2025,2227.99,221.0,11
13-05-2025,2046.54,1683.1,25
15-05-2025,2020.78,2626.39,47
16-05-2025,2037.82,2492.1,45
17-05-2025,2037.69,1398.71,37
18-05-2025,2043.32,80.8,3
19-05-2025,2006.49,3431.63,44
20-05-2025,2003.5,1596.1,38
21-05-2025,1956.66,2084.49,50
22-05-2025,2013.46,1957.7,42
23-05-2025,1995.81,1448.7,37
24-05-2025,2051.59,951.7,26
25-05-2025,1858.29,82.8,3
26-05-2025,2028.34,2278.23,43
27-05-2025,2054.8,1383.7,39
28-05-2025,2069.99,898.6,36
29-05-2025,2034.69,1654.67,43
30-05-2025,2013.98,3050.1,44
31-05-2025,1982.53,1253.72,33
01-06-2025,1740.25,199.1,6
02-06-2025,2052.54,2608.02,46
03-06-2025,2039.18,3029.43,48
04-06-2025,2108.77,2420.8,39
05-06-2025,2050.14,2496.5,42
06-06-2025,2036.8,2487.83,40
07-06-2025,2196.26,156.5,11
08-06-2025,2075.44,48.74,6
09-06-2025,2037.96,2901.41,44
10-06-2025,2081.69,1878.73,44
11-06-2025,2090.14,1715.44,45
12-06-2025,2102.03,1514.5,40
13-06-2025,2108.8,1127.47,43
14-06-2025,2231.51,329.08,25
15-06-2025,2138.97,62.1,5
16-06-2025,2109.56,1215.2,39
17-06-2025,2136.33,1054.98,41
18-06-2025,2150.09,565.28,40
19-06-2025,2214.39,575.26,38
20-06-2025,2168.74,424.89,39
21-06-2025,2145.17,270.6,22
22-06-2025,2156.82,34.02,5
23-06-2025,2120.14,517.89,40
24-06-2025,2185.91,546.27,37
25-06-2025,2151.14,252.0,30
26-06-2025,2128.23,232.7,27
27-06-2025,2280.51,277.49,34
28-06-2025,2195.25,176.5,28
29-06-2025,2199.45,10.83,4
30-06-2025,2218.52,384.79,35
01-07-2025,2281.72,172.4,23
02-07-2025,2144.61,44.44,10
03-07-2025,2240.31,195.1,30
04-07-2025,2293.23,192.42,33
05-07-2025,2221.86,131.5,27
06-07-2025,2146.07,20.73,5
07-07-2025,2203.54,136.3,26
08-07-2025,2323.83,183.62,31
09-07-2025,2470.57,166.47,29
10-07-2025,2489.39,173.5,30
11-07-2025,2266.96,138.1,33
12-07-2025,2406.5,116.79,25
13-07-2025,2230.64,11.75,4
14-07-2025,2211.58,242.79,33
15-07-2025,2340.03,274.74,31
16-07-2025,2477.05,244.67,30
17-07-2025,2386.75,264.6,38
18-07-2025,2169.68,237.92,34
19-07-2025,2427.02,171.8,28
20-07-2025,2211.11,12.6,3
21-07-2025,2361.0,299.42,35
22-07-2025,2512.58,283.63,33
23-07-2025,2338.03,229.95,34
24-07-2025,2266.18,188.4,28
25-07-2025,2244.76,59.6,20
26-07-2025,3101.42,45.1,4
27-07-2025,2213.23,9.11,5
28-07-2025,2194.3,138.69,22
29-07-2025,2738.33,69.0,9
30-07-2025,2447.81,138.4,27
31-07-2025,2376.03,96.7,23
01-08-2025,2533.26,164.96,26
02-08-2025,2327.03,79.1,25
03-08-2025,2150.0,0.7,1
04-08-2025,2386.33,194.12,28
05-08-2025,2540.89,179.75,29
06-08-2025,2264.59,175.2,26
07-08-2025,2312.98,209.0,32
08-08-2025,2548.91,98.7,21
09-08-2025,2250.0,5.0,1
10-08-2025,2312.29,15.21,7
11-08-2025,2385.98,136.1,26
12-08-2025,2460.29,297.4,26
13-08-2025,2300.91,132.75,29
14-08-2025,2391.86,105.6,24
15-08-2025,2119.57,11.5,2
16-08-2025,2199.29,62.2,17
17-08-2025,2270.65,19.2,5
18-08-2025,2674.57,161.7,29
19-08-2025,2347.1,85.9,23
20-08-2025,2147.81,83.58,19
21-08-2025,2556.28,111.7,23
22-08-2025,2172.3,110.3,9
23-08-2025,2718.22,45.0,13
24-08-2025,2248.7,7.7,3
25-08-2025,2252.9,106.6,27
26-08-2025,2211.44,109.9,17
27-08-2025,2202.15,9.3,3
28-08-2025,2670.42,105.8,19
29-08-2025,2633.28,102.46,21
30-08-2025,2335.03,30.6,12
31-08-2025,2395.49,7.3,2
01-09-2025,2302.1,81.5,19
02-09-2025,1880.16,149.4,19
03-09-2025,2182.05,118.25,24
04-09-2025,1915.79,125.3,21
05-09-2025,2898.02,38.94,8
06-09-2025,2347.69,779.4,7
07-09-2025,2188.0,15.0,5
08-09-2025,2087.28,219.32,27
09-09-2025,2046.37,213.0,29
10-09-2025,1848.72,292.1,27
11-09-2025,1778.05,785.6,33
12-09-2025,1706.3,400.26,36
13-09-2025,2210.67,276.07,22
14-09-2025,2428.99,13.8,3
15-09-2025,1950.26,260.2,30
16-09-2025,2218.58,242.21,29
17-09-2025,1968.13,232.1,26
18-09-2025,2015.53,266.8,29
19-09-2025,1968.69,298.1,30
20-09-2025,2063.5,410.16,21
21-09-2025,2106.29,46.1,4
22-09-2025,1632.45,229.9,21
23-09-2025,1935.6,415.9,21
24-09-2025,1728.77,283.8,28
25-09-2025,1668.32,284.2,26
26-09-2025,1926.26,520.1,20
27-09-2025,1819.46,403.75,22
28-09-2025,2158.33,7.8,3
29-09-2025,2009.32,536.16,31
30-09-2025,1796.2,516.9,28
01-10-2025,1954.51,325.22,19
02-10-2025,1532.68,142.6,9
03-10-2025,1853.55,1051.09,34
04-10-2025,1630.89,595.72,18
05-10-2025,2101.23,1.62,2
06-10-2025,1791.72,2791.26,44
07-10-2025,1667.76,3341.47,37
08-10-2025,1698.94,2412.04,40
09-10-2025,1774.17,1861.4,32
10-10-2025,1849.16,1408.6,8
11-10-2025,2147.48,1988.0,9
12-10-2025,2113.58,166.62,6
13-10-2025,1755.48,19994.11,48
14-10-2025,1734.49,6102.1,46
15-10-2025,1850.93,9376.37,45
16-10-2025,1664.93,7147.2,49
17-10-2025,1590.79,1364.8,20
18-10-2025,1599.38,1457.69,22
19-10-2025,1642.96,73.8,5
20-10-2025,1716.99,124.25,7
22-10-2025,2003.84,514.5,8
23-10-2025,1791.04,537.3,6
24-10-2025,1853.78,437.1,10
25-10-2025,1950.21,191.5,5
26-10-2025,1702.28,184.9,7
27-10-2025,1668.08,3100.24,34
28-10-2025,1649.46,2572.95,39
29-10-2025,1717.82,1547.31,39
30-10-2025,1619.11,2816.5,44
31-10-2025,1718.68,1969.77,36
01-11-2025,1674.18,3200.86,35
02-11-2025,1692.1,100.74,7
03-11-2025,1607.18,3814.83,45
04-11-2025,1742.61,1624.3,17
05-11-2025,1720.46,1621.79,12
06-11-2025,1494.89,3117.4,26
07-11-2025,1573.03,3413.7,38
08-11-2025,1460.63,1125.7,21
09-11-2025,1614.17,23.1,2
10-11-2025,1645.1,4193.8,30
11-11-2025,1610.26,3637.1,29
12-11-2025,1565.47,3586.8,24
13-11-2025,1560.25,5378.1,28
14-11-2025,1589.17,4506.1,26
15-11-2025,1560.88,2225.3,18
16-11-2025,1476.33,900.54,8
17-11-2025,1630.47,7447.37,40
18-11-2025,1526.86,6217.8,38
19-11-2025,1482.43,7874.6,38
20-11-2025,1472.63,7944.7,36
21-11-2025,1536.72,4863.3,30
22-11-2025,1516.96,2613.0,23
23-11-2025,1366.71,261.9,8
24-11-2025,1556.89,12745.43,47
25-11-2025,1536.17,9024.03,42
26-11-2025,1477.84,6942.71,42
27-11-2025,1482.24,9093.02,50
28-11-2025,1540.95,5103.4,39
29-11-2025,1601.17,3751.9,19
30-11-2025,1636.75,317.2,9
01-12-2025,1557.7,6864.46,33
02-12-2025,1597.24,3469.89,20
03-12-2025,1599.29,7776.9,37
04-12-2025,1562.82,7140.3,41
05-12-2025,1674.85,4873.1,34
06-12-2025,1579.98,1883.8,23
07-12-2025,1492.99,86.05,5
08-12-2025,1668.94,9033.6,45
09-12-2025,1649.75,6288.6,33
10-12-2025,1693.91,7847.7,41
11-12-2025,1646.76,9603.4,48
12-12-2025,1706.48,3130.16,35
13-12-2025,1649.84,1770.9,18
14-12-2025,1533.49,80.11,6
15-12-2025,1691.4,10400.7,45
16-12-2025,1685.68,7638.55,41
17-12-2025,1668.43,8829.2,36
18-12-2025,1705.29,8181.8,42
19-12-2025,1723.82,4889.52,35
20-12-2025,1651.99,2534.4,17
21-12-2025,1577.43,116.1,4
22-12-2025,1679.02,11032.68,48
23-12-2025,1687.0,6915.09,38
24-12-2025,1709.95,3725.2,24
25-12-2025,1657.47,2618.0,13
26-12-2025,1725.35,4869.31,33
27-12-2025,1663.56,2008.47,23
28-12-2025,1597.87,275.1,6
29-12-2025,1667.0,9328.44,43
30-12-2025,1652.73,7167.89,37
31-12-2025,1697.8,5414.39,33
01-01-2026,1677.08,5941.8,38
02-01-2026,1694.9,4957.89,34
03-01-2026,1748.57,3280.6,17
04-01-2026,1646.98,118.85,6
05-01-2026,1685.36,6522.0,37
06-01-2026,1693.22,5164.26,33
07-01-2026,1720.7,4854.07,34
08-01-2026,1720.52,6801.0,34
09-01-2026,1740.81,3324.7,33
10-01-2026,1654.79,1867.94,23
11-01-2026,1577.55,189.5,5
12-01-2026,1687.68,9203.08,39
13-01-2026,1672.08,4976.28,37
14-01-2026,1781.58,1516.38,19
15-01-2026,1633.76,2225.6,24
16-01-2026,1709.34,2949.33,29
17-01-2026,1727.35,2484.7,19
18-01-2026,1709.87,116.61,6
19-01-2026,1720.62,3393.8,30
20-01-2026,1702.52,6335.21,28
21-01-2026,1628.0,7191.35,40
22-01-2026,1663.92,5630.91,40
23-01-2026,1680.04,3850.42,36
24-01-2026,1654.45,2387.91,23
25-01-2026,1614.89,141.0,4
26-01-2026,1700.0,0.06,1
27-01-2026,1641.1,5720.31,46
28-01-2026,1698.54,4706.63,31
29-01-2026,1590.74,4740.8,28
30-01-2026,1653.71,4247.71,42
31-01-2026,1623.03,1394.69,20
01-02-2026,1500.34,58.0,2
02-02-2026,1687.75,5588.76,35
03-02-2026,1629.76,4665.17,35
04-02-2026,1682.36,6350.51,41
05-02-2026,1599.2,12397.09,42
06-02-2026,1661.94,3152.92,36
07-02-2026,1617.58,1278.9,15
08-02-2026,1676.61,3.42,3
09-02-2026,1617.56,5643.09,42
10-02-2026,1606.88,4595.82,38
11-02-2026,1632.58,3995.23,40
12-02-2026,1579.21,6560.91,35
13-02-2026,1624.72,3238.1,40
14-02-2026,1546.68,1589.0,17
15-02-2026,1500.27,54.9,3
16-02-2026,1607.77,4456.38,43
17-02-2026,1543.55,4112.6,34
18-02-2026,1594.43,1381.46,23
19-02-2026,1603.82,146.0,9
20-02-2026,1602.49,3659.82,32
21-02-2026,1555.52,1637.59,21
22-02-2026,1452.15,53.6,3
23-02-2026,1566.41,3697.94,39
24-02-2026,1559.44,3136.93,30
25-02-2026,1541.08,3884.41,38
26-02-2026,1564.99,3296.03,37
27-02-2026,1615.7,2278.5,33
28-02-2026,1551.27,1632.18,20
01-03-2026,1390.43,86.25,4
02-03-2026,1770.83,906.5,20
03-03-2026,1547.93,304.04,6
04-03-2026,1607.36,1747.41,26
05-03-2026,1586.78,2771.14,38
06-03-2026,1562.14,1670.94,28
07-03-2026,1620.42,976.2,17
08-03-2026,1469.31,1.89,2
09-03-2026,1651.53,3178.65,33
10-03-2026,1642.65,2601.95,34
11-03-2026,1629.42,3341.23,39
12-03-2026,1627.0,3318.5,39
13-03-2026,1639.99,1727.25,33
14-03-2026,1637.86,997.27,18
15-03-2026,1429.8,60.4,2
16-03-2026,1628.37,3866.14,40
17-03-2026,1584.43,4541.05,38
18-03-2026,1585.85,3900.01,23
19-03-2026,1681.84,273.33,16
20-03-2026,1662.05,1550.74,27
21-03-2026,2296.74,90.78,6
22-03-2026,1473.54,96.0,5
23-03-2026,1648.62,4501.9,35
24-03-2026,1609.91,3728.98,43
25-03-2026,1642.64,2483.9,30
26-03-2026,1967.58,23.6,5
27-03-2026,1641.15,774.21,29
28-03-2026,1736.23,1712.06,20
29-03-2026,1427.58,223.71,7
30-03-2026,1705.18,682.04,19
31-03-2026,2147.46,263.34,9
01-04-2026,1581.5,798.5,14
02-04-2026,1750.4,937.13,21
03-04-2026,1762.34,495.52,10
04-04-2026,1780.59,579.76,17
05-04-2026,1588.74,41.68,5
06-04-2026,1698.55,3794.94,42
07-04-2026,1695.26,2649.14,39
08-04-2026,1730.41,4009.0,38
09-04-2026,1748.07,3968.89,45
10-04-2026,1666.62,3299.95,39
11-04-2026,1677.67,1542.43,23
12-04-2026,1735.45,513.7,8
13-04-2026,1708.88,2870.7,33
14-04-2026,1695.57,324.33,10
15-04-2026,1690.51,5411.44,46
16-04-2026,1666.77,3580.78,46
17-04-2026,1715.64,3444.86,36
18-04-2026,1671.09,2286.66,23
19-04-2026,1799.61,196.08,4
20-04-2026,1748.99,3925.1,47
21-04-2026,1682.13,2790.85,42
22-04-2026,1705.88,2740.42,40
23-04-2026,1744.11,3528.9,48
24-04-2026,1745.75,2844.83,39
25-04-2026,1693.22,1878.29,27
26-04-2026,1818.46,295.89,5
27-04-2026,1806.25,4957.52,46
28-04-2026,1846.91,3977.65,39
29-04-2026,1838.27,4435.76,41
30-04-2026,1893.05,3151.34,34
01-05-2026,1797.29,828.91,6
02-05-2026,1855.62,2458.9,21
03-05-2026,1605.57,552.71,8
04-05-2026,1919.55,5867.32,51
05-05-2026,1879.96,5697.25,50
06-05-2026,1878.17,5656.7,45
07-05-2026,1895.9,5118.86,49
08-05-2026,1896.31,2930.33,42
09-05-2026,1756.76,2060.78,24
10-05-2026,1973.16,350.94,7
11-05-2026,1843.37,6280.82,56
12-05-2026,1865.78,4549.94,45
13-05-2026,1851.18,3344.9,50
14-05-2026,1844.25,4213.44,52
15-05-2026,1881.13,3162.13,51
16-05-2026,1870.96,1539.8,23
17-05-2026,1672.78,303.36,6
18-05-2026,1908.13,6457.67,55
19-05-2026,1885.69,4897.01,56
20-05-2026,1904.42,4204.04,50
21-05-2026,1899.64,3400.45,48
22-05-2026,1934.37,2671.23,48
23-05-2026,1909.62,1893.6,27
24-05-2026,1719.79,278.92,5
25-05-2026,1957.21,3460.67,54
26-05-2026,1947.16,2109.18,47
27-05-2026,1993.64,1240.95,22
28-05-2026,2009.72,280.4,17
29-05-2026,2013.11,1862.82,46
30-05-2026,1940.06,932.17,25
31-05-2026,1806.79,115.56,8
01-06-2026,2019.54,2238.35,47
02-06-2026,2004.79,1398.57,44
03-06-2026,2050.12,1553.59,45
04-06-2026,2120.74,999.56,41
05-06-2026,2120.01,675.93,37
06-06-2026,2145.61,286.8,18
07-06-2026,2093.68,149.45,7
08-06-2026,2098.5,928.82,49
09-06-2026,2072.38,424.38,40
10-06-2026,2084.21,503.89,41
11-06-2026,2087.02,736.18,48
12-06-2026,1975.34,582.65,39
13-06-2026,2040.96,211.31,20
14-06-2026,1925.2,308.82,8
15-06-2026,2081.97,561.03,45
16-06-2026,2071.22,1069.88,36
17-06-2026,2069.96,578.18,56
18-06-2026,2047.8,601.75,40
19-06-2026,2051.28,653.55,42
20-06-2026,2145.12,228.0,17
21-06-2026,1986.79,222.4,8
22-06-2026,2215.1,486.35,51
23-06-2026,2229.94,513.06,42
24-06-2026,2228.74,527.8,43
25-06-2026,2225.46,321.58,39
26-06-2026,2301.29,129.23,12
27-06-2026,2286.01,216.3,27
28-06-2026,2164.84,72.48,6
29-06-2026,2306.27,424.47,49
30-06-2026,2120.88,210.62,48
