commodity,year,month,price,price_change,price_pct_change,MA7,MA30
Coffee,2021,1,8557.370714285715,-225.92592592592592,-0.0003033636638109187,8593.589025974024,
Coffee,2021,2,8200.17653846154,54.380384615384656,0.04403202678454701,8239.10467032967,8378.416893333333
Coffee,2021,3,7835.761111111111,-1.7488888888888983,0.007813660355564769,7820.4230687830695,7916.752061728394
Coffee,2021,4,7523.339310344827,-26.555862068965506,0.04332886359725883,7635.850837438424,7895.658735632184
Coffee,2021,5,10131.619615384614,173.2096153846154,0.03196737090794737,9563.584340659341,8115.8110256410255
Coffee,2021,6,7861.217037037037,-170.89962962962963,0.007008897524955928,8227.131534391534,9337.934456790124
Coffee,2021,7,7755.153666666666,-32.85699999999999,0.019959208245034735,7856.890238095238,7870.528711111111
Coffee,2021,8,9176.863103448277,72.61655172413796,0.058159078075680305,9052.884778325122,8393.07335632184
Coffee,2021,9,8278.43172413793,-1.7862068965517304,0.022249124947612157,8254.049704433497,8785.316643678161
Coffee,2021,10,8523.342962962963,-1.0603703703703702,0.031245836633899484,8576.000952380953,8398.600950617283
Coffee,2021,11,8315.491153846155,1.1950000000000225,0.007280611197774237,8341.81087912088,8447.34135897436
Coffee,2021,12,8278.69724137931,-6.259310344827601,0.015166060075214906,8252.616896551724,8193.790747126437
Coffee,2022,1,9314.865555555556,15.01111111111115,0.011923345830253885,9302.97492063492,9049.192938271606
Coffee,2022,2,10361.577391304349,44.17956521739131,0.01649765848771283,10208.122111801244,9635.797826086957
Coffee,2022,3,10134.4075,-18.92000000000001,0.01493208845751928,10207.969285714285,10416.931333333332
Coffee,2022,4,11555.830714285714,24.404642857142854,0.022435638569774156,11274.06693877551,10493.319833333333
Coffee,2022,5,11811.307931034482,66.71103448275866,0.03782276568573397,11682.147192118226,11397.764229885057
Coffee,2022,6,14621.7416,184.30759999999998,0.03392933923979966,14251.936800000001,13004.886653333335
Coffee,2022,7,11741.456923076923,9.590769230769252,0.05579621465995239,12102.276153846153,13479.090923076923
Coffee,2022,8,12283.468518518519,27.345555555555553,0.03779511411380826,12250.221216931217,11934.004506172838
Coffee,2022,9,13614.899259259259,-155.39111111111112,0.024349526050311324,13626.168465608465,12949.510456790123
Coffee,2022,10,11877.214285714286,-3.3253571428571314,0.023607869309683643,11903.560459183675,12754.19319047619
Coffee,2022,11,11513.9904,-123.47120000000002,0.004144484964079006,11652.549028571428,11762.517133333335
Coffee,2022,12,11029.66,10.942592592592636,0.009229509475639604,11090.806243386243,11452.68035802469
Coffee,2023,1,13689.1075,112.69857142857141,0.04544765917584738,13394.917448979593,12553.183666666666
Coffee,2023,2,15665.5396,-41.07959999999999,0.028420965585311153,15444.700114285713,14298.021413333334
Coffee,2023,3,15804.531111111111,101.48370370370368,0.018776359498973952,15906.08962962963,15848.924148148148
Coffee,2023,4,17380.72703703704,151.62481481481487,0.029739809837449234,17113.077619047617,16197.11074074074
Coffee,2023,5,17184.1064,-7.730800000000017,0.023706562012578692,17112.912685714284,17351.260813333334
Coffee,2023,6,18221.253703703704,-13.67518518518517,0.02247058665109033,18245.281375661376,17718.312716049382
Coffee,2023,7,17235.790833333333,-8.854166666666657,0.016206850496461322,17089.180892857144,17520.35438888889
Coffee,2023,8,18319.327999999998,115.49233333333335,0.021388325911263235,17982.098142857143,17656.730677777778
Coffee,2023,9,17530.48857142857,-38.81999999999997,0.03498413438270651,18047.22005102041,18404.365285714284
Coffee,2023,10,16620.506296296295,-139.25222222222217,0.02391949227809734,16507.798042328042,16824.50611111111
Coffee,2023,11,17324.309629629628,48.63148148148147,0.020012582261424335,17263.747195767195,17017.965
Coffee,2023,12,17412.62,-123.79038461538464,0.03823805733380909,17434.99412087912,17384.046538461538
Coffee,2024,1,19171.419655172416,198.5475862068966,0.03382593205805111,19095.455172413793,18312.821735632184
Coffee,2024,2,17870.8996,-206.31520000000003,0.00549693348113988,17883.9772,18894.042546666664
Coffee,2024,3,17671.609285714287,22.29714285714285,0.008776381009156823,18006.649591836736,18116.02832142857
Coffee,2024,4,19266.528461538463,237.95730769230767,0.020204182482799062,18576.016703296704,17910.435628205127
Coffee,2024,5,19914.84928571429,-9.863214285714223,0.013478659210281468,19684.417397959183,19278.217523809522
Coffee,2024,6,20494.846538461537,-22.11692307692311,0.003462183087076088,20840.829725274725,20276.094435897438
Coffee,2024,7,20807.602692307693,-5.546538461538446,0.003879438312325348,20786.169120879124,20612.345256410255
Coffee,2024,8,21286.799259259256,113.02074074074059,0.016960110301154057,21080.9317989418,20730.920654320988
Coffee,2024,9,22013.80392857143,7.319642857142851,0.014078147133229286,22008.18301020408,21741.815178571425
Coffee,2024,10,22196.2224137931,174.24793103448283,0.01220473956374368,22021.242561576353,22067.40557471264
Coffee,2024,11,22709.89185185185,-185.55777777777791,0.007868427366375066,22856.647407407407,22643.562345679013
Coffee,2024,12,23436.41607142857,38.473214285714285,0.016128047953388316,23294.798826530612,22735.727654761904
Coffee,2025,1,25655.262068965516,-18.675172413793163,0.0211546691771369,25654.364285714288,25602.013724137934
Coffee,2025,2,26843.56,96.07080000000002,0.011303794847964904,26337.80285714286,25243.262173333333
Coffee,2025,3,26288.366129032256,139.34354838709683,0.008702654226958663,26329.577511520736,26408.681086021505
Coffee,2025,4,26994.39962962963,-202.78111111111113,0.007403553072887006,27104.797671957673,26890.564407407404
Coffee,2025,5,25171.932333333334,-41.92866666666671,0.003499585182805574,25410.773,26041.1687
Coffee,2025,6,23551.393703703703,-138.50259259259258,0.006413665162861837,24125.87195767196,24990.92660493827
Coffee,2025,7,21938.700344827583,-70.4337931034484,0.011156107255373218,21948.56738916256,22932.451471264365
Coffee,2025,8,24101.4492,226.56040000000007,0.013484608883616108,23603.281542857145,22502.51544
Coffee,2025,9,24270.132857142857,-79.33678571428572,0.008181133310567568,24419.166224489796,24461.51113095238
Coffee,2025,10,24060.089655172414,41.36517241379311,0.005105957845554608,23953.597142857143,23807.17340229885
Coffee,2025,11,23182.40166666667,-9.986333333333361,0.0025970509406287173,23268.42,23709.083044444444
Coffee,2025,12,22695.325357142858,-8.41,0.007104206260609704,22833.050102040816,23152.938035714287
Coffee,2026,1,20428.48,-707.3599999999997,-0.031170326500320075,21067.548214285714,22491.086583333334
Coffee,2026,2,20855.64142857143,28.515238095238082,0.0018285260480014906,20848.870340136054,21118.790587301588
Coffee,2026,3,20495.31695652174,-25.56652173913056,-0.0006609323905851819,20543.703478260868,20735.28027536232
Coffee,2026,4,20337.870909090907,2.846818181818217,0.0004273676433748756,20332.876753246754,20437.7405
Coffee,2026,5,20314.774999999998,-18.56818181818182,-0.0007304364979980226,20333.50707792208,20326.179666666667
Coffee,2026,6,20396.31090909091,24.65318181818177,0.0015542630505857719,20349.110584415586,20324.001848484848
Coffee,2026,7,20464.055,-57.6899999999996,-0.002564028443549999,20563.847857142857,20382.109333333334
Coffee,2026,8,20501.208000000002,-42.431999999999974,-0.0017833388088008607,20531.867714285716,20412.586066666663
Coffee,2026,9,20337.81,-33.29400000000023,-0.0011094973727794795,20446.72742857143,20403.435599999997
Coffee,2026,10,20341.23,-0.2779999999998779,0.00037686830555999987,20340.795714285716,20439.403599999998
Coffee,2026,11,20391.734,-6.48400000000039,0.00023652505137185877,20370.852285714285,20450.823800000002
Coffee,2026,12,20292.84,-11.955999999999824,-0.00012140878329219909,20338.23542857143,20426.861666666664
Cotton,2021,1,5718.746296296296,-2.5442307692307726,0.007647831952575366,5744.2734693877555,
Cotton,2021,2,5951.78,18.974090909090922,0.009131805787391494,5903.0196753246755,5791.628766666667
Cotton,2021,3,5952.31,-11.471249999999982,0.003640918206073505,5967.516666666666,5961.065819444444
Cotton,2021,4,5790.7628,-6.335600000000029,0.004945889900659936,5826.3848,5899.836706666667
Cotton,2021,5,5957.073636363636,39.04909090909091,0.018305868718138465,5836.295584415584,5819.884515151515
Cotton,2021,6,5954.11,-88.88888888888889,-0.0025470149742931416,5953.863015873016,5795.583666666666
Cotton,2021,7,5332.674285714286,430.58571428571435,9.402433857905072,5676.50469387755,5808.613714285714
Cotton,2021,8,6177.375,-377.3500000000001,-0.022689199509149677,5569.905476190476,5816.386833333333
Cotton,2021,9,5661.616,-70.00000000000004,0.0034209383332033513,5985.664714285715,5830.828966666666
Cotton,2021,10,6977.4292000000005,116.85400000000003,0.02223201293121648,6651.524114285715,6101.382786666667
Cotton,2021,11,7590.292083333334,-2.027083333333356,0.0044030929498682985,7570.41,7207.160958333334
Cotton,2021,12,6247.118333333333,13.571666666666639,0.019263872148721713,7032.135476190476,7430.193833333334
Cotton,2022,1,9598.125925925926,56.98000000000001,0.009319725337135995,9263.566296296296,8427.189728395062
Cotton,2022,2,9611.160434782609,-10.535652173913032,0.00271977090499164,9631.140931677019,9595.889289855073
Cotton,2022,3,9898.7716,67.76360000000001,0.009352149613518365,9734.401542857142,9619.359186666667
Cotton,2022,4,10265.885384615385,-18.208846153846164,0.002721081201685761,10290.649395604396,10081.617871794871
Cotton,2022,5,10822.237826086957,38.220434782608685,0.008364640610629779,10718.194472049689,10401.754144927536
Cotton,2022,6,10181.524583333334,-20.833333333333332,0.05658610653096278,10216.154226190476,10441.894361111112
Cotton,2022,7,9188.0768,-90.8,-0.006039904634714325,9473.933942857142,10113.48376
Cotton,2022,8,9349.55,-32.56777777777784,0.010735730205143514,9273.197777777777,9297.031703703704
Cotton,2022,9,9924.99888888889,-7.578888888888792,0.0033907358181407563,9703.485714285714,9188.013296296296
Cotton,2022,10,8620.351578947368,-29.26684210526319,-0.00019839930129956322,8900.056015037595,9361.789140350878
Cotton,2022,11,9168.70962962963,35.082222222222235,0.006437733100599649,9066.524021164021,8955.564580246913
Cotton,2022,12,8590.121481481481,-22.458148148148144,-0.0018424718081123273,8684.60603174603,8954.741716049382
Cotton,2023,1,7907.8043333333335,-3.214333333333342,0.0006749757638139595,7896.662619047619,8035.039211111111
Cotton,2023,2,7746.040357142857,-9.60392857142857,-0.000597345613520146,7763.909336734694,7848.792964285714
Cotton,2023,3,7588.549354838709,8.831935483870962,0.001648850113667123,7598.757603686636,7683.3008494623655
Cotton,2023,4,7625.970333333333,-10.087999999999989,-0.0007055360653989398,7630.689761904762,7607.3104111111115
Cotton,2023,5,7250.402,-21.012333333333363,-0.0023541438613335994,7323.736095238096,7523.742566666667
Cotton,2023,6,7146.999310344828,-7.2610344827586095,-0.0004417943531666618,7159.416157635468,7190.013781609196
Cotton,2023,7,7143.786129032258,3.7025806451612806,0.0017459058655895194,7131.008156682027,7145.881612903227
Cotton,2023,8,7431.1066666666675,11.018333333333336,0.00281159594374918,7408.290476190476,7260.742666666667
Cotton,2023,9,7324.0764,-2.546399999999994,0.010163321730439455,7304.4857142857145,7368.2383199999995
Cotton,2023,10,7155.758666666667,-6.619666666666672,0.0003132076236948021,7194.186761904762,7287.526555555555
Cotton,2023,11,7235.546666666666,-1.829999999999986,0.0005443637463816831,7233.723142857142,7180.976988888889
Cotton,2023,12,7037.694838709677,-6.470645161290327,4.663875793669056e-05,7054.90267281106,7153.149892473119
Cotton,2024,1,6808.836551724138,-7.826206896551725,-0.0008870005713677074,6829.255467980295,6866.097264367816
Cotton,2024,2,6904.572962962963,16.99333333333332,0.0033005607685630415,6856.867248677248,6811.1640864197525
Cotton,2024,3,7191.815555555555,0.12222222222223106,0.0009135735672261329,7178.708253968253,7026.247024691357
Cotton,2024,4,7016.037499999999,-2.2560714285714303,0.0007449986329365749,7031.814336734694,7118.240535714286
Cotton,2024,5,7059.410357142857,2.982857142857163,0.0008557087885644969,7052.412857142857,7030.985892857142
Cotton,2024,6,7011.871111111111,9.408518518518507,0.002129155667168437,6996.460529100529,7044.039283950617
Cotton,2024,7,7144.8388888888885,-3.8544444444444315,0.00013177509934403776,7157.8735978835975,7064.725296296297
Cotton,2024,8,7011.915714285715,3.8292857142856827,0.002217245534411614,7039.000306122449,7136.040285714285
Cotton,2024,9,7150.288947368421,-65.84210526315789,-0.006348531056450995,7192.278421052632,7100.671
Cotton,2024,10,6860.777777777777,27.57814814814814,0.005266883042496434,6867.09962962963,7035.69913580247
Cotton,2024,11,7045.035714285715,8.715000000000016,0.002691134959238293,6989.741530612245,6893.6714999999995
Cotton,2024,12,7008.406333333333,6.928666666666657,0.005139308867978452,7017.533809523809,7017.03908888889
Cotton,2025,1,7182.755925925926,-3.772962962962958,-0.0001319736639421665,7178.927354497354,7127.936160493828
Cotton,2025,2,7160.0076,-0.6091999999999814,0.0004998331798291679,7164.208685714286,7186.002013333333
Cotton,2025,3,7122.5420689655175,4.886896551724115,0.0034071177642970695,7115.231280788177,7117.789425287357
Cotton,2025,4,7348.7300000000005,13.29571428571431,0.005451830045781551,7309.826887755102,7202.880952380953
Cotton,2025,5,7342.692307692308,-13.16038461538462,-0.0008054173761334814,7359.43543956044,7361.390576923077
Cotton,2025,6,7381.288846153847,17.765769230769237,0.00549231812592694,7370.202527472527,7343.2148333333325
Cotton,2025,7,7115.772,-67.48800000000001,-0.00732089198242804,7276.192285714285,7357.2502
Cotton,2025,8,7138.6320000000005,43.93999999999996,0.007175730366360308,7089.665428571429,7320.044899999999
Cotton,2025,9,7009.312727272728,-166.24090909090907,-0.02012168687621359,7128.26,7178.521363636363
Cotton,2025,10,6775.344399999999,43.01720000000001,0.009857883765276054,6770.7960571428575,6978.918813333334
Cotton,2025,11,7162.152499999999,8.433214285714289,0.0031209065496661465,7096.489387755102,6888.556714285715
Cotton,2025,12,7455.085925925926,23.316666666666638,0.0038742613074488263,7422.736613756614,7277.640728395061
Cotton,2026,1,7902.1024,5.713199999999996,0.0011802989162936464,7871.310799999999,7693.402306666667
Cotton,2026,2,7721.956818181818,-11.968181818181789,-0.0008103100116464358,7748.987402597402,7843.512590909091
Cotton,2026,3,7592.289583333334,-1.1508333333333223,0.00039264043472252093,7612.218511904762,7691.777013888889
Cotton,2026,4,7916.997916666667,24.469999999999988,0.004665165379449121,7859.250773809524,7694.057555555555
Cotton,2026,5,8528.851999999999,18.942800000000023,0.004920809655771363,8458.416685714286,8138.11544
Cotton,2026,6,8360.300000000001,14.460454545454512,0.0024357765763825174,8328.468766233766,8447.180545454547
Cotton,2026,7,7992.626666666666,-76.40833333333346,-0.006497766382231565,8330.746666666668,8333.247777777777
Cotton,2026,8,7955.951666666667,-2.0399999999999636,0.0017740064740592472,7970.844761904761,8255.98411111111
Cotton,2026,9,8012.338333333333,-40.73166666666657,-0.0027707429949663,7993.3092857142865,8217.705666666667
Cotton,2026,10,7889.066666666667,-16.101666666666613,-0.0006328969394022987,7971.965238095238,8137.900999999999
Cotton,2026,11,8087.208333333333,49.16666666666648,0.010452570165184284,7914.710238095238,8024.182
Cotton,2026,12,8099.005,-29.121666666666595,0.0015400964442414816,8130.188571428571,7997.6645
Maize,2021,1,1397.812093826092,4.48475105001016,0.007609282955135095,1406.6826888391424,1398.9384376000462
Maize,2021,2,1444.973831893136,-3.2521602935028917,0.0015858755106992468,1443.335085925314,1422.9176892762669
Maize,2021,3,1462.566425142028,0.16408934166314879,0.002848231747119052,1460.9307334257537,1455.0722159156032
Maize,2021,4,1504.7768554190989,3.2801962155731332,0.00498875309552824,1499.6834331056814,1472.6566854289392
Maize,2021,5,1496.550041971837,2.515825847990652,0.003474184602092523,1491.6670619659037,1496.242750666993
Maize,2021,6,1653.105456293958,7.870782340942968,0.009589905720540965,1626.2414040373012,1547.9613416776745
Maize,2021,7,1739.979195215125,3.4245391705069093,0.006275023133111627,1735.411001682155,1692.1536949733118
Maize,2021,8,1805.9001379868398,2.1773399014778305,0.020467153713844853,1786.963035203897,1755.3094797835545
Maize,2021,9,1587.430407058842,-11.82733096812068,-0.0010702675781001426,1628.640655562139,1744.913286301142
Maize,2021,10,1549.4510698200368,0.20046421336036108,0.0021343646590508652,1558.731290949335,1579.329159992028
Maize,2021,11,1516.892879874368,-0.7476771017776361,0.002737690347741876,1508.7365010499714,1517.2295728796341
Maize,2021,12,1574.5008391835931,1.322369508188353,0.003359016744264405,1573.3960850793635,1546.8619400641721
Maize,2022,1,1887.755806451613,8.875952629554318,0.007981301039896391,1863.1981333446927,1774.0487913117897
Maize,2022,2,1954.3228571428572,3.316428571428577,0.004521585413122164,1944.8508673469387,1906.870738095238
Maize,2022,3,2058.5274193548385,0.060645161290318765,0.003807660646500586,2053.802995391705,2005.2664731182795
Maize,2022,4,2136.683,5.525333333333334,0.0056835574552708944,2120.3351428571427,2075.3183555555556
Maize,2022,5,2082.896129032258,-5.00645161290322,0.0018037808320759388,2097.6581566820278,2126.3867849462367
Maize,2022,6,2155.764666666667,8.966000000000001,0.007030554224748264,2126.4506666666666,2082.836366666667
Maize,2022,7,2290.2890322580647,4.560967741935482,0.00928288967970208,2277.321751152074,2214.4520430107527
Maize,2022,8,2317.9913333333334,2.10133333333333,0.006539680387147001,2317.5448095238094,2303.4185888888887
Maize,2022,9,2224.423666666667,-9.952666666666666,0.005991453925469353,2264.8956666666663,2314.4190555555556
Maize,2022,10,1974.1922580645162,-9.33258064516129,-0.001190583866961183,1984.56,2115.617806451613
Maize,2022,11,2015.2703333333334,2.8816666666666606,0.004278045381341901,2013.4219047619047,1991.6111666666666
Maize,2022,12,2075.630322580645,3.7135483870967714,0.007176608701638029,2061.3898617511522,2029.0685591397848
Maize,2023,1,2095.11,0.1438709677419371,0.0022564062420115626,2096.2169585253455,2084.563182795699
Maize,2023,2,2051.0289285714284,-1.9396428571428572,0.00276657798514766,2054.4704591836735,2075.547226190476
Maize,2023,3,2073.1383870967743,0.6054838709677476,0.0037101339219069774,2074.185483870968,2074.5933440860213
Maize,2023,4,1992.7843333333333,-9.224666666666666,-0.00017751694917102952,2016.181619047619,2054.5308333333332
Maize,2023,5,1884.901,-1.3473333333333377,0.004269496321019093,1891.3710476190474,1950.9459666666664
Maize,2023,6,2041.4696666666666,18.499666666666666,0.01776989402933295,1997.059142857143,1917.5737666666666
Maize,2023,7,2157.5022580645164,1.6006451612903327,0.017501698999661402,2133.9388940092167,2058.157387096774
Maize,2023,8,2324.238387096774,-6.777419354838721,0.020770529304008377,2305.0990322580647,2245.691924731183
Maize,2023,9,2311.491034482759,-2.0499999999999896,0.01932047878853159,2339.107881773399,2322.023747126437
Maize,2023,10,2014.9087096774192,-3.379999999999998,0.008331345633616838,2046.0768202764975,2203.275129032258
Maize,2023,11,2127.8596666666667,5.121333333333337,0.007881294758146832,2116.6176666666665,2063.591633333333
Maize,2023,12,2085.0051612903226,-1.0864516129032376,0.0023524078676234908,2089.871152073733,2106.093989247312
Maize,2024,1,2191.935483870968,2.5700000000000025,0.00455280721774108,2186.979723502304,2148.346107526882
Maize,2024,2,2193.8510344827587,-0.4458620689655116,0.003015536507881652,2189.044334975369,2195.4416206896553
Maize,2024,3,2158.468709677419,-1.0925806451612896,0.0014004788735928425,2164.1321658986176,2176.140107526882
Maize,2024,4,2128.0285714285715,-0.9896428571428605,0.0012761795223395435,2133.295612244898,2148.487476190476
Maize,2024,5,2222.052258064516,5.346774193548385,0.005843579304472653,2203.894055299539,2168.8659784946235
Maize,2024,6,2352.823,-0.09000000000001099,0.007154823757854491,2327.9848571428574,2254.1159444444443
Maize,2024,7,2459.284516129032,14.070322580645174,0.017417930725477305,2442.6900921658985,2384.9170430107524
Maize,2024,8,2411.977586206897,-4.053103448275861,0.0025380987196922437,2426.752216748768,2458.7597586206894
Maize,2024,9,2094.8920000000003,-22.385333333333342,0.002797608609642389,2152.780523809524,2322.0870999999997
Maize,2024,10,2143.657,10.884666666666673,0.00927367729935138,2133.5738571428574,2111.4530777777777
Maize,2024,11,2136.8072413793107,-2.206206896551723,0.00035299720104754837,2127.3120197044336,2122.5203103448275
Maize,2024,12,2231.0264516129037,2.0087096774193567,0.004219418284896814,2228.761797235023,2190.1602903225807
Maize,2025,1,2186.4606451612904,0.035806451612891345,0.005999400298442235,2183.523870967742,2181.173688172043
Maize,2025,2,2086.9032142857145,-2.423571428571418,0.003254437394461147,2093.275867346939,2143.5604404761903
Maize,2025,3,2113.388064516129,-1.215483870967754,0.004529533619886196,2116.4424423963133,2106.846870967742
Maize,2025,4,2088.4566666666665,2.5546666666666775,0.004995485076451911,2087.223380952381,2101.5831000000003
Maize,2025,5,2075.469,-6.96733333333334,0.0007188372437458637,2086.848476190476,2103.7244444444445
Maize,2025,6,2118.4256666666665,7.866333333333333,0.007888847965061455,2099.9173333333333,2066.8286444444443
Maize,2025,7,2248.814838709677,5.0809677419354875,0.012281635747300733,2224.755714285714,2156.2561397849463
Maize,2025,8,2242.1429032258065,0.6277419354838538,0.008947208642021623,2243.7609677419355,2250.9450322580647
Maize,2025,9,2008.3733333333332,-19.976333333333326,-0.0020532168114207492,2059.667952380952,2185.003077777778
Maize,2025,10,1882.9363333333333,-2.5840000000000023,0.003826183696696292,1907.5582857142858,1969.826622222222
Maize,2025,11,1743.3093333333334,-2.731000000000001,0.004558411208862108,1754.4379523809523,1827.5829888888888
Maize,2025,12,1823.2083870967742,1.9693548387096753,0.00824592179488764,1813.8267741935483,1772.7716451612903
Maize,2026,1,1670.8688,-2.990799999999995,0.0007620540422557723,1673.8232,1691.0546666666667
Maize,2026,2,1627.0263636363636,-3.2618181818181826,-0.000222689104034672,1636.7205194805194,1670.0912878787879
Maize,2026,3,1699.6444000000001,23.847600000000003,0.026946464883357037,1673.2161714285714,1638.4520799999998
Maize,2026,4,1759.5279166666667,-10.60041666666667,-0.0020159671816397952,1752.9408333333333,1723.0516805555553
Maize,2026,5,1856.388,-3.450400000000002,0.0010295536741467836,1845.6971428571428,1788.0268533333333
Maize,2026,6,2047.4358333333332,13.08708333333334,0.008590001723139217,2011.4538095238095,1913.6026666666667
Maize,2026,7,1773.9233333333334,-4.533333333333384,0.0036666189693211845,1963.502380952381,1997.4577777777777
Maize,2026,8,1765.2766666666666,0.8033333333333464,0.008800536574512983,1769.1785714285716,1992.4587777777776
Maize,2026,9,1764.5183333333334,-4.353333333333315,0.0038060730310232973,1772.4940476190477,1954.2891666666665
Maize,2026,10,1771.3850000000002,1.9716666666666545,0.0077678835709687165,1754.8811904761906,1887.5219444444444
Maize,2026,11,1741.2683333333334,0.4683333333333242,0.008401534105948266,1756.8259523809522,1793.6315555555557
Maize,2026,12,1745.0766666666666,-18.61333333333334,-0.004146407185103931,1752.952380952381,1760.9317777777778
Onion,2021,1,2441.518,41.66777777777775,0.026750989759268623,2439.968571428571,
Onion,2021,2,3022.945,59.28166666666667,0.024181739832857995,2884.890238095238,
Onion,2021,3,1659.9058333333332,-171.40833333333333,-0.07396467492329435,2152.7604761904763,2459.546533333333
Onion,2021,4,839.6508333333333,-33.975833333333334,-0.027819393593495858,933.9646428571427,1992.3056666666664
Onion,2021,5,994.8358333333334,26.215833333333325,0.030592140494283993,944.7161904761905,1218.2097222222221
Onion,2021,6,1619.9141666666667,48.274166666666666,0.04168785189388344,1472.4280952380952,1083.5802222222221
Onion,2021,7,1569.8208333333332,-10.095833333333319,-0.0034130703710046895,1601.5251190476192,1372.9422222222222
Onion,2021,8,1469.9908333333333,-1.2233333333333338,0.003930041061073226,1477.157380952381,1542.2691388888888
Onion,2021,9,1357.7908333333332,-28.74833333333333,-0.016579577386693415,1401.7486904761906,1489.742638888889
Onion,2021,10,2649.7641666666664,171.70666666666668,0.12496785875867635,2284.973571428571,1663.378527777778
Onion,2021,11,2251.5608333333334,-83.79750000000001,-0.018316758468785558,2333.3313095238095,2050.958111111111
Onion,2021,12,1930.5966666666666,-24.718333333333323,-0.0027140294650626422,2037.855476190476,2283.905416666667
Onion,2022,1,2012.3975,-8.221666666666655,-0.002801936100543656,2029.3894047619049,2109.646638888889
Onion,2022,2,2028.1258333333335,38.81916666666666,0.019589028952122358,1954.7203571428572,1991.1750277777776
Onion,2022,3,1368.2825,-93.52,-0.04838064072148568,1621.337261904762,1894.8479444444445
Onion,2022,4,816.3283333333334,-37.37833333333333,-0.03143995134253134,939.5334523809523,1515.8654722222225
Onion,2022,5,809.335,6.0,0.0110644691886087,792.58,1054.9421388888888
Onion,2022,6,1034.4058333333332,39.33416666666667,0.040474641042200214,954.4786904761904,866.8109444444444
Onion,2022,7,1191.9591666666668,-12.896666666666667,-0.008306453273283833,1174.6867857142859,977.5009166666667
Onion,2022,8,1068.0275,-9.668333333333331,-0.008276697239547166,1106.474404761905,1100.1294166666667
Onion,2022,9,1086.655,8.61833333333332,0.012325714303812357,1068.1207142857143,1117.2205000000001
Onion,2022,10,1568.29,50.39833333333335,0.03952192911042512,1401.3092857142856,1166.386638888889
Onion,2022,11,2097.33,8.65416666666666,0.010233034248716081,2078.8441666666668,1520.1300833333335
Onion,2022,12,1264.0725,-61.607499999999995,-0.013909787489938583,1432.4186904761907,1714.5645555555554
Onion,2023,1,1309.8691666666666,17.39833333333333,0.018684687890025774,1285.4435714285714,1571.28475
Onion,2023,2,992.1616666666667,-31.7825,-0.02586271745208195,1078.6458333333333,1250.1130277777777
Onion,2023,3,784.5291666666667,-10.441666666666675,-0.0015329054729702589,820.4713095238095,1057.29625
Onion,2023,4,658.705,-14.895000000000001,-0.016174461525772843,698.3229761904762,848.7074722222222
Onion,2023,5,689.9725,2.8725000000000023,0.0056062786380323415,680.8713095238096,723.6681111111111
Onion,2023,6,826.5058333333333,14.669999999999996,0.02089636233727446,780.5114285714285,707.6978055555555
Onion,2023,7,1239.5091666666667,29.29583333333333,0.037565967657219757,1158.8105952380954,866.8413333333333
Onion,2023,8,1580.75,64.5,0.045510521752385104,1416.1304761904764,1126.7876944444445
Onion,2023,9,1866.305,-10.703333333333319,-0.004361654707338657,1868.8994047619046,1495.9616944444444
Onion,2023,10,2053.14,32.42500000000001,0.016855176365862767,1966.5814285714287,1781.893861111111
Onion,2023,11,3516.3399999999997,142.28454545454542,0.0645963788603852,3133.185844155844,2270.7727878787878
Onion,2023,12,3001.311818181818,-132.58999999999997,-0.03906809838623943,3280.9763636363637,2809.771666666667
Onion,2024,1,1679.0583333333334,-62.145,-0.027718411464591492,1910.4916666666668,2826.655194444444
Onion,2024,2,1118.9075,-46.663333333333334,-0.03128805864410397,1257.0221428571429,2085.743916666667
Onion,2024,3,1469.0908333333334,32.4475,0.034528412049478534,1379.240238095238,1440.817388888889
Onion,2024,4,1225.001,-12.917999999999983,-0.007562039655118279,1289.9034285714285,1302.6615666666667
Onion,2024,5,1374.9283333333333,3.789999999999987,0.00938399226755665,1349.5935714285713,1336.5640277777777
Onion,2024,6,2094.9775,74.8866666666667,0.04765584361120703,1849.7615476190476,1465.8304722222222
Onion,2024,7,2633.8475,23.16916666666664,0.012967078950498307,2564.5510714285715,1940.712638888889
Onion,2024,8,2700.6841666666664,53.804999999999986,0.020057281476093144,2600.912380952381,2398.3933888888887
Onion,2024,9,3671.9616666666666,49.360000000000014,0.0155873280414382,3490.744761904762,2862.5066944444443
Onion,2024,10,3460.850909090909,-61.67181818181817,-0.01624200656624618,3584.7251948051944,3263.356303030303
Onion,2024,11,3681.3325,52.718333333333334,0.02380128906543785,3513.0709523809523,3525.157138888889
Onion,2024,12,3588.771666666667,-23.844999999999988,-0.004348529878749344,3652.0447619047623,3574.2135833333336
Onion,2025,1,2114.0333333333333,-134.53833333333333,-0.045212987295957414,2572.4558333333334,3332.195333333333
Onion,2025,2,2113.6366666666668,52.620000000000005,0.02663152189493446,2001.1329761904763,2685.904472222222
Onion,2025,3,1739.8358333333333,-95.54666666666668,-0.04932162447469623,1960.8417857142858,2117.2386111111114
Onion,2025,4,1140.9475,-30.225833333333327,-0.02664293755254672,1232.8214285714287,1758.2580833333334
Onion,2025,5,995.0875,10.008333333333335,0.010644361738031833,1000.1238095238095,1345.3096666666668
Onion,2025,6,1289.0983333333334,32.34499999999999,0.02791933192281727,1188.8289285714286,1105.0220277777778
Onion,2025,7,1317.2016666666666,-18.381666666666657,-0.012872347634195693,1352.7917857142857,1187.735138888889
Onion,2025,8,1169.4541666666667,8.038333333333336,0.01178637295826476,1188.9292857142857,1270.1326111111111
Onion,2025,9,1140.5258333333334,-25.239166666666666,-0.01652943708361382,1170.1397619047618,1228.0890277777778
Onion,2025,10,1084.8433333333335,10.10499999999999,0.018374764512260097,1093.3120238095237,1147.2350833333333
Onion,2025,11,1324.3008333333335,14.763333333333343,0.014740281364362973,1264.2079761904763,1161.244388888889
Onion,2025,12,1299.8658333333333,36.81999999999999,0.028776035376728782,1231.7948809523812,1201.6567222222222
Onion,2026,1,1392.835,-72.46833333333332,-0.04363172612464051,1493.6885714285715,1303.1693888888888
Onion,2026,2,1034.6416666666667,-47.88833333333332,-0.03794654197247903,1198.8585714285714,1294.5805
Onion,2026,3,833.8233333333333,-30.44000000000001,-0.024506750693353105,929.7223809523808,1209.6234444444444
Onion,2026,4,913.3766666666667,19.555000000000007,0.02261260437726385,863.1823809523809,1146.2199444444443
Onion,2026,5,958.4666666666667,7.171666666666657,0.020294625124552965,929.9085714285715,1075.3949444444445
Onion,2026,6,1271.04,44.02166666666667,0.0433632551008509,1129.9859523809523,1007.6153888888889
Onion,2026,7,1931.9083333333335,135.07499999999996,0.1017989219137505,1590.2016666666666,1102.9886111111111
Soybean,2021,1,4906.616129032258,5.020333333333323,0.012446707053563941,5016.247885714286,4929.6345
Soybean,2021,2,5351.832142857143,12.774999999999993,0.012920148226518342,5292.77443877551,5041.024571428571
Soybean,2021,3,5640.709642857143,20.198214285714293,0.015248939937338985,5612.72693877551,5443.512559523809
Soybean,2021,4,6638.881333333334,55.85833333333334,0.01991723438014189,6460.880904761904,5966.832755555556
Soybean,2021,5,6623.947096774193,3.316774193548384,0.013565821302816255,6607.570138248848,6627.614032258065
Soybean,2021,6,6681.085333333333,-1.6713333333333438,0.011086153225325586,6687.803714285715,6643.410655555556
Soybean,2021,7,7504.617333333334,86.19033333333336,0.021515690818722514,7266.787666666667,6928.950011111111
Soybean,2021,8,7624.1089999999995,-39.924333333333315,0.014782206841698271,7720.563666666667,7613.594666666667
Soybean,2021,9,6429.049333333333,-84.32133333333334,0.004829415530165779,6667.943095238095,7242.634055555555
Soybean,2021,10,5270.412333333333,-31.230000000000018,0.0027260933976080218,5396.395476190476,6014.414055555555
Soybean,2021,11,5979.709666666667,35.81466666666668,0.015508651653498474,5835.892904761905,5427.3642
Soybean,2021,12,6132.670967741935,4.903548387096754,0.009196613223876913,6133.349493087558,6091.007978494624
Soybean,2022,1,5951.11291256437,-9.185328864683704,-5.323802388547371e-05,5974.222020894419,6054.619363655659
Soybean,2022,2,6319.146440593928,42.44345550438379,0.009127873957136929,6206.443932646465,6049.915448303317
Soybean,2022,3,6596.449233270562,6.553240464916974,0.00426370955961783,6575.619528635539,6410.354716953151
Soybean,2022,4,6592.804897601362,-16.16101078630442,0.0019010731569692393,6637.157933073236,6630.435814770163
Soybean,2022,5,6340.265511209516,-13.548124607541144,0.0005378881136592738,6371.699743005526,6504.564089984295
Soybean,2022,6,6137.139372745451,-0.32297232453183444,0.002221007053532602,6157.559305001007,6278.968395677312
Soybean,2022,7,5999.512295632363,-7.384798056867582,0.0006040410381020866,6013.415555347505,6080.891792562268
Soybean,2022,8,5863.256101358009,-22.28673478301082,-0.0017616636152601806,5922.333351335132,5987.005197410406
Soybean,2022,9,5419.922258003161,-15.914936822817822,0.0010149041595108681,5478.211961461392,5702.601437995941
Soybean,2022,10,5215.025272605992,-4.494835458138398,0.002096404038224725,5218.263002366053,5335.89881532913
Soybean,2022,11,5669.74952879609,19.90202433707127,0.007175538572918813,5618.912748273875,5377.335871055623
Soybean,2022,12,5555.383941453167,-2.7397887819998954,0.0013497846178841975,5564.097544494208,5630.794067842748
Soybean,2023,1,5023.4972628934365,-5.083552879700238,0.000210449871157839,5036.24378874905,5124.326076294985
Soybean,2023,2,5029.301030909715,-1.1195040378497605,0.000357657059881171,5028.107971118401,5031.986619869242
Soybean,2023,3,4945.589330199747,-0.6533147513772494,0.0003251178424961037,4954.483185634218,4993.416253387178
Soybean,2023,4,4935.659917751313,-0.3012759180404563,0.00052749729701161,4945.3713682576,4956.028036999136
Soybean,2023,5,4820.698927074064,-11.010975839199,-0.001842209702879681,4838.014977210137,4895.671264884991
Soybean,2023,6,4837.380814688714,1.52461146166861,0.0008900641772322684,4833.585539402985,4817.151363896092
Soybean,2023,7,4798.033876022582,-0.7194206826960378,0.0007738840742658195,4797.044176202018,4825.480858400763
Soybean,2023,8,4781.619468213465,0.6386079920869243,0.0007029441055250487,4788.406359009612,4786.759291273842
Soybean,2023,9,4759.791046196712,-2.8460512659895043,0.00019758646391789667,4766.812607363312,4785.852321830203
Soybean,2023,10,4601.086031281336,-4.80431109163642,-0.00018009092169630632,4613.535567035948,4685.922501688962
Soybean,2023,11,4906.59746500664,10.44643736092039,0.0032313048047967626,4869.996953111137,4707.030450426084
Soybean,2023,12,4713.247624060575,-4.710992544029449,-0.0003840216875201711,4738.864274087629,4841.924268789049
Soybean,2024,1,4395.0517000200025,-11.60215092465252,-0.0021300178122573322,4424.0012944309365,4506.79218732324
Soybean,2024,2,4333.574075030951,-0.13590294451688137,0.0005790446797623037,4333.520873052818,4370.026103917255
Soybean,2024,3,4301.171129950956,1.0628467922425433,0.0013357484105966419,4312.307259305694,4327.1856000515445
Soybean,2024,4,4377.492761096423,-1.521786061117807,6.628662159814044e-05,4357.629815833816,4317.476459184719
Soybean,2024,5,4345.7221993754765,0.767390025806567,0.0006062458599378808,4350.366323513754,4363.4284830813995
Soybean,2024,6,4325.900335122621,2.894577897958425,0.0010988464359343402,4321.433325669437,4331.4554895780375
Soybean,2024,7,4286.293703810437,-7.997134440676864,-0.0012763882568037226,4304.629223231234,4324.065593420301
Soybean,2024,8,4238.993622353673,9.728830019652893,0.003017351364386603,4225.29565399726,4257.370683295112
Soybean,2024,9,4395.678507202657,-3.553576832552729,-0.00023902646517591044,4390.801001589244,4305.467224961266
Soybean,2024,10,4163.823659596585,-1.4675355908306889,7.492310575098194e-07,4191.3473916071125,4304.7433471644545
Soybean,2024,11,4149.420900450269,-14.305787786316206,-0.003083192305067576,4156.3221669030645,4163.568974500605
Soybean,2024,12,4127.037167422961,4.691487778077422,0.0022407030030144283,4126.412611231729,4146.890480346718
Soybean,2025,1,4066.7739099153096,-2.7592215385464898,-4.376262764030231e-05,4076.8436656134795,4073.8066168851483
Soybean,2025,2,4138.324330282217,34.71279324466791,0.010598956517952183,4079.8723947373337,4066.372340940774
Soybean,2025,3,4028.96091865093,-4.295932303273336,-0.00010081868892271221,4031.9540088466415,4067.957894336147
Soybean,2025,4,4185.071688533209,-0.4278564097055649,0.0008458532160049276,4186.161201353083,4094.1540045568404
Soybean,2025,5,4149.984220462088,-2.770703692034814,0.00028700988357805563,4148.359799827091,4170.1516339155405
Soybean,2025,6,4181.204627857437,-1.552298331665215,0.0030340467880788074,4184.759214580336,4176.442357224414
Soybean,2025,7,4169.157093624727,13.439906253523002,0.004998019476594418,4145.247525355905,4143.436123614219
Soybean,2025,8,4348.032269742247,-3.761819424123316,0.0008336374042262898,4351.9115256682335,4259.702413635004
Soybean,2025,9,4112.836396496007,-9.88774346127734,-0.0006420878581879784,4135.04478245939,4252.588295587964
Soybean,2025,10,4060.894219654435,1.7038718961335397,0.0025442183280828035,4065.221013517009,4108.329019332619
Soybean,2025,11,4338.492312515488,-1.7326540269692439,0.0031301234987645694,4312.635111626575,4155.688023128196
Soybean,2025,12,4345.302118247806,17.890119597672673,0.005880942945211184,4316.964436922787,4319.933576699234
Soybean,2026,1,5187.530958844757,32.48439687519392,0.013184838864353168,5082.107893211386,4743.379402204635
Soybean,2026,2,5190.9583189904715,-20.005022803111714,0.0013153828079733461,5254.975975855446,5227.8878196981
Soybean,2026,3,5286.1940436719815,-2.7547846945366428,0.002741143036811115,5269.005498619795,5228.137052592141
Soybean,2026,4,5540.402059164797,38.07252945481083,0.009695777637585902,5462.212139004099,5347.79616564966
Soybean,2026,5,6748.4281138770675,47.439097796131946,0.009710937232022553,6590.959204342296,5947.691236850128
Soybean,2026,6,6400.2365714881735,-14.76943341459498,0.0024255062889781093,6458.581652703354,6631.962750143496
Soybean,2026,7,5528.999729120967,-97.1403511711801,-0.0010039027141642357,5957.824496278601,6328.350513444668
Soybean,2026,8,5663.4341626214145,90.93218113560836,0.02386271592804665,5562.888249708452,6231.609279126362
Soybean,2026,9,5605.398162091518,-22.756857472461093,0.008141854043909607,5636.453986826065,6075.702468635976
Soybean,2026,10,5497.079095456368,12.039106684033262,0.01190359924625115,5555.614644515893,5847.8905530916245
Soybean,2026,11,5580.926205144363,33.865500403434,0.018991073958440817,5498.76835043918,5619.043006133213
Soybean,2026,12,5610.4639752484245,8.148004430432897,0.01696513746276056,5606.019578652254,5571.412543885276
Sugar,2021,1,3272.9523809523807,0.0,0.0005327540887802456,3290.190476190476,
Sugar,2021,2,3287.181818181818,0.0,0.00032925548356224074,3286.7272727272725,3284.5619047619048
Sugar,2021,3,3274.55,-1.0,3.5857782667735213e-05,3275.45,3282.373333333333
Sugar,2021,4,3306.4761904761904,2.380952380952381,0.0010848209071242197,3301.1292517006805,3288.139682539683
Sugar,2021,5,3277.4583333333335,0.0,0.0005472740174040628,3277.696428571429,3288.801388888889
Sugar,2021,6,3282.521739130435,-0.8695652173913043,0.0001027082982817782,3285.44099378882,3284.621739130435
Sugar,2021,7,3288.0476190476193,0.9523809523809523,0.0006839752549990804,3286.482993197279,3287.266666666667
Sugar,2021,8,3452.714285714286,14.761904761904763,0.004845901452209981,3405.5034013605446,3316.82380952381
Sugar,2021,9,3547.5833333333335,4.583333333333333,0.0017496621372209504,3535.7380952380954,3464.9347222222223
Sugar,2021,10,3502.086956521739,-3.0434782608695654,-0.0002352017726744392,3510.3478260869565,3531.150724637681
Sugar,2021,11,3487.1,-7.0,-0.0013507665046969847,3508.0,3520.973333333333
Sugar,2021,12,3428.08,0.8,0.0005469197644159516,3425.817142857143,3457.216
Sugar,2022,1,3456.5,-3.727272727272727,-0.0010056608492937545,3466.448051948052,3462.6530303030304
Sugar,2022,2,3445.7619047619046,5.333333333333333,0.0016574289341549666,3440.9523809523807,3455.8507936507935
Sugar,2022,3,3446.0476190476193,-1.9047619047619047,-0.0004183843073683426,3441.795918367347,3441.5396825396824
Sugar,2022,4,3514.6363636363635,2.727272727272727,0.0009606472229330094,3506.2597402597403,3463.0954545454547
Sugar,2022,5,3518.842105263158,0.2631578947368421,0.00030561176582343663,3516.022556390978,3510.985964912281
Sugar,2022,6,3628.65,-3.75,0.0179363547971371,3641.8285714285716,3593.123333333333
Sugar,2022,7,3478.56,0.2,0.00026996818571467594,3477.5314285714285,3537.9346666666665
Sugar,2022,8,3531.6363636363635,4.7727272727272725,0.0015573603337813594,3518.071428571429,3489.218181818182
Sugar,2022,9,3528.625,-0.625,0.0001954292237928564,3529.4732142857147,3525.46875
Sugar,2022,10,3543.24,-0.28,-1.0085448961963742e-06,3544.674285714286,3540.393333333333
Sugar,2022,11,3530.470588235294,1.2941176470588236,0.0004888047454713584,3526.9159663865544,3536.01568627451
Sugar,2022,12,3516.65,-3.9,-0.0009474350036833201,3525.7142857142853,3528.7683333333334
Sugar,2023,1,3548.875,-2.0625,-2.6536414175036896e-05,3558.0089285714284,3542.475
Sugar,2023,2,3577.5454545454545,0.7272727272727273,0.0007218557525544917,3575.3636363636365,3565.0696969696965
Sugar,2023,3,3541.5652173913045,-0.43478260869565216,0.00024738911098143,3542.8695652173915,3559.702898550725
Sugar,2023,4,3619.125,6.625,0.0020718476778851126,3599.25,3558.9375
Sugar,2023,5,3663.6521739130435,0.4782608695652174,0.0004835816950927653,3662.217391304348,3641.4710144927535
Sugar,2023,6,3674.2083333333335,0.8333333333333334,0.0005057057261806831,3671.7083333333335,3662.1083333333336
Sugar,2023,7,3696.913043478261,1.9130434782608696,0.0008259646760321391,3691.1739130434785,3684.8231884057973
Sugar,2023,8,3699.8333333333335,0.75,0.00047033871322108375,3698.511904761905,3690.4583333333335
Sugar,2023,9,3799.0,9.88888888888889,0.002904412512459478,3768.0952380952385,3721.238888888889
Sugar,2023,10,3795.8636363636365,-0.09090909090909091,0.0003443297286236998,3796.1363636363635,3775.0303030303035
Sugar,2023,11,3818.0,4.761904761904762,0.0016014060452435096,3808.816326530612,3796.8793650793646
Sugar,2023,12,3883.3478260869565,0.0,0.0005080604885784307,3878.689440993789,3841.9014492753627
Sugar,2024,1,4026.3888888888887,0.0,0.00019987909461334459,4026.3888888888887,3961.5
Sugar,2024,2,3994.318181818182,-3.409090909090909,-0.0006773272303452728,4004.5454545454545,4022.1969696969695
Sugar,2024,3,4106.25,8.75,0.00223956061346149,4080.0,4024.7083333333335
Sugar,2024,4,4102.941176470588,0.0,0.000125216198421194,4102.941176470588,4088.823529411765
Sugar,2024,5,4103.260869565217,0.0,9.255110318088251e-05,4103.260869565217,4101.086956521739
Sugar,2024,6,4096.875,0.0,0.0001330422108225186,4095.758928571429,4101.09375
Sugar,2024,7,9014.473684210527,0.0,1.1486782545447116,6908.646616541353,4753.5526315789475
Sugar,2024,8,4035.0,3.75,0.027370388750569286,6040.357142857143,7202.041666666667
Sugar,2024,9,4197.619047619048,3.5714285714285716,0.0009176058537935143,4172.448979591837,4970.119047619048
Sugar,2024,10,4193.75,-1.25,-0.00017773992903719478,4197.5,4185.666666666666
Sugar,2024,11,4200.0,0.0,9.59187124380144e-05,4200.0,4199.206349206349
Sugar,2024,12,4218.478260869565,2.1739130434782608,0.0006209954160559434,4211.95652173913,4199.094202898551
Sugar,2025,1,4317.307692307692,0.9615384615384616,0.0002649946030025077,4314.423076923077,4279.5192307692305
Sugar,2025,2,4301.470588235294,-1.4705882352941178,-0.0002847086166285468,4305.882352941177,4313.970588235294
Sugar,2025,3,4315.217391304348,1.0869565217391304,0.0002995591164376174,4311.95652173913,4306.195652173913
Sugar,2025,4,4315.217391304348,0.0,3.677958701777413e-05,4315.217391304348,4314.746376811594
Sugar,2025,5,4304.761904761905,0.0,2.0423183382709382e-05,4304.761904761905,4310.1984126984125
Sugar,2025,6,4304.411764705882,0.0,2.522863829628806e-05,4304.411764705882,4304.362745098039
Sugar,2025,7,6367.0,2.0,0.4343849360159153,6361.0,5599.2
Sugar,2025,8,4357.142857142857,2.380952380952381,0.0005768910895798572,4351.0204081632655,5229.642857142857
Sugar,2025,9,4380.681818181818,0.0,3.130470295669994e-05,4379.7077922077915,4363.371212121212
Sugar,2025,10,4378.9473684210525,0.0,3.624755079196836e-05,4378.9473684210525,4379.69298245614
Sugar,2025,11,4404.761904761905,2.380952380952381,0.0005678408819631999,4397.619047619048,4383.333333333333
Sugar,2025,12,4415.476190476191,0.0,4.799555874709051e-05,4415.476190476191,4407.6984126984125
Sugar,2026,1,4432.142857142857,-1.7857142857142858,-0.00038110654659884283,4437.5,4427.857142857143
Sugar,2026,2,4431.25,0.0,1.9639116358781232e-05,4431.25,4437.135416666667
Sugar,2026,3,4430.357142857143,0.0,2.0177562550435742e-05,4430.357142857143,4430.833333333333
Sugar,2026,4,4429.166666666667,0.0,1.5693659761450022e-05,4429.166666666667,4430.277777777777
Sugar,2026,5,4473.684210526316,3.9473684210526314,0.0009085988633743843,4461.8421052631575,4438.464912280701
Sugar,2026,6,4465.789473684211,-7.894736842105263,-0.0017428036542190208,4478.195488721804,4468.815789473684
Sugar,2026,7,4433.333333333333,25.0,0.005790176073012167,4439.285714285715,4474.166666666667
Sugar,2026,8,4450.0,18.75,0.0042452231321018,4424.107142857143,4466.875
Sugar,2026,9,4450.0,0.0,5.501597579297534e-05,4444.642857142857,4460.208333333333
Sugar,2026,10,4443.75,0.0,7.062146892652509e-05,4446.428571428572,4458.125
Sugar,2026,11,4440.0,0.0,5.6497175141220074e-05,4442.142857142857,4455.5
Sugar,2026,12,4445.0,0.0,4.401278063438027e-05,4443.571428571429,4446.333333333333
Turmeric,2021,1,7431.440740740741,132.3453846153846,0.05253067166474276,7160.220612244898,
Turmeric,2021,2,10269.827083333334,195.3829166666667,0.07177856559529834,9535.74392857143,8210.10609090909
Turmeric,2021,3,9809.9448,-40.51399999999994,0.07957838367934834,10292.560971428571,10158.5798
Turmeric,2021,4,8422.745384615384,-148.4111538461539,0.04526689857372317,8576.41554945055,9316.897282051283
Turmeric,2021,5,7331.430344827587,-56.416896551724115,0.021647301091567133,7492.791280788177,8034.711195402299
Turmeric,2021,6,7509.276071428571,21.360000000000014,0.02169303699010514,7486.142193877551,7447.1205
Turmeric,2021,7,6995.740689655173,-45.981724137931046,0.012494973789078604,7068.479556650246,7263.4240344827585
Turmeric,2021,8,7408.557241379311,13.98758620689654,0.02255035277467671,7361.3086699507385,7241.305390804598
Turmeric,2021,9,7573.745,-23.270384615384607,0.03165346057263882,7531.287252747252,7500.527153846154
Turmeric,2021,10,7452.948,75.2988,0.03872123932840469,7523.068857142856,7597.244573333333
Turmeric,2021,11,7059.324545454546,-28.986818181818162,0.0011512517915594723,6998.089610389611,7014.888045454546
Turmeric,2021,12,7871.17,40.81928571428572,0.022874273639189847,7781.438112244898,7460.337821428571
Turmeric,2022,1,8502.923333333334,-3.945000000000031,0.020658057926576868,8474.113392857142,8061.278777777778
Turmeric,2022,2,10914.943636363636,474.16818181818195,0.05626720453102489,9646.767402597403,8735.803363636363
Turmeric,2022,3,8984.25653846154,-441.84538461538466,0.011934897904969433,9994.914615384616,10331.876076923076
Turmeric,2022,4,8228.736785714285,-30.21107142857146,0.01848336749298196,8422.983979591836,9050.36275
Turmeric,2022,5,7925.326071428572,22.502500000000072,0.03666340244845613,7892.804489795918,8242.331761904763
Turmeric,2022,6,7246.725600000001,-43.12039999999999,0.007953502797912668,7325.447371428571,7360.553853333333
Turmeric,2022,7,7093.674285714286,-29.276785714285715,0.022611111952508332,7135.962142857143,7272.28525
Turmeric,2022,8,7729.727692307692,332.16346153846155,0.09180836961959772,7465.4349999999995,7245.398397435898
Turmeric,2022,9,6935.69,-327.80541666666664,-0.022607621119888618,7255.590595238095,7542.519805555556
Turmeric,2022,10,6919.572222222223,14.27444444444444,0.17137799859911632,6979.42798941799,6957.018641975308
Turmeric,2022,11,7425.22,2.047499999999985,0.012899017095545235,7296.8529761904765,7157.811236111112
Turmeric,2022,12,7363.920370370371,-2.4140740740740934,0.010562505847072115,7344.946984126984,7360.444716049383
Turmeric,2023,1,7900.309130434784,39.85000000000001,0.05864297529530251,7885.400186335403,7567.408376811593
Turmeric,2023,2,9869.061304347826,163.5943478260869,0.09156832321700902,9520.01198757764,8403.106608695653
Turmeric,2023,3,9822.797407407408,-6.198148148148162,0.056405733422109694,9590.348359788359,9660.66738271605
Turmeric,2023,4,8312.152,-199.96519999999998,0.012857657513366854,8967.435085714285,9586.899440000001
Turmeric,2023,5,8372.943461538462,29.591153846153794,0.040100072444885886,8252.391153846154,8366.686717948718
Turmeric,2023,6,8032.975925925926,10.526296296296298,0.023796366181429735,8048.660740740741,8161.800654320988
Turmeric,2023,7,11499.753928571428,249.55928571428578,0.04419000418544861,10863.963367346938,9180.869845238096
Turmeric,2023,8,11738.312,-63.917600000000064,0.03462813492732891,11783.719085714287,11565.15984
Turmeric,2023,9,11748.912857142857,-117.05142857142862,0.05563648018043136,11926.216530612246,11989.628793650794
Turmeric,2023,10,12448.968400000002,160.0,0.07985669629492437,12082.764914285715,11656.250426666667
Turmeric,2023,11,11720.662727272727,-295.45454545454544,0.01732428451894372,12089.223181818183,12588.77590909091
Turmeric,2023,12,11630.151304347824,336.9565217391304,0.05403977281329745,11498.43552795031,11674.471884057972
Turmeric,2024,1,13637.523333333333,-108.05857142857141,0.030083896065034837,13478.097482993198,12737.355682539684
Turmeric,2024,2,14581.645384615385,345.0376923076923,0.05302997763394449,14254.838186813187,13904.673692307693
Turmeric,2024,3,18205.105,-311.79125000000005,0.06718420290094519,17821.004761904762,15439.353583333332
Turmeric,2024,4,15477.465600000001,138.06480000000002,0.021158253452836614,15803.173885714286,17399.75396
Turmeric,2024,5,15105.092068965516,-84.19862068965516,0.0023411522890953666,15223.093251231528,15217.855862068966
Turmeric,2024,6,15342.269999999999,-54.76370370370372,0.004193767383521287,15488.839259259259,15791.253641975309
Turmeric,2024,7,14630.789166666667,-1.75958333333332,0.01380380214180179,14714.748333333335,14822.956444444446
Turmeric,2024,8,13328.1376,101.68919999999999,0.015226963853363189,13347.696914285714,14046.745626666667
Turmeric,2024,9,13799.630000000001,-166.7426923076923,-0.006883751070541566,13887.993516483517,13711.93332051282
Turmeric,2024,10,13111.92375,201.47124999999997,0.030126178816236044,12943.175416666667,13350.224805555556
Turmeric,2024,11,14599.903333333334,-306.5516666666667,0.030949678634688834,14871.540833333333,14042.381833333333
Turmeric,2024,12,13009.951538461539,136.33692307692309,0.038948353245772845,13055.70087912088,13803.941346153846
Turmeric,2025,1,14237.198148148147,24.311851851851856,0.02547076249493105,14010.78164021164,13378.279604938272
Turmeric,2025,2,14737.8755,146.34699999999992,0.08263729849691928,14297.848357142857,14157.35735
Turmeric,2025,3,14185.314615384616,162.6584615384615,0.02561323659572629,14265.342527472529,14264.189692307693
Turmeric,2025,4,13562.663333333334,-310.20185185185187,-0.010245399231697741,13883.729894179894,14205.700333333332
Turmeric,2025,5,12538.657307692309,-12.65846153846147,0.010961008525949325,12638.341208791207,13150.464012820514
Turmeric,2025,6,12104.3025,-31.848333333333326,0.013709225911470828,12174.78476190476,12433.864166666666
Turmeric,2025,7,11934.629230769231,-19.882692307692267,0.012115724879801325,11891.766318681319,12055.34
Turmeric,2025,8,11569.61652173913,-147.154347826087,0.02313732873059408,12085.960186335402,12010.582362318839
Turmeric,2025,9,11541.315833333334,156.82958333333332,0.04793410294799747,11053.947440476191,11384.03236111111
Turmeric,2025,10,13099.655,53.99708333333334,0.04193561345928907,12926.182797619047,11936.899749999999
Turmeric,2025,11,14570.047272727272,61.24090909090906,0.03661860406230977,14282.40935064935,13619.709136363637
Turmeric,2025,12,14379.693181818182,103.23818181818189,0.018110246993328454,14320.580064935064,14232.286378787878
Turmeric,2026,1,15193.116111111112,-205.94166666666672,0.0078076634511670085,15429.57365079365,14879.252907407408
Turmeric,2026,2,15932.535,261.05555555555554,0.028621964658868047,15520.23531746032,15388.458944444445
Turmeric,2026,3,15084.26894736842,-137.47526315789477,0.015375945345944176,15399.101127819547,15580.14059649123
Turmeric,2026,4,13910.068260869566,-73.01869565217383,-0.0016757398526814796,14133.499813664595,14878.403420289855
Turmeric,2026,5,13604.50857142857,-7.562380952381064,0.003814346874873077,13580.481292517008,13797.740634920636
Turmeric,2026,6,13862.998095238096,33.39809523809525,0.005882896355192119,13856.33380952381,13713.524158730157
Turmeric,2026,7,15446.0225,-101.5675,0.0012826376122460278,14382.594642857142,14051.566333333332
Turmeric,2026,8,14431.4,-185.4074999999998,-0.006651064450004303,15061.894642857142,14090.712333333333
Turmeric,2026,9,14505.761666666667,-10.948333333333418,0.004753577933070415,14570.386190476192,14146.1725
Turmeric,2026,10,14985.380000000001,197.23500000000013,0.030182594379714205,14683.471428571429,14319.889500000001
Turmeric,2026,11,14476.298,-129.75,-0.00329183296657532,14660.38342857143,14474.383666666667
Turmeric,2026,12,14479.882000000001,-16.5880000000001,0.005915275857350161,14496.27714285714,14594.761999999999
Wheat,2021,1,2244.236774193548,-11.5,0.015302159909335443,2273.5930857142857,2254.9823333333334
Wheat,2021,2,2165.625,-2.4010714285714223,0.022269884602813646,2190.9631632653063,2229.7272023809523
Wheat,2021,3,2117.844516129032,31.867096774193534,0.04178751170858987,2070.8339631336403,2097.5233010752686
Wheat,2021,4,2247.6933333333336,-18.513666666666662,0.0137701427831134,2266.0051428571433,2179.7949444444444
Wheat,2021,5,2289.3396774193548,2.339999999999995,0.03201330132886318,2293.102073732719,2291.7842903225805
Wheat,2021,6,2326.953,-1.7486666666666764,0.020301529292022596,2313.7312857142856,2307.3556888888893
Wheat,2021,7,2275.224193548387,11.363225806451613,0.06221112533012229,2268.5055760368664,2269.016892473118
Wheat,2021,8,2277.1193548387096,-11.761612903225796,0.019567154000658372,2290.784147465438,2285.934129032258
Wheat,2021,9,2347.8716666666664,13.903999999999993,0.023757907292324236,2328.141,2321.203311111111
Wheat,2021,10,2324.234838709677,-22.39903225806452,0.011480516348128942,2322.4822119815667,2313.434741935484
Wheat,2021,11,2396.147,22.336999999999993,0.04049661366752311,2396.378619047619,2376.5967333333333
Wheat,2021,12,2378.863548387097,3.6925806451612986,0.020801051087003995,2368.4803686635946,2359.977451612903
Wheat,2022,1,2502.294516129032,-2.6561290322580673,0.011767161290722417,2509.51930875576,2496.905365591398
Wheat,2022,2,2445.901785714286,-6.591428571428567,0.007563958060286908,2460.3220918367347,2472.3502738095235
Wheat,2022,3,2448.294516129032,4.489677419354836,0.01064838432639777,2432.237649769585,2444.272376344086
Wheat,2022,4,2474.589,-0.7503333333333264,0.005040434841162278,2473.059761904762,2445.539388888889
Wheat,2022,5,2504.689677419355,-1.5196774193548397,0.006287232203682675,2504.2212903225804,2508.7341182795694
Wheat,2022,6,2495.9083333333333,4.1736666666666675,0.009982777512467029,2491.1715238095235,2461.5402777777776
Wheat,2022,7,2622.082580645161,-2.7032258064516177,0.0031399035724316185,2606.909400921659,2568.265182795699
Wheat,2022,8,2714.378064516129,39.18612903225808,0.019571388473460852,2685.1730414746544,2650.3815591397847
Wheat,2022,9,2709.23,-28.447333333333336,-0.0007437222063846331,2726.4131904761903,2724.617055555556
Wheat,2022,10,2884.3990322580644,0.6080645161290371,0.011932624720169023,2847.1954838709676,2748.909935483871
Wheat,2022,11,2858.9726666666666,8.829,0.004492515229869527,2873.2522380952378,2898.454711111111
Wheat,2022,12,3060.892258064516,14.984193548387108,0.012356242831488388,3033.205529953917,2936.675634408602
Wheat,2023,1,3233.236774193548,0.7819354838709609,0.019249644209907303,3218.8063133640553,3164.5679354838708
Wheat,2023,2,3056.2214285714285,-22.55464285714285,0.00988129802877337,3133.295867346939,3248.6654523809525
Wheat,2023,3,2864.0009677419353,0.9519354838709602,0.013036295706340526,2867.7235023041476,3000.685010752688
Wheat,2023,4,2978.4230000000002,-12.545666666666673,0.011840017542595681,2964.8312380952384,2896.4030222222223
Wheat,2023,5,2890.0899999999997,8.172666666666666,0.009910021060608239,2884.957047619048,2907.8368111111113
Wheat,2023,6,3168.8586666666665,19.44266666666668,0.019067514821853593,3129.963238095238,2995.6039333333333
Wheat,2023,7,3221.2551612903226,-9.246774193548397,0.014791835240677257,3227.9950230414747,3210.9840752688174
Wheat,2023,8,3235.9612903225807,2.2838709677419375,0.012896958603995897,3221.7147004608296,3204.145580645161
Wheat,2023,9,3288.2426666666665,-15.921666666666685,0.009608545646703492,3306.1031428571428,3259.5645111111107
Wheat,2023,10,3435.276451612903,34.541612903225804,0.02540757137571973,3401.8128110599077,3347.5486666666666
Wheat,2023,11,3311.6303333333335,-25.511333333333347,0.001776959038277202,3341.027380952381,3403.1675
Wheat,2023,12,2945.8387096774195,0.5925806451612836,0.006297253558238689,2974.4563133640554,3167.115462365591
Wheat,2024,1,2863.769677419355,-9.435806451612898,-0.0008551747675076282,2876.6658064516128,2870.9875268817204
Wheat,2024,2,2781.9524137931035,-9.578275862068965,0.007484492475382984,2813.7437931034483,2877.586275862069
Wheat,2024,3,2815.8270967741937,12.69645161290323,0.012996679375948917,2768.85599078341,2762.206913978495
Wheat,2024,4,2996.1429999999996,15.374666666666645,0.023958072582619824,2967.7348571428574,2866.4095444444447
Wheat,2024,5,3013.75,-23.832258064516136,0.0006958537821680645,3062.5223041474655,3031.799301075269
Wheat,2024,6,2849.2303333333334,-4.523666666666668,0.0037636647721160147,2848.902666666667,2949.5577333333335
Wheat,2024,7,2887.813548387097,13.291290322580648,0.008248916343300933,2886.7588940092164,2857.2708817204298
Wheat,2024,8,2920.49,4.666,0.007912985000009263,2902.6226666666666,2890.4274
Wheat,2024,9,2952.612,-7.9983333333333295,0.003869787860058466,2962.5295238095237,2957.4695333333334
Wheat,2024,10,3124.4663333333333,-2.695333333333345,0.010642080676673604,3069.4466666666663,3001.3487444444445
Wheat,2024,11,3443.400344827586,49.46586206896551,0.02583773225761705,3410.950344827586,3231.1859310344826
Wheat,2024,12,3324.0087096774196,-6.93806451612903,0.00862651244956891,3323.123870967742,3345.401817204301
Wheat,2025,1,3660.292187754086,-4.197612384763673,0.007281336125945394,3647.5410664009264,3567.028142139475
Wheat,2025,2,3268.3867972675566,-29.49529165760689,0.0015529984703572775,3350.7859222033335,3535.404839750084
Wheat,2025,3,3156.3458065854857,37.34860730576671,0.021749615720830045,3140.8691472348123,3240.7719635096178
Wheat,2025,4,3271.9855254910713,-17.83013720794042,0.005168856738960622,3268.6963685000196,3180.9869916795483
Wheat,2025,5,3306.1720296979283,-19.804731416222726,0.0078449747891585,3330.882104376262,3296.432340478187
Wheat,2025,6,3223.286533556054,-9.12364768186117,0.009087251571907299,3219.8192579128263,3280.200142127689
Wheat,2025,7,3354.411520921131,16.348080421004024,0.0167570888611603,3321.013999132326,3258.0441682864116
Wheat,2025,8,3419.571263691004,-22.056413754337353,0.009688599941268502,3415.9276902417137,3375.8668179300776
Wheat,2025,9,3300.6495701708823,26.090689655172394,0.024013209834161928,3308.6450381511777,3355.7339649792284
Wheat,2025,10,3285.0708214591655,8.225454545454546,0.029385378775150805,3270.58592930048,3318.6035891732663
Wheat,2025,11,3391.574171855261,-22.868214285714288,0.0022442950251705452,3414.8751243869897,3349.8977826992164
Wheat,2025,12,3360.8573413889667,22.842666666666673,0.016761580405530784,3350.5936271032524,3377.5335968464537
Wheat,2026,1,3130.439545487906,-24.09956559224449,0.00833667586438093,3158.7422198512227,3259.0044337356467
Wheat,2026,2,2976.1271440579962,-17.119767519969507,0.0013843963484848594,3024.675540443498,3118.4308783129013
Wheat,2026,3,2779.401957057294,59.551832639358125,0.044826978032071786,2730.128318211573,2856.0715178811897
Wheat,2026,4,2739.672297329908,-54.01019781321605,-0.0012236205786435633,2802.5861231153835,2792.4540570029626
Wheat,2026,5,2705.6217953926725,-6.719798227169539,0.002728122192388839,2694.7715935162782,2721.1065697452054
Wheat,2026,6,2899.9155588835524,27.43446948474833,0.023082771895954257,2851.771771794573,2764.5078394448724
Wheat,2026,7,2816.414642276246,-94.24775065212634,-0.0240198289866511,3018.7979865091693,2886.92944645315
Wheat,2026,8,2873.6383368207335,14.861874506758411,0.020103258975615504,2849.9161809667694,2869.1702516787227
Wheat,2026,9,2947.786885077143,-62.15249435607893,-0.0009708006931816218,2952.9305196973496,2909.194141697166
Wheat,2026,10,2852.066080277086,72.90444957295774,0.05221172348882199,2870.6267571551557,2941.366101071268
Wheat,2026,11,2845.285658978004,-23.01502341861874,0.008012823893620374,2819.7025291635596,2898.812775804781
Wheat,2026,12,2907.3811783870483,1.0518290355012851,0.020371703296219287,2914.860280239392,2884.035408904212
