Date,Year,Month,Commodity,Weighted_Min_Price,Weighted_Max_Price,Weighted_Modal_Price,Total_Arrivals_MT,Markets_Reported
01/01/2021,2021,January,Onion,861.56,2995.3,2172.17,9531.0,35
02/01/2021,2021,February,Onion,1061.63,3789.8,3046.76,18349.0,44
03/01/2021,2021,March,Onion,890.65,2924.66,2293.75,18052.0,40
04/01/2021,2021,April,Onion,527.88,1298.73,896.13,11364.0,28
05/01/2021,2021,May,Onion,336.59,1094.03,755.43,129.0,6
06/01/2021,2021,June,Onion,597.08,2147.16,1597.04,26921.0,40
07/01/2021,2021,July,Onion,640.44,2112.18,1605.06,20094.0,40
08/01/2021,2021,August,Onion,573.95,2028.06,1358.03,6196.0,24
09/01/2021,2021,September,Onion,605.0,1702.96,1402.22,15384.0,40
10/01/2021,2021,October,Onion,836.43,2931.11,2243.98,21852.0,43
11/01/2021,2021,November,Onion,747.69,3406.73,1947.9,7749.0,26
12/01/2021,2021,December,Onion,598.53,2253.33,1542.31,17912.0,42
01/02/2021,2021,January,Onion,1000.77,2935.62,2263.7,13717.0,35
02/02/2021,2021,February,Onion,1025.34,3738.99,3013.14,15143.0,39
03/02/2021,2021,March,Onion,1042.08,2939.17,2303.12,13772.0,43
04/02/2021,2021,April,Onion,372.78,1159.57,843.65,4719.0,22
05/02/2021,2021,May,Onion,346.7,1391.1,879.77,2044.0,9
06/02/2021,2021,June,Onion,631.3,2145.28,1636.23,29779.0,47
07/02/2021,2021,July,Onion,573.41,2094.07,1558.56,21660.0,46
08/02/2021,2021,August,Onion,595.65,1872.6,1511.71,33804.0,41
09/02/2021,2021,September,Onion,636.96,1785.49,1454.43,23875.0,47
10/02/2021,2021,October,Onion,1021.91,2827.68,2165.91,10763.0,24
11/02/2021,2021,November,Onion,1076.67,2839.68,1984.13,2713.0,19
12/02/2021,2021,December,Onion,691.12,2583.96,1868.87,8935.0,50
01/03/2021,2021,January,Onion,912.99,2742.65,2137.84,3940.0,16
02/03/2021,2021,February,Onion,1085.91,3864.89,3088.32,18615.0,40
03/03/2021,2021,March,Onion,918.81,2786.84,2178.37,18668.0,41
04/03/2021,2021,April,Onion,479.62,1228.12,860.85,15209.0,29
05/03/2021,2021,May,Onion,461.43,1429.71,1040.35,35943.0,45
06/03/2021,2021,June,Onion,665.92,2174.14,1640.28,31502.0,56
07/03/2021,2021,July,Onion,677.6,2118.77,1638.65,9599.0,32
08/03/2021,2021,August,Onion,503.89,1898.15,1450.94,21980.0,44
09/03/2021,2021,September,Onion,468.52,1724.15,1306.23,23959.0,44
10/03/2021,2021,October,Onion,1013.67,3226.52,2225.27,5785.0,21
11/03/2021,2021,November,Onion,1263.68,2877.08,2071.29,1846.0,14
12/03/2021,2021,December,Onion,729.35,3116.3,2074.36,10517.0,47
01/04/2021,2021,January,Onion,862.74,3014.0,2352.14,19907.0,36
02/04/2021,2021,February,Onion,1037.41,3728.81,2896.02,14694.0,43
03/04/2021,2021,March,Onion,796.04,2497.44,1873.31,18778.0,47
04/04/2021,2021,April,Onion,458.41,1183.3,837.06,4533.0,21
05/04/2021,2021,May,Onion,472.86,1333.94,984.6,33710.0,50
06/04/2021,2021,June,Onion,675.8,2178.97,1650.42,32014.0,47
07/04/2021,2021,July,Onion,761.56,2013.91,1506.75,4307.0,23
08/04/2021,2021,August,Onion,617.34,1847.24,1510.49,19577.0,40
09/04/2021,2021,September,Onion,518.34,1815.3,1385.69,10299.0,31
10/04/2021,2021,October,Onion,1016.78,3693.04,2940.39,29945.0,47
11/04/2021,2021,November,Onion,1125.71,2853.35,1997.92,984.0,7
12/04/2021,2021,December,Onion,951.59,2841.16,2099.56,6713.0,30
01/05/2021,2021,January,Onion,944.44,2932.46,2197.32,17886.0,38
02/05/2021,2021,February,Onion,1098.71,3609.45,2844.01,19798.0,39
03/05/2021,2021,March,Onion,694.2,2233.28,1676.45,20890.0,38
04/05/2021,2021,April,Onion,393.03,1079.63,812.28,38835.0,44
05/05/2021,2021,May,Onion,462.16,1318.82,972.39,35423.0,45
06/05/2021,2021,June,Onion,593.45,2101.54,1546.23,16537.0,33
07/05/2021,2021,July,Onion,656.72,2126.69,1654.82,26809.0,46
08/05/2021,2021,August,Onion,661.99,1829.69,1540.49,14567.0,27
09/05/2021,2021,September,Onion,615.69,1691.53,1265.36,3402.0,22
10/05/2021,2021,October,Onion,958.76,3715.79,2796.71,24467.0,44
11/05/2021,2021,November,Onion,1273.27,2964.55,2120.64,2880.0,11
12/05/2021,2021,December,Onion,725.71,2822.48,1827.41,4451.0,27
01/06/2021,2021,January,Onion,1280.5,2842.15,2412.54,7088.0,16
02/06/2021,2021,February,Onion,1160.02,3299.57,2715.95,6817.0,20
03/06/2021,2021,March,Onion,787.75,2261.42,1782.29,16544.0,33
04/06/2021,2021,April,Onion,416.16,1061.18,785.75,27490.0,41
05/06/2021,2021,May,Onion,470.25,1380.39,1006.34,29616.0,49
06/06/2021,2021,June,Onion,724.47,2143.35,1544.4,4177.0,16
07/06/2021,2021,July,Onion,592.58,2065.49,1589.8,30179.0,50
08/06/2021,2021,August,Onion,606.75,1844.23,1446.21,26917.0,44
09/06/2021,2021,September,Onion,586.76,1760.3,1379.05,13686.0,30
10/06/2021,2021,October,Onion,980.02,3531.99,2718.05,18784.0,34
11/06/2021,2021,November,Onion,909.2,3275.27,2296.84,2586.0,8
12/06/2021,2021,December,Onion,616.62,2552.33,1771.85,18556.0,42
02/07/2021,2021,February,Onion,1203.59,3496.38,2612.76,3086.0,17
03/07/2021,2021,March,Onion,831.43,2191.17,1613.06,4592.0,18
04/07/2021,2021,April,Onion,387.92,1013.66,763.1,34125.0,39
05/07/2021,2021,May,Onion,443.99,1466.79,1011.45,24828.0,38
06/07/2021,2021,June,Onion,617.47,2150.18,1597.01,21052.0,28
07/07/2021,2021,July,Onion,627.84,2061.62,1623.15,25384.0,47
08/07/2021,2021,August,Onion,619.21,1844.93,1498.95,18669.0,38
09/07/2021,2021,September,Onion,544.56,1757.11,1374.03,19765.0,46
10/07/2021,2021,October,Onion,860.72,3604.42,2835.2,20023.0,43
11/07/2021,2021,November,Onion,930.72,3128.17,2098.44,2259.0,16
12/07/2021,2021,December,Onion,680.44,2917.79,1845.28,19342.0,47
02/08/2021,2021,February,Onion,1049.51,3645.37,3144.55,7071.0,22
03/08/2021,2021,March,Onion,732.97,1915.96,1422.99,35299.0,45
04/08/2021,2021,April,Onion,419.1,1025.34,780.05,31870.0,46
05/08/2021,2021,May,Onion,497.4,1460.51,1054.96,9551.0,23
06/08/2021,2021,June,Onion,616.72,2099.36,1587.41,38661.0,50
07/08/2021,2021,July,Onion,638.85,2035.62,1625.39,34052.0,52
08/08/2021,2021,August,Onion,681.68,1836.18,1250.58,5214.0,22
09/08/2021,2021,September,Onion,550.86,1750.21,1456.34,20904.0,43
10/08/2021,2021,October,Onion,959.68,3626.82,2787.2,21217.0,47
11/08/2021,2021,November,Onion,917.91,3605.47,2500.5,12720.0,36
12/08/2021,2021,December,Onion,621.55,2706.21,1964.17,19755.0,48
01/09/2021,2021,January,Onion,1419.71,3206.22,2853.75,2659.0,4
02/09/2021,2021,February,Onion,1152.15,3884.14,3040.02,13345.0,41
03/09/2021,2021,March,Onion,564.48,1637.55,1197.52,27479.0,44
04/09/2021,2021,April,Onion,372.18,1113.64,803.35,27935.0,32
05/09/2021,2021,May,Onion,559.06,1451.84,1021.93,3577.0,16
06/09/2021,2021,June,Onion,606.41,2191.29,1657.34,27401.0,45
07/09/2021,2021,July,Onion,535.18,2000.18,1501.64,22712.0,40
08/09/2021,2021,August,Onion,605.01,1825.94,1510.57,27987.0,46
09/09/2021,2021,September,Onion,552.15,1784.49,1439.07,28320.0,44
10/09/2021,2021,October,Onion,1079.4,3728.75,2886.54,16609.0,35
11/09/2021,2021,November,Onion,916.75,3606.47,2599.22,17436.0,44
12/09/2021,2021,December,Onion,585.69,2974.99,1980.85,16599.0,48
01/10/2021,2021,January,Onion,969.29,3725.51,2438.77,394.0,3
02/10/2021,2021,February,Onion,1249.37,4096.53,3232.27,16185.0,41
03/10/2021,2021,March,Onion,520.56,1566.14,1125.84,30786.0,43
04/10/2021,2021,April,Onion,521.21,1120.84,900.04,9560.0,14
05/10/2021,2021,May,Onion,397.32,1431.88,1044.59,27612.0,35
06/10/2021,2021,June,Onion,657.14,2199.44,1650.74,26368.0,45
07/10/2021,2021,July,Onion,649.77,2034.11,1584.85,15027.0,33
08/10/2021,2021,August,Onion,555.29,1829.31,1464.58,18482.0,45
09/10/2021,2021,September,Onion,379.49,1823.84,1229.91,10432.0,25
10/10/2021,2021,October,Onion,1320.61,4060.28,2947.53,5077.0,21
11/10/2021,2021,November,Onion,950.91,3470.85,2658.21,18542.0,41
12/10/2021,2021,December,Onion,678.98,3180.57,2143.65,17435.0,44
01/11/2021,2021,January,Onion,1973.54,3344.17,3039.77,3318.0,4
02/11/2021,2021,February,Onion,1491.29,4384.67,3382.98,13682.0,40
03/11/2021,2021,March,Onion,754.69,1559.79,1250.51,7448.0,25
04/11/2021,2021,April,Onion,736.2,1108.89,999.6,685.0,4
05/11/2021,2021,May,Onion,465.48,1520.55,1057.68,23627.0,34
06/11/2021,2021,June,Onion,628.25,2195.95,1644.04,31500.0,44
07/11/2021,2021,July,Onion,611.36,1948.66,1382.5,5239.0,19
08/11/2021,2021,August,Onion,596.23,1803.59,1545.34,19761.0,41
09/11/2021,2021,September,Onion,552.07,1792.09,1394.14,18470.0,30
10/11/2021,2021,October,Onion,759.48,3235.46,1982.89,6867.0,16
11/11/2021,2021,November,Onion,871.0,3348.49,2481.71,27300.0,46
12/11/2021,2021,December,Onion,658.03,3172.08,2083.54,11993.0,35
01/12/2021,2021,January,Onion,1000.0,2897.48,2547.18,2344.0,2
02/12/2021,2021,February,Onion,1266.67,4105.84,3258.56,14520.0,40
03/12/2021,2021,March,Onion,531.19,1589.45,1201.66,26962.0,39
04/12/2021,2021,April,Onion,394.16,1063.21,793.95,25426.0,39
05/12/2021,2021,May,Onion,503.44,1441.26,1108.54,12003.0,32
06/12/2021,2021,June,Onion,701.39,2196.12,1687.83,17897.0,35
07/12/2021,2021,July,Onion,601.81,1962.09,1566.68,33496.0,46
08/12/2021,2021,August,Onion,697.6,1861.74,1552.0,19417.0,51
09/12/2021,2021,September,Onion,537.78,1798.49,1207.02,4921.0,21
10/12/2021,2021,October,Onion,1151.33,4224.66,3267.5,26310.0,50
11/12/2021,2021,November,Onion,880.82,3280.43,2261.93,23656.0,45
12/12/2021,2021,December,Onion,719.62,3161.71,1965.31,5364.0,27
01/01/2022,2022,January,Onion,638.99,2934.47,1988.52,23275.0,39
02/01/2022,2022,February,Onion,679.15,2473.14,1877.19,18695.0,37
03/01/2022,2022,March,Onion,593.65,2256.1,1636.8,11025.0,31
04/01/2022,2022,April,Onion,430.75,1338.6,863.67,6722.0,25
05/01/2022,2022,May,Onion,387.38,1285.99,814.19,2845.0,13
06/01/2022,2022,June,Onion,451.76,1432.32,985.53,21403.0,37
07/01/2022,2022,July,Onion,533.31,1561.02,1147.64,6868.0,18
08/01/2022,2022,August,Onion,341.05,1413.45,1098.59,22278.0,27
09/01/2022,2022,September,Onion,370.18,1463.56,1102.1,14532.0,17
10/01/2022,2022,October,Onion,606.11,1741.06,1318.25,11386.0,22
11/01/2022,2022,November,Onion,935.42,3478.81,2379.16,20379.0,51
12/01/2022,2022,December,Onion,704.8,1779.49,1360.1,13055.0,28
01/02/2022,2022,January,Onion,669.53,3139.33,1972.5,2324.0,20
02/02/2022,2022,February,Onion,497.51,2535.58,1760.77,34791.0,45
03/02/2022,2022,March,Onion,511.03,2161.38,1542.11,26283.0,40
04/02/2022,2022,April,Onion,502.51,1106.55,874.4,7708.0,22
05/02/2022,2022,May,Onion,342.53,1238.19,847.88,24148.0,40
06/02/2022,2022,June,Onion,405.91,1405.07,1039.29,11466.0,19
07/02/2022,2022,July,Onion,450.62,1647.16,1230.67,9676.0,13
08/02/2022,2022,August,Onion,427.46,1445.12,1061.92,27083.0,52
09/02/2022,2022,September,Onion,432.02,1465.07,1053.32,22745.0,36
10/02/2022,2022,October,Onion,822.54,1953.96,1472.41,7863.0,20
11/02/2022,2022,November,Onion,728.7,3218.54,2306.15,25936.0,45
12/02/2022,2022,December,Onion,444.4,1955.55,1245.47,21228.0,43
01/03/2022,2022,January,Onion,637.36,2839.68,2019.26,35333.0,48
02/03/2022,2022,February,Onion,602.68,2520.29,1861.41,31326.0,51
03/03/2022,2022,March,Onion,527.84,2113.56,1508.2,33346.0,50
04/03/2022,2022,April,Onion,515.02,1338.16,979.51,2513.0,22
05/03/2022,2022,May,Onion,339.45,1257.46,765.85,8610.0,22
06/03/2022,2022,June,Onion,365.36,1480.59,984.33,15102.0,18
07/03/2022,2022,July,Onion,425.25,1641.2,1093.62,5411.0,23
08/03/2022,2022,August,Onion,425.9,1436.29,1104.3,30695.0,45
09/03/2022,2022,September,Onion,441.41,1460.26,1077.12,24285.0,39
10/03/2022,2022,October,Onion,515.02,1712.15,1258.27,16683.0,26
11/03/2022,2022,November,Onion,1020.21,3337.08,2376.28,30511.0,50
12/03/2022,2022,December,Onion,518.58,2258.69,1526.64,15716.0,34
01/04/2022,2022,January,Onion,686.87,2875.46,2026.73,22747.0,44
02/04/2022,2022,February,Onion,547.98,2629.1,1834.1,30332.0,48
03/04/2022,2022,March,Onion,476.55,1992.98,1386.17,31820.0,49
04/04/2022,2022,April,Onion,399.03,1156.54,837.35,23347.0,40
05/04/2022,2022,May,Onion,384.59,1228.33,812.97,18922.0,40
06/04/2022,2022,June,Onion,363.96,1506.44,947.24,16953.0,28
07/04/2022,2022,July,Onion,418.03,1575.23,1164.92,27819.0,43
08/04/2022,2022,August,Onion,458.14,1483.65,1118.73,34166.0,56
09/04/2022,2022,September,Onion,641.82,1524.52,1124.01,6336.0,17
10/04/2022,2022,October,Onion,497.58,1974.12,1364.58,23246.0,48
11/04/2022,2022,November,Onion,801.87,3261.09,2217.68,24657.0,40
12/04/2022,2022,December,Onion,333.44,1780.0,1098.19,5455.0,15
01/05/2022,2022,January,Onion,608.56,3027.72,2083.05,24189.0,37
02/05/2022,2022,February,Onion,610.39,2696.99,1937.83,25043.0,36
03/05/2022,2022,March,Onion,540.86,2005.53,1495.86,28838.0,40
04/05/2022,2022,April,Onion,389.39,1247.52,850.79,21331.0,42
05/05/2022,2022,May,Onion,356.4,1259.58,830.86,23267.0,45
06/05/2022,2022,June,Onion,434.96,1485.69,981.3,3909.0,12
07/05/2022,2022,July,Onion,425.15,1590.8,1199.04,27389.0,55
08/05/2022,2022,August,Onion,386.01,1445.18,1047.1,32560.0,46
09/05/2022,2022,September,Onion,474.66,1460.18,1078.37,13860.0,25
10/05/2022,2022,October,Onion,505.2,1774.06,1337.43,11699.0,27
11/05/2022,2022,November,Onion,1095.72,3314.09,2286.79,19180.0,35
12/05/2022,2022,December,Onion,386.17,1764.18,1203.98,7724.0,17
01/06/2022,2022,January,Onion,696.0,2769.88,2189.18,19281.0,24
02/06/2022,2022,February,Onion,764.28,2830.76,1902.43,5548.0,24
03/06/2022,2022,March,Onion,551.57,1937.38,1326.0,6902.0,29
04/06/2022,2022,April,Onion,377.21,1201.94,865.24,26285.0,42
05/06/2022,2022,May,Onion,302.9,1265.71,807.81,19746.0,36
06/06/2022,2022,June,Onion,303.3,2369.56,983.42,13897.0,18
07/06/2022,2022,July,Onion,457.04,1593.48,1222.76,24603.0,46
08/06/2022,2022,August,Onion,441.78,1458.62,1066.43,25527.0,38
09/06/2022,2022,September,Onion,343.35,1574.54,1040.58,19590.0,27
10/06/2022,2022,October,Onion,589.32,2035.32,1475.09,18305.0,44
11/06/2022,2022,November,Onion,1003.97,3211.43,2221.23,10372.0,22
12/06/2022,2022,December,Onion,394.06,1798.53,1176.48,9597.0,21
01/07/2022,2022,January,Onion,587.96,2830.03,2002.24,30307.0,46
02/07/2022,2022,February,Onion,719.06,2740.78,2058.42,25160.0,46
03/07/2022,2022,March,Onion,488.33,1813.38,1316.6,38983.0,48
04/07/2022,2022,April,Onion,412.68,1143.02,836.94,28200.0,48
05/07/2022,2022,May,Onion,448.16,1232.46,843.3,10286.0,19
06/07/2022,2022,June,Onion,374.17,1442.91,969.26,26631.0,53
07/07/2022,2022,July,Onion,485.2,1613.71,1231.41,26623.0,54
08/07/2022,2022,August,Onion,522.4,1497.09,1066.32,7360.0,23
09/07/2022,2022,September,Onion,387.2,1485.24,1044.72,32392.0,48
10/07/2022,2022,October,Onion,637.3,2278.49,1598.7,19807.0,41
11/07/2022,2022,November,Onion,765.2,3004.26,2095.38,27281.0,42
12/07/2022,2022,December,Onion,643.25,2189.84,1701.0,9723.0,20
01/08/2022,2022,January,Onion,585.85,2926.37,2055.37,30893.0,36
02/08/2022,2022,February,Onion,662.8,2808.11,2034.9,23052.0,48
03/08/2022,2022,March,Onion,498.72,1829.13,1244.08,33867.0,51
04/08/2022,2022,April,Onion,284.58,1081.22,718.5,21534.0,40
05/08/2022,2022,May,Onion,250.46,1123.56,703.88,4229.0,21
06/08/2022,2022,June,Onion,386.23,1463.05,990.85,19147.0,39
07/08/2022,2022,July,Onion,469.7,1608.29,1197.88,26110.0,46
08/08/2022,2022,August,Onion,422.65,1446.61,1075.46,39615.0,48
09/08/2022,2022,September,Onion,374.41,1446.25,1031.06,29645.0,44
10/08/2022,2022,October,Onion,782.1,2389.26,1750.12,18943.0,27
11/08/2022,2022,November,Onion,741.3,3052.1,1921.63,16184.0,36
12/08/2022,2022,December,Onion,457.76,1745.69,1140.82,20150.0,49
01/09/2022,2022,January,Onion,571.79,3008.3,1927.15,5789.0,22
02/09/2022,2022,February,Onion,698.1,2917.07,2171.85,25764.0,44
03/09/2022,2022,March,Onion,535.31,1831.86,1292.7,26104.0,46
04/09/2022,2022,April,Onion,342.76,1136.6,760.45,15269.0,30
05/09/2022,2022,May,Onion,347.26,1229.36,831.83,35632.0,43
06/09/2022,2022,June,Onion,414.02,1540.61,1035.85,23761.0,49
07/09/2022,2022,July,Onion,490.79,1627.83,1184.5,20889.0,35
08/09/2022,2022,August,Onion,401.9,1445.61,1044.44,18876.0,41
09/09/2022,2022,September,Onion,557.23,1531.66,1082.6,5604.0,20
10/09/2022,2022,October,Onion,771.21,2567.18,1840.79,8403.0,16
11/09/2022,2022,November,Onion,629.12,2792.74,1819.49,24661.0,42
12/09/2022,2022,December,Onion,373.61,1720.6,1135.36,21881.0,46
01/10/2022,2022,January,Onion,641.5,2713.23,2111.92,36745.0,42
02/10/2022,2022,February,Onion,879.59,3116.45,2230.23,27790.0,53
03/10/2022,2022,March,Onion,518.54,1761.49,1264.98,29338.0,50
04/10/2022,2022,April,Onion,289.19,1101.89,729.2,4265.0,21
05/10/2022,2022,May,Onion,337.77,1216.41,806.84,28566.0,45
06/10/2022,2022,June,Onion,414.44,1580.8,1088.68,22499.0,41
07/10/2022,2022,July,Onion,532.95,1710.43,1281.55,6099.0,22
08/10/2022,2022,August,Onion,398.48,1396.79,1074.81,34928.0,43
09/10/2022,2022,September,Onion,334.36,1501.14,990.13,13403.0,25
10/10/2022,2022,October,Onion,758.45,2430.37,1824.5,36092.0,33
11/10/2022,2022,November,Onion,781.48,2768.1,1852.99,23969.0,50
12/10/2022,2022,December,Onion,529.62,2028.28,1429.69,15848.0,35
01/11/2022,2022,January,Onion,705.71,2530.65,1906.2,27230.0,46
02/11/2022,2022,February,Onion,769.95,3142.33,2335.9,23622.0,48
03/11/2022,2022,March,Onion,421.61,1696.71,1195.65,27928.0,49
04/11/2022,2022,April,Onion,346.57,1056.76,718.19,21844.0,43
05/11/2022,2022,May,Onion,370.41,1208.12,812.91,28184.0,39
06/11/2022,2022,June,Onion,421.67,1710.86,1101.41,17124.0,34
07/11/2022,2022,July,Onion,496.37,1608.99,1198.57,24429.0,51
08/11/2022,2022,August,Onion,380.67,1419.18,1023.3,15503.0,31
09/11/2022,2022,September,Onion,713.26,1752.66,1277.5,3538.0,9
10/11/2022,2022,October,Onion,685.2,2513.15,1836.21,12649.0,22
11/11/2022,2022,November,Onion,607.83,2818.81,1844.2,21390.0,42
12/11/2022,2022,December,Onion,466.73,1547.42,1043.45,8140.0,22
01/12/2022,2022,January,Onion,705.2,2458.7,1866.65,23155.0,34
02/12/2022,2022,February,Onion,737.08,3226.3,2332.48,24268.0,36
03/12/2022,2022,March,Onion,585.67,1688.57,1210.24,22928.0,36
04/12/2022,2022,April,Onion,317.38,1090.35,761.7,19462.0,43
05/12/2022,2022,May,Onion,501.14,1164.37,833.7,3516.0,11
06/12/2022,2022,June,Onion,574.96,1786.39,1305.71,7797.0,24
07/12/2022,2022,July,Onion,392.64,1578.7,1150.95,20741.0,46
08/12/2022,2022,August,Onion,353.95,1423.4,1034.93,31316.0,46
09/12/2022,2022,September,Onion,285.97,1494.77,1138.35,7543.0,9
10/12/2022,2022,October,Onion,574.08,2396.86,1743.13,29020.0,45
11/12/2022,2022,November,Onion,476.61,2775.09,1846.98,13762.0,25
12/12/2022,2022,December,Onion,403.1,1630.19,1107.69,22335.0,46
01/01/2023,2023,January,Onion,560.31,2072.78,1369.7,4846.0,19
02/01/2023,2023,February,Onion,384.13,1434.49,1025.4,14326.0,28
03/01/2023,2023,March,Onion,344.65,1066.57,703.5,36681.0,47
04/01/2023,2023,April,Onion,351.97,1020.64,637.5,4654.0,26
05/01/2023,2023,May,Onion,473.19,914.28,706.09,3418.0,15
06/01/2023,2023,June,Onion,256.52,1290.94,736.15,28512.48,56
07/01/2023,2023,July,Onion,411.99,2056.44,1268.58,29548.49,43
08/01/2023,2023,August,Onion,423.82,1880.27,1275.48,36658.23,67
09/01/2023,2023,September,Onion,635.63,2567.78,1903.02,23962.0,48
10/01/2023,2023,October,Onion,840.83,2637.11,1852.24,10642.0,19
11/01/2023,2023,November,Onion,1504.54,5138.61,3778.61,16823.44,35
01/02/2023,2023,January,Onion,589.64,1800.96,1374.22,14544.0,26
02/02/2023,2023,February,Onion,443.46,1408.54,1044.97,43563.0,51
03/02/2023,2023,March,Onion,316.45,1086.33,708.45,36748.0,53
04/02/2023,2023,April,Onion,346.61,928.48,655.0,2658.0,22
05/02/2023,2023,May,Onion,261.58,1045.88,651.12,31898.53,50
06/02/2023,2023,June,Onion,236.51,1287.05,747.69,26752.88,45
07/02/2023,2023,July,Onion,550.55,1922.69,1330.84,12441.0,26
08/02/2023,2023,August,Onion,403.72,1805.8,1305.42,40038.57,62
09/02/2023,2023,September,Onion,608.41,2540.52,1876.9,20443.0,42
10/02/2023,2023,October,Onion,558.38,2696.89,2001.29,19049.0,24
11/02/2023,2023,November,Onion,1566.99,5309.38,3823.32,17303.9,40
12/02/2023,2023,December,Onion,2165.06,4365.61,3576.53,2255.0,12
01/03/2023,2023,January,Onion,591.83,1745.66,1321.98,17471.0,31
02/03/2023,2023,February,Onion,386.4,1419.51,1031.1,37617.0,50
03/03/2023,2023,March,Onion,289.77,1109.58,736.77,33646.0,49
04/03/2023,2023,April,Onion,323.2,1130.28,701.85,9081.0,28
05/03/2023,2023,May,Onion,253.53,1091.86,687.18,28462.59,43
06/03/2023,2023,June,Onion,260.19,1347.72,768.51,18933.0,41
07/03/2023,2023,July,Onion,355.53,1979.59,1272.64,54380.63,51
08/03/2023,2023,August,Onion,454.46,1904.95,1344.91,38366.81,65
09/03/2023,2023,September,Onion,908.44,2527.65,1856.44,8937.15,25
10/03/2023,2023,October,Onion,821.6,2693.81,1994.1,19564.27,46
11/03/2023,2023,November,Onion,1190.57,4709.36,3403.57,19505.2,45
12/03/2023,2023,December,Onion,1036.01,4449.79,3266.9,1430.0,9
01/04/2023,2023,January,Onion,537.74,1907.89,1416.77,26407.0,38
02/04/2023,2023,February,Onion,472.88,1383.8,1007.06,30658.0,41
03/04/2023,2023,March,Onion,317.91,1170.53,735.05,29500.0,40
04/04/2023,2023,April,Onion,427.72,1043.56,761.61,5178.0,28
05/04/2023,2023,May,Onion,308.6,1116.86,715.69,31486.98,51
06/04/2023,2023,June,Onion,401.39,1230.56,838.89,8154.0,29
07/04/2023,2023,July,Onion,437.28,1883.28,1297.49,47696.91,58
08/04/2023,2023,August,Onion,527.92,2144.31,1576.85,40172.42,56
09/04/2023,2023,September,Onion,602.18,2572.09,1861.14,28888.08,41
10/04/2023,2023,October,Onion,673.85,2699.35,1996.8,27606.97,49
11/04/2023,2023,November,Onion,1103.96,4742.36,3287.7,9056.0,24
12/04/2023,2023,December,Onion,1133.32,4506.38,3430.2,24529.0,46
01/05/2023,2023,January,Onion,310.19,1611.31,1262.29,6495.0,12
02/05/2023,2023,February,Onion,531.8,1404.37,1037.4,7372.0,26
03/05/2023,2023,March,Onion,476.27,1282.74,903.56,4824.0,20
04/05/2023,2023,April,Onion,316.03,1052.03,681.37,17672.0,37
05/05/2023,2023,May,Onion,268.39,1207.14,731.07,18873.94,33
06/05/2023,2023,June,Onion,261.6,1412.81,841.25,32321.68,49
07/05/2023,2023,July,Onion,409.08,1929.08,1290.74,49247.67,58
08/05/2023,2023,August,Onion,449.95,1995.35,1411.95,28196.65,46
09/05/2023,2023,September,Onion,672.45,2575.99,1952.86,29545.08,51
10/05/2023,2023,October,Onion,841.05,2594.32,1978.96,32521.8,47
12/05/2023,2023,December,Onion,1137.08,4515.65,3302.25,21502.0,49
01/06/2023,2023,January,Onion,490.0,1640.58,1223.45,12695.0,20
02/06/2023,2023,February,Onion,417.28,1397.84,1021.72,37683.0,46
03/06/2023,2023,March,Onion,320.5,1222.77,743.47,27712.0,39
04/06/2023,2023,April,Onion,306.23,1031.44,622.27,17959.0,43
05/06/2023,2023,May,Onion,299.39,1176.8,697.03,30328.0,38
06/06/2023,2023,June,Onion,300.26,1419.47,854.75,31242.56,50
07/06/2023,2023,July,Onion,412.79,1894.02,1258.08,46858.57,62
08/06/2023,2023,August,Onion,574.67,2047.72,1428.27,11403.51,29
09/06/2023,2023,September,Onion,680.94,2553.79,1922.75,20016.82,41
10/06/2023,2023,October,Onion,715.74,2676.81,1956.38,31714.05,48
11/06/2023,2023,November,Onion,1090.42,4338.1,3271.02,23462.87,50
12/06/2023,2023,December,Onion,1383.74,4405.08,3466.1,19291.0,45
01/07/2023,2023,January,Onion,482.66,1910.46,1384.56,26816.0,31
02/07/2023,2023,February,Onion,400.66,1422.95,1018.63,32146.0,51
03/07/2023,2023,March,Onion,587.69,1296.65,941.95,11826.0,24
04/07/2023,2023,April,Onion,265.77,1052.19,624.65,14385.0,34
05/07/2023,2023,May,Onion,330.26,1021.4,707.1,11549.0,31
06/07/2023,2023,June,Onion,278.03,1362.59,850.34,33111.31,46
07/07/2023,2023,July,Onion,373.0,1939.95,1245.0,50519.61,53
08/07/2023,2023,August,Onion,575.66,2170.31,1625.24,34687.66,55
09/07/2023,2023,September,Onion,504.25,2437.95,1901.15,10316.82,19
10/07/2023,2023,October,Onion,678.23,2794.4,2062.07,26614.89,44
11/07/2023,2023,November,Onion,1210.61,4546.91,3323.88,20822.64,47
12/07/2023,2023,December,Onion,1066.44,4568.72,3216.93,29380.0,55
01/08/2023,2023,January,Onion,546.85,1873.62,1267.92,6726.0,12
02/08/2023,2023,February,Onion,377.08,1388.43,990.7,35641.0,45
03/08/2023,2023,March,Onion,291.23,1196.78,787.33,31594.0,44
04/08/2023,2023,April,Onion,296.06,1012.55,634.77,18698.0,43
05/08/2023,2023,May,Onion,248.76,1156.67,691.4,48363.7,49
06/08/2023,2023,June,Onion,302.19,1403.77,835.43,29800.77,50
07/08/2023,2023,July,Onion,374.18,1916.55,1208.68,38476.56,46
08/08/2023,2023,August,Onion,569.33,2223.96,1660.22,34431.75,63
09/08/2023,2023,September,Onion,559.42,2478.36,1779.12,21264.9,47
10/08/2023,2023,October,Onion,955.3,2736.07,1992.96,10504.23,25
11/08/2023,2023,November,Onion,1450.4,4757.85,3459.71,13310.0,35
12/08/2023,2023,December,Onion,1167.89,3683.17,2511.22,10806.0,38
01/09/2023,2023,January,Onion,200.0,1800.0,1200.0,23.0,1
02/09/2023,2023,February,Onion,360.45,1375.06,950.98,34695.0,47
03/09/2023,2023,March,Onion,299.92,1239.63,784.79,39074.0,52
04/09/2023,2023,April,Onion,332.89,980.57,705.94,5732.0,29
05/09/2023,2023,May,Onion,257.85,1122.4,687.02,37261.53,51
06/09/2023,2023,June,Onion,284.33,1385.44,853.54,28310.92,46
07/09/2023,2023,July,Onion,564.46,1757.61,1200.92,13295.25,26
08/09/2023,2023,August,Onion,508.79,2137.15,1613.09,35160.58,53
09/09/2023,2023,September,Onion,581.91,2745.03,1925.76,13563.25,39
10/09/2023,2023,October,Onion,726.68,2847.34,2193.63,30984.87,44
11/09/2023,2023,November,Onion,1523.73,4826.44,3499.47,8070.0,32
12/09/2023,2023,December,Onion,768.84,4058.34,2647.16,18203.0,33
01/10/2023,2023,January,Onion,450.32,1643.66,1301.95,11711.0,23
02/10/2023,2023,February,Onion,350.59,1344.21,920.0,32602.0,43
03/10/2023,2023,March,Onion,292.65,1213.75,789.35,38818.0,42
04/10/2023,2023,April,Onion,248.8,960.66,629.65,34963.0,52
05/10/2023,2023,May,Onion,217.68,1111.8,670.92,34196.76,46
06/10/2023,2023,June,Onion,267.63,1365.74,842.04,24795.96,45
07/10/2023,2023,July,Onion,329.06,1866.46,1146.31,53456.98,57
08/10/2023,2023,August,Onion,573.52,2385.17,1744.25,40118.32,62
09/10/2023,2023,September,Onion,814.01,2458.18,1730.21,10953.0,27
10/10/2023,2023,October,Onion,924.39,2892.84,2204.25,27592.9,50
11/10/2023,2023,November,Onion,1946.23,4659.49,3495.39,5883.0,23
12/10/2023,2023,December,Onion,1568.26,3888.75,2833.61,4839.0,23
01/11/2023,2023,January,Onion,499.58,1836.26,1279.12,36445.0,45
02/11/2023,2023,February,Onion,370.8,1324.03,922.9,20868.0,31
03/11/2023,2023,March,Onion,292.46,1248.55,770.35,37051.0,38
04/11/2023,2023,April,Onion,234.37,962.73,618.81,30535.0,58
05/11/2023,2023,May,Onion,254.58,1092.2,669.54,29848.15,52
06/11/2023,2023,June,Onion,410.25,1332.57,907.93,7455.0,26
07/11/2023,2023,July,Onion,376.02,1715.76,1161.73,40645.31,62
08/11/2023,2023,August,Onion,648.13,2680.75,2016.22,33098.5,53
09/11/2023,2023,September,Onion,529.6,2553.76,1847.65,28043.34,44
10/11/2023,2023,October,Onion,762.14,2848.69,2177.24,24214.99,44
11/11/2023,2023,November,Onion,1983.02,4801.19,3544.18,2191.0,17
12/11/2023,2023,December,Onion,902.79,3386.18,2429.13,17194.0,40
01/12/2023,2023,January,Onion,619.08,1853.52,1316.47,31624.0,40
02/12/2023,2023,February,Onion,470.19,1260.67,935.08,8113.0,27
03/12/2023,2023,March,Onion,328.92,1190.11,809.78,9115.0,25
04/12/2023,2023,April,Onion,229.06,992.78,631.04,36501.0,51
05/12/2023,2023,May,Onion,259.45,1097.52,665.51,26991.82,42
06/12/2023,2023,June,Onion,250.11,1448.14,841.55,45948.67,51
07/12/2023,2023,July,Onion,353.71,1856.46,1193.1,40763.83,62
08/12/2023,2023,August,Onion,600.85,2656.88,1967.1,34811.77,43
09/12/2023,2023,September,Onion,655.86,2559.87,1838.66,20377.98,41
10/12/2023,2023,October,Onion,799.34,2898.19,2227.76,27647.85,50
11/12/2023,2023,November,Onion,2534.0,4899.17,3792.89,1903.0,8
12/12/2023,2023,December,Onion,1136.57,3151.86,2334.4,13973.0,40
01/01/2024,2024,January,Onion,734.67,2188.2,1731.88,17586.0,42
02/01/2024,2024,February,Onion,371.71,1618.45,1198.45,28721.0,54
03/01/2024,2024,March,Onion,488.66,1893.79,1401.27,28476.1,50
04/01/2024,2024,April,Onion,577.21,1742.94,1241.95,15241.0,34
05/01/2024,2024,May,Onion,297.4,1578.94,1125.79,2480.2,14
06/01/2024,2024,June,Onion,749.87,2474.43,1767.02,24617.85,47
07/01/2024,2024,July,Onion,1297.02,3253.03,2813.96,28236.74,51
08/01/2024,2024,August,Onion,1114.92,2917.13,2494.0,26386.88,63
09/01/2024,2024,September,Onion,1771.01,4164.41,3376.01,5993.79,23
10/01/2024,2024,October,Onion,1640.56,4459.02,3499.03,14726.88,50
11/01/2024,2024,November,Onion,1752.01,4744.59,3316.4,714.5,10
12/01/2024,2024,December,Onion,1101.94,5558.36,3328.81,1124.3,9
01/02/2024,2024,January,Onion,615.0,2676.07,1840.14,27210.0,47
02/02/2024,2024,February,Onion,368.96,1606.27,1184.37,25501.0,49
03/02/2024,2024,March,Onion,617.83,1927.2,1468.0,22060.1,43
04/02/2024,2024,April,Onion,545.35,1760.06,1244.32,12229.8,42
05/02/2024,2024,May,Onion,459.01,1586.19,1187.88,18586.6,44
06/02/2024,2024,June,Onion,942.6,2519.75,1775.45,4778.5,26
07/02/2024,2024,July,Onion,1036.06,3292.73,2740.34,21964.74,56
08/02/2024,2024,August,Onion,952.32,2930.19,2402.08,22058.4,54
09/02/2024,2024,September,Onion,1783.81,4351.12,3608.88,8137.6,31
10/02/2024,2024,October,Onion,1844.51,4227.52,3496.82,4081.8,27
11/02/2024,2024,November,Onion,1301.67,4927.97,3145.7,2793.4,20
12/02/2024,2024,December,Onion,1030.58,5430.21,3479.73,34092.26,51
01/03/2024,2024,January,Onion,683.77,2357.88,1845.54,28527.0,47
02/03/2024,2024,February,Onion,312.81,1596.2,1140.17,30478.0,44
03/03/2024,2024,March,Onion,789.89,2083.3,1491.13,9382.6,23
04/03/2024,2024,April,Onion,558.29,1702.64,1270.12,14730.4,41
05/03/2024,2024,May,Onion,531.76,1872.12,1320.78,13250.0,44
06/03/2024,2024,June,Onion,687.14,2340.57,1817.0,29219.16,52
07/03/2024,2024,July,Onion,1184.37,3257.63,2702.67,24496.05,55
08/03/2024,2024,August,Onion,1039.56,2912.25,2488.34,17279.8,49
09/03/2024,2024,September,Onion,1943.28,4767.34,3969.7,17596.85,51
10/03/2024,2024,October,Onion,1532.42,4588.03,3722.8,13497.81,56
11/03/2024,2024,November,Onion,715.62,3927.42,2747.34,1480.96,16
12/03/2024,2024,December,Onion,1232.63,5646.84,3490.55,23139.6,52
01/04/2024,2024,January,Onion,505.08,2382.6,1699.2,33833.0,50
02/04/2024,2024,February,Onion,519.62,1752.67,1193.43,7358.0,22
03/04/2024,2024,March,Onion,602.14,1969.13,1504.95,30311.3,51
04/04/2024,2024,April,Onion,559.66,1626.8,1242.5,17484.7,39
05/04/2024,2024,May,Onion,663.43,2088.52,1603.82,26024.21,46
06/04/2024,2024,June,Onion,797.15,2437.85,1893.0,12976.72,42
07/04/2024,2024,July,Onion,1135.4,3283.59,2721.38,28182.43,56
08/04/2024,2024,August,Onion,1288.99,2989.1,2409.82,5967.71,31
09/04/2024,2024,September,Onion,1781.32,4417.98,3733.9,24601.93,51
10/04/2024,2024,October,Onion,1553.94,4837.16,3713.15,13410.16,52
11/04/2024,2024,November,Onion,1465.53,5770.52,3700.71,11413.5,31
12/04/2024,2024,December,Onion,1061.5,5280.36,3540.4,24860.04,51
01/05/2024,2024,January,Onion,546.52,2285.21,1663.2,28095.0,45
02/05/2024,2024,February,Onion,350.4,1552.13,1120.17,32648.0,47
03/05/2024,2024,March,Onion,635.31,1932.63,1493.98,23169.2,48
04/05/2024,2024,April,Onion,488.94,1632.34,1210.99,17578.15,37
05/05/2024,2024,May,Onion,725.3,2347.66,1607.81,8184.68,27
06/05/2024,2024,June,Onion,806.36,2534.01,1953.99,17129.01,48
07/05/2024,2024,July,Onion,949.47,3251.57,2568.35,20353.62,53
08/05/2024,2024,August,Onion,1078.42,2982.29,2551.65,23518.86,54
09/05/2024,2024,September,Onion,1852.95,4386.35,3758.37,25955.8,58
10/05/2024,2024,October,Onion,1533.93,4791.5,3659.68,16131.51,50
11/05/2024,2024,November,Onion,1414.3,6166.36,3690.31,9057.54,43
12/05/2024,2024,December,Onion,960.49,4760.01,3217.97,35119.49,58
01/06/2024,2024,January,Onion,419.87,2306.72,1596.06,33440.0,41
02/06/2024,2024,February,Onion,430.17,1593.89,1109.51,26578.0,49
03/06/2024,2024,March,Onion,627.48,1977.87,1560.43,26115.2,50
04/06/2024,2024,April,Onion,509.22,1620.1,1186.26,21313.8,39
05/06/2024,2024,May,Onion,569.62,2135.17,1600.74,51329.38,47
06/06/2024,2024,June,Onion,824.24,2613.27,2114.74,21442.27,53
07/06/2024,2024,July,Onion,1071.74,3144.15,2626.31,21802.06,51
08/06/2024,2024,August,Onion,1183.81,3102.37,2584.24,20987.05,59
09/06/2024,2024,September,Onion,1667.76,4313.24,3575.47,17880.45,48
10/06/2024,2024,October,Onion,1956.53,4747.55,3744.78,5978.44,27
11/06/2024,2024,November,Onion,1233.17,6206.08,3873.5,11442.6,38
12/06/2024,2024,December,Onion,1199.25,9101.96,3624.37,18861.08,46
01/07/2024,2024,January,Onion,842.32,2253.0,1657.45,8802.0,21
02/07/2024,2024,February,Onion,386.3,1513.11,1087.28,28440.0,46
03/07/2024,2024,March,Onion,710.75,2038.76,1603.22,24055.1,46
04/07/2024,2024,April,Onion,648.88,1627.5,1199.63,8107.94,29
05/07/2024,2024,May,Onion,688.89,2015.28,1528.97,31551.58,51
06/07/2024,2024,June,Onion,801.51,2746.93,2213.95,22543.36,52
07/07/2024,2024,July,Onion,1195.27,3205.46,2452.53,7887.3,26
08/07/2024,2024,August,Onion,1243.25,3209.39,2785.49,23806.17,50
09/07/2024,2024,September,Onion,1754.93,4215.7,3513.49,7320.0,26
10/07/2024,2024,October,Onion,1467.34,4806.86,3191.97,10494.3,20
11/07/2024,2024,November,Onion,1470.55,5966.16,3936.98,21423.71,54
12/07/2024,2024,December,Onion,967.59,5726.78,3682.88,22596.3,46
01/08/2024,2024,January,Onion,400.59,2169.24,1560.01,43978.0,46
02/08/2024,2024,February,Onion,352.55,1529.3,1102.58,33042.0,51
03/08/2024,2024,March,Onion,534.24,1968.7,1317.97,8237.17,28
04/08/2024,2024,April,Onion,461.42,1554.12,1112.9,20209.3,34
05/08/2024,2024,May,Onion,463.74,1960.78,1360.24,35343.69,53
06/08/2024,2024,June,Onion,1118.43,3112.13,2396.58,20516.78,48
07/08/2024,2024,July,Onion,1094.52,3124.09,2639.27,28106.24,50
08/08/2024,2024,August,Onion,1232.56,3266.07,2790.32,26418.79,60
09/08/2024,2024,September,Onion,2191.97,4584.06,3700.55,4547.35,24
11/08/2024,2024,November,Onion,1478.23,6403.17,3997.66,16453.21,48
12/08/2024,2024,December,Onion,1439.51,5928.73,4058.05,6864.67,30
01/09/2024,2024,January,Onion,567.42,2202.71,1610.38,31558.0,47
02/09/2024,2024,February,Onion,374.05,1536.72,1061.55,24006.0,42
03/09/2024,2024,March,Onion,521.86,2008.04,1525.77,21338.3,43
04/09/2024,2024,April,Onion,648.15,1550.03,1252.45,5214.0,12
05/09/2024,2024,May,Onion,306.3,1557.54,1136.62,45806.4,56
06/09/2024,2024,June,Onion,953.82,3302.08,2264.21,8472.2,31
07/09/2024,2024,July,Onion,1168.56,3160.13,2562.31,16465.09,52
08/09/2024,2024,August,Onion,1194.33,3342.49,2740.9,21749.88,52
09/09/2024,2024,September,Onion,1880.43,4303.19,3628.45,18221.1,46
10/09/2024,2024,October,Onion,1387.21,4625.39,3400.96,15587.68,57
11/09/2024,2024,November,Onion,1274.78,5965.81,3787.29,18153.94,44
12/09/2024,2024,December,Onion,1160.81,5454.03,3798.1,30981.96,51
01/10/2024,2024,January,Onion,638.54,2085.29,1694.53,24167.0,46
02/10/2024,2024,February,Onion,330.66,1512.66,1027.38,26574.0,44
03/10/2024,2024,March,Onion,708.32,1968.39,1373.63,10621.6,26
05/10/2024,2024,May,Onion,518.73,1987.19,1368.42,14361.28,36
06/10/2024,2024,June,Onion,924.51,3048.1,2395.85,34609.84,52
07/10/2024,2024,July,Onion,1192.95,3140.36,2647.54,18746.92,51
08/10/2024,2024,August,Onion,1373.47,3467.29,2994.8,17889.96,45
09/10/2024,2024,September,Onion,2164.49,4427.12,3762.76,14361.78,50
10/10/2024,2024,October,Onion,1419.83,4541.01,3361.6,19054.35,59
11/10/2024,2024,November,Onion,2185.27,6356.61,4522.47,4748.91,26
12/10/2024,2024,December,Onion,1255.74,5553.78,3771.88,28020.32,50
01/11/2024,2024,January,Onion,598.93,2090.84,1661.65,18078.0,44
02/11/2024,2024,February,Onion,496.84,1633.11,1173.3,10374.0,27
03/11/2024,2024,March,Onion,546.24,1905.49,1470.67,31974.1,48
05/11/2024,2024,May,Onion,466.47,1882.06,1323.7,22277.57,44
06/11/2024,2024,June,Onion,1034.01,2864.3,2314.93,30477.72,54
07/11/2024,2024,July,Onion,1072.48,3119.02,2620.47,23203.69,57
08/11/2024,2024,August,Onion,1690.52,3747.13,3009.87,7417.59,30
09/11/2024,2024,September,Onion,1743.49,4440.32,3686.94,15913.28,47
10/11/2024,2024,October,Onion,1428.72,4622.43,3207.94,14281.39,50
11/11/2024,2024,November,Onion,1293.96,5728.22,3754.38,24514.46,49
12/11/2024,2024,December,Onion,1086.86,5369.15,3655.41,19540.77,40
01/12/2024,2024,January,Onion,475.72,2376.65,1588.66,33078.0,45
02/12/2024,2024,February,Onion,320.82,1480.09,1028.7,30094.0,46
03/12/2024,2024,March,Onion,631.98,1900.42,1418.07,27958.2,53
04/12/2024,2024,April,Onion,202.35,1595.98,1288.89,3438.9,4
05/12/2024,2024,May,Onion,641.35,1929.4,1334.37,5266.4,21
06/12/2024,2024,June,Onion,839.26,2784.72,2233.01,20701.61,37
07/12/2024,2024,July,Onion,971.72,3157.49,2511.04,17478.52,42
08/12/2024,2024,August,Onion,1613.96,3652.63,3156.7,30757.79,42
09/12/2024,2024,September,Onion,1863.76,4411.47,3749.02,18869.87,51
10/12/2024,2024,October,Onion,1052.35,3976.93,3070.63,8638.2,34
11/12/2024,2024,November,Onion,1382.33,6183.97,3703.25,18822.68,52
12/12/2024,2024,December,Onion,957.41,5002.86,3417.11,32589.7,55
01/01/2025,2025,January,Onion,875.78,3054.51,2313.11,26314.76,49
02/01/2025,2025,February,Onion,708.92,2612.72,1891.19,46302.69,45
03/01/2025,2025,March,Onion,791.11,2679.8,1996.39,19636.21,42
04/01/2025,2025,April,Onion,825.43,1651.15,1286.62,6409.65,29
05/01/2025,2025,May,Onion,625.73,1293.04,994.13,2147.4,20
06/01/2025,2025,June,Onion,315.06,1563.33,1033.77,12166.9,25
07/01/2025,2025,July,Onion,543.4,1941.54,1362.46,15735.38,35
08/01/2025,2025,August,Onion,366.08,1597.22,1163.77,28627.69,51
09/01/2025,2025,September,Onion,386.02,1630.85,1151.18,41096.88,52
10/01/2025,2025,October,Onion,436.44,1599.15,1115.13,14483.2,35
11/01/2025,2025,November,Onion,463.05,1790.14,1187.16,29041.88,51
12/01/2025,2025,December,Onion,323.45,1939.6,1079.03,16876.3,44
01/02/2025,2025,January,Onion,729.44,3235.61,2282.13,33069.12,56
02/02/2025,2025,February,Onion,1017.42,2757.72,2050.48,11422.91,28
03/02/2025,2025,March,Onion,902.49,2667.04,2082.25,7254.83,28
04/02/2025,2025,April,Onion,546.28,1596.21,1215.93,19695.54,40
05/02/2025,2025,May,Onion,399.08,1489.32,980.05,26386.19,51
06/02/2025,2025,June,Onion,387.19,1703.65,1124.67,39951.25,56
07/02/2025,2025,July,Onion,464.74,1878.13,1342.21,13342.01,24
08/02/2025,2025,August,Onion,424.94,1609.1,1184.1,21398.21,48
09/02/2025,2025,September,Onion,429.49,1690.47,1202.15,27095.31,52
10/02/2025,2025,October,Onion,493.36,1563.27,1121.44,15216.0,32
11/02/2025,2025,November,Onion,693.42,2030.04,1406.68,10387.92,24
12/02/2025,2025,December,Onion,393.15,2095.08,1087.58,10433.58,32
01/03/2025,2025,January,Onion,740.06,3157.22,2188.59,31016.92,47
02/03/2025,2025,February,Onion,821.58,2610.02,1949.34,58442.89,54
03/03/2025,2025,March,Onion,722.66,2584.01,1961.93,27274.86,47
04/03/2025,2025,April,Onion,593.12,1539.92,1184.11,21434.2,52
05/03/2025,2025,May,Onion,442.99,1452.5,972.59,23250.65,48
06/03/2025,2025,June,Onion,466.01,1762.3,1193.52,26523.74,58
07/03/2025,2025,July,Onion,533.36,1844.48,1314.77,28230.11,59
08/03/2025,2025,August,Onion,499.7,1681.63,1182.53,8189.54,27
09/03/2025,2025,September,Onion,382.38,1655.73,1185.77,29163.67,54
10/03/2025,2025,October,Onion,375.46,1606.94,1096.67,19792.12,53
11/03/2025,2025,November,Onion,447.04,2082.91,1383.51,34069.72,53
12/03/2025,2025,December,Onion,348.54,2023.04,1157.81,12938.1,47
01/04/2025,2025,January,Onion,710.85,3256.86,2307.89,27550.1,47
02/04/2025,2025,February,Onion,788.59,2688.64,1974.72,19923.43,51
03/04/2025,2025,March,Onion,920.01,2605.11,2033.19,25664.3,50
04/04/2025,2025,April,Onion,567.84,1523.27,1190.14,22536.99,46
05/04/2025,2025,May,Onion,428.92,1349.5,974.49,6443.88,28
06/04/2025,2025,June,Onion,386.9,1799.43,1217.47,20405.18,52
07/04/2025,2025,July,Onion,453.97,1859.35,1314.07,24957.17,52
08/04/2025,2025,August,Onion,406.48,1593.6,1138.56,34799.29,52
09/04/2025,2025,September,Onion,406.02,1665.93,1169.48,27435.29,55
10/04/2025,2025,October,Onion,359.03,1689.18,1078.04,15835.48,39
11/04/2025,2025,November,Onion,470.56,2187.99,1370.87,15131.1,30
12/04/2025,2025,December,Onion,344.96,1905.06,1119.75,18268.9,50
01/05/2025,2025,January,Onion,1127.15,3570.41,2502.83,9040.21,28
02/05/2025,2025,February,Onion,815.33,2743.5,2066.01,19167.41,46
03/05/2025,2025,March,Onion,804.35,2545.92,1975.21,27773.98,54
04/05/2025,2025,April,Onion,560.09,1560.28,1193.69,15787.74,44
05/05/2025,2025,May,Onion,410.93,1381.07,968.98,37670.14,55
06/05/2025,2025,June,Onion,431.97,1847.61,1219.52,24306.1,60
07/05/2025,2025,July,Onion,514.65,1872.74,1311.42,19355.41,49
08/05/2025,2025,August,Onion,433.75,1604.12,1166.68,31395.6,62
09/05/2025,2025,September,Onion,403.97,1724.13,1172.82,13743.58,32
10/05/2025,2025,October,Onion,544.44,1717.24,1161.39,3958.11,14
11/05/2025,2025,November,Onion,421.81,2161.65,1347.36,14592.89,28
12/05/2025,2025,December,Onion,336.8,2217.95,1198.79,15411.2,41
01/06/2025,2025,January,Onion,694.65,3167.29,2228.37,35820.18,47
02/06/2025,2025,February,Onion,735.06,2788.73,2022.88,23703.1,50
03/06/2025,2025,March,Onion,756.23,2463.61,1843.89,27866.4,51
04/06/2025,2025,April,Onion,540.56,1619.63,1206.97,4623.97,26
05/06/2025,2025,May,Onion,448.35,1450.22,1007.32,27139.72,54
06/06/2025,2025,June,Onion,387.45,1975.85,1308.11,17953.07,49
07/06/2025,2025,July,Onion,686.11,1926.39,1435.14,4529.32,25
08/06/2025,2025,August,Onion,414.45,1554.77,1154.44,24824.22,52
09/06/2025,2025,September,Onion,365.06,1600.79,1041.38,12794.7,28
10/06/2025,2025,October,Onion,412.59,1609.95,1106.78,35820.07,54
11/06/2025,2025,November,Onion,607.33,1977.17,1485.41,11072.3,29
12/06/2025,2025,December,Onion,423.71,1764.36,1129.44,4789.3,37
01/07/2025,2025,January,Onion,875.28,3152.37,2208.09,29664.0,52
02/07/2025,2025,February,Onion,759.62,2934.67,2100.11,19281.02,49
03/07/2025,2025,March,Onion,739.41,2431.26,1858.29,26779.96,50
04/07/2025,2025,April,Onion,541.07,1462.78,1162.7,27030.94,50
05/07/2025,2025,May,Onion,371.99,1437.6,1002.58,25196.2,51
06/07/2025,2025,June,Onion,461.5,2009.56,1381.96,8497.96,30
07/07/2025,2025,July,Onion,483.26,1824.68,1306.45,26558.32,51
08/07/2025,2025,August,Onion,450.25,1605.15,1169.78,30264.09,59
09/07/2025,2025,September,Onion,695.36,1736.2,1345.87,4424.34,21
10/07/2025,2025,October,Onion,382.5,1685.15,1129.27,31711.38,57
11/07/2025,2025,November,Onion,399.93,2100.65,1333.98,19053.2,47
12/07/2025,2025,December,Onion,360.35,2017.04,1193.79,5854.27,27
01/08/2025,2025,January,Onion,775.84,2969.05,2126.03,33950.67,47
02/08/2025,2025,February,Onion,803.96,2994.9,2212.14,13228.78,36
03/08/2025,2025,March,Onion,666.82,2210.7,1615.33,22823.6,40
04/08/2025,2025,April,Onion,532.25,1422.11,1114.11,28717.06,57
05/08/2025,2025,May,Onion,385.38,1438.59,992.01,29532.48,56
06/08/2025,2025,June,Onion,551.9,1889.91,1270.35,4382.85,29
07/08/2025,2025,July,Onion,533.02,1868.45,1332.86,25382.9,55
08/08/2025,2025,August,Onion,371.1,1706.87,1206.17,10300.9,28
09/08/2025,2025,September,Onion,414.29,1652.16,1163.84,35903.08,54
10/08/2025,2025,October,Onion,350.63,1639.24,1065.81,29374.03,51
11/08/2025,2025,November,Onion,423.84,2017.61,1248.45,12606.8,35
12/08/2025,2025,December,Onion,391.14,2313.94,1418.37,17793.2,48
01/09/2025,2025,January,Onion,797.85,2751.34,1989.63,30400.9,57
02/09/2025,2025,February,Onion,965.18,3124.63,2068.19,1437.63,13
03/09/2025,2025,March,Onion,842.73,2021.44,1567.25,12782.47,27
04/09/2025,2025,April,Onion,553.92,1408.2,1106.8,23694.56,45
05/09/2025,2025,May,Onion,385.73,1444.54,1001.49,27372.9,49
06/09/2025,2025,June,Onion,534.95,2046.31,1406.52,27953.72,52
07/09/2025,2025,July,Onion,439.82,1804.16,1305.11,26662.06,47
08/09/2025,2025,August,Onion,349.67,1574.87,957.0,3922.5,10
09/09/2025,2025,September,Onion,400.67,1661.56,1135.58,34938.96,58
10/09/2025,2025,October,Onion,374.98,1605.85,1034.34,21995.2,52
11/09/2025,2025,November,Onion,521.28,1950.14,1289.47,4617.2,14
12/09/2025,2025,December,Onion,429.84,2108.28,1352.63,8929.7,45
01/10/2025,2025,January,Onion,654.23,2638.24,1787.32,38510.02,48
02/10/2025,2025,February,Onion,467.54,3200.0,2302.62,271.34,2
03/10/2025,2025,March,Onion,602.02,1812.62,1360.9,47116.9,47
04/10/2025,2025,April,Onion,574.05,1469.83,1066.22,9053.29,27
05/10/2025,2025,May,Onion,451.55,1468.58,974.67,14716.27,39
06/10/2025,2025,June,Onion,552.06,2104.43,1420.73,27721.86,61
07/10/2025,2025,July,Onion,527.22,1791.91,1278.2,27362.79,56
08/10/2025,2025,August,Onion,604.67,1728.63,1218.64,4447.42,27
09/10/2025,2025,September,Onion,359.9,1595.99,1069.61,33726.21,52
10/10/2025,2025,October,Onion,552.72,1655.63,1140.91,3228.4,10
11/10/2025,2025,November,Onion,422.38,2008.48,1253.0,14681.13,34
12/10/2025,2025,December,Onion,484.3,2426.12,1478.41,8060.3,42
01/11/2025,2025,January,Onion,605.16,2619.62,1631.76,21984.55,44
02/11/2025,2025,February,Onion,396.67,2992.66,2291.87,675.93,2
03/11/2025,2025,March,Onion,625.65,1720.02,1295.87,28412.6,49
04/11/2025,2025,April,Onion,460.71,1351.13,1039.26,26557.13,48
05/11/2025,2025,May,Onion,481.27,1450.24,1027.82,6454.8,24
06/11/2025,2025,June,Onion,491.01,2058.42,1459.5,27378.83,53
07/11/2025,2025,July,Onion,484.69,1786.58,1291.25,25919.46,55
08/11/2025,2025,August,Onion,458.94,1672.88,1182.84,22840.39,54
09/11/2025,2025,September,Onion,408.48,1514.3,1042.56,43130.56,61
10/11/2025,2025,October,Onion,308.5,1274.67,841.01,11897.9,16
11/11/2025,2025,November,Onion,495.14,2115.32,1281.23,13543.2,35
12/11/2025,2025,December,Onion,459.31,2698.42,1636.46,16273.9,52
01/12/2025,2025,January,Onion,921.2,2521.91,1802.65,7949.0,29
02/12/2025,2025,February,Onion,851.99,3063.7,2434.09,10680.4,22
03/12/2025,2025,March,Onion,606.35,1713.16,1287.53,22391.5,49
04/12/2025,2025,April,Onion,474.72,1252.34,924.82,16780.41,37
05/12/2025,2025,May,Onion,462.39,1482.78,1044.92,21341.27,32
06/12/2025,2025,June,Onion,501.46,2114.54,1433.06,36250.85,61
07/12/2025,2025,July,Onion,426.43,1746.55,1212.48,21436.0,51
08/12/2025,2025,August,Onion,502.56,1752.0,1308.94,22336.71,57
09/12/2025,2025,September,Onion,328.43,1494.58,1006.07,23616.44,51
10/12/2025,2025,October,Onion,622.26,1577.46,1127.33,8432.39,24
11/12/2025,2025,November,Onion,420.09,2066.86,1304.49,13500.6,34
12/12/2025,2025,December,Onion,482.29,3129.2,1746.33,14998.14,42
01/01/2026,2026,January,Onion,467.45,2266.65,1519.15,31567.1,57
02/01/2026,2026,February,Onion,658.15,1574.65,1131.06,8784.32,29
03/01/2026,2026,March,Onion,441.43,1234.09,862.25,8830.7,25
04/01/2026,2026,April,Onion,363.62,1309.01,824.95,10340.35,28
05/01/2026,2026,May,Onion,273.99,1170.6,752.89,942.7,16
06/01/2026,2026,June,Onion,368.7,1928.67,1237.41,39711.14,57
07/01/2026,2026,July,Onion,537.44,2646.78,1952.18,33938.55,61
01/02/2026,2026,January,Onion,418.75,2348.4,1461.11,28294.78,41
02/02/2026,2026,February,Onion,341.41,1497.18,988.07,37340.6,44
03/02/2026,2026,March,Onion,260.73,1308.99,764.05,17923.89,29
04/02/2026,2026,April,Onion,385.61,1226.37,881.27,15876.41,35
05/02/2026,2026,May,Onion,322.12,1568.58,1008.83,24197.47,45
06/02/2026,2026,June,Onion,429.93,1889.83,1292.02,32445.71,56
07/02/2026,2026,July,Onion,579.98,2618.8,1841.81,41469.84,67
01/03/2026,2026,January,Onion,378.54,2236.9,1384.81,25301.2,33
02/03/2026,2026,February,Onion,381.7,1486.66,1008.0,30680.55,45
03/03/2026,2026,March,Onion,483.53,1290.57,912.27,3214.7,19
04/03/2026,2026,April,Onion,382.33,1493.95,923.4,8406.31,29
05/03/2026,2026,May,Onion,451.51,1408.69,960.33,7913.49,31
06/03/2026,2026,June,Onion,420.4,1883.81,1294.97,32435.78,54
07/03/2026,2026,July,Onion,628.12,2650.88,1891.05,28248.85,55
01/04/2026,2026,January,Onion,484.96,2094.5,1440.53,12150.25,24
02/04/2026,2026,February,Onion,360.32,1479.62,1029.61,35754.6,47
03/04/2026,2026,March,Onion,272.25,1311.11,788.94,23361.92,38
04/04/2026,2026,April,Onion,396.22,1310.11,959.99,13400.59,33
05/04/2026,2026,May,Onion,314.8,1572.1,987.98,51917.82,54
06/04/2026,2026,June,Onion,393.7,1911.8,1248.11,39438.73,64
07/04/2026,2026,July,Onion,558.22,2615.7,1832.32,24549.24,46
01/05/2026,2026,January,Onion,338.89,2040.45,1239.89,43443.9,47
02/05/2026,2026,February,Onion,422.0,1490.18,1026.92,34608.1,54
03/05/2026,2026,March,Onion,323.89,1279.69,833.88,30932.7,52
04/05/2026,2026,April,Onion,457.58,1301.36,931.77,6000.7,29
05/05/2026,2026,May,Onion,359.8,1566.29,1038.86,59044.74,60
06/05/2026,2026,June,Onion,404.56,2002.35,1287.69,28326.53,51
07/05/2026,2026,July,Onion,726.56,2811.35,1997.6,8119.61,34
01/06/2026,2026,January,Onion,425.31,2074.73,1311.52,27100.01,45
02/06/2026,2026,February,Onion,407.02,1527.14,1024.19,38309.54,45
03/06/2026,2026,March,Onion,303.04,1351.0,841.55,27933.29,43
04/06/2026,2026,April,Onion,395.42,1313.25,958.88,29729.54,48
05/06/2026,2026,May,Onion,307.34,1523.79,1001.91,56798.8,51
06/06/2026,2026,June,Onion,378.61,1957.99,1266.04,27815.31,44
07/06/2026,2026,July,Onion,706.43,2868.49,2076.49,40023.79,58
01/07/2026,2026,January,Onion,389.36,2004.8,1330.57,35182.8,46
02/07/2026,2026,February,Onion,432.46,1381.25,1084.77,12499.6,31
03/07/2026,2026,March,Onion,301.06,1401.68,846.0,18096.97,36
04/07/2026,2026,April,Onion,393.62,1333.06,948.55,22690.67,53
05/07/2026,2026,May,Onion,398.14,1502.92,992.55,36842.89,58
06/07/2026,2026,June,Onion,440.36,1925.73,1351.81,10186.9,28
07/07/2026,2026,July,Onion,682.18,2930.31,2161.85,26863.18,64
01/08/2026,2026,January,Onion,465.29,1979.82,1294.8,28331.2,51
02/08/2026,2026,February,Onion,707.87,1592.91,1179.03,4915.04,25
03/08/2026,2026,March,Onion,480.64,1352.32,983.22,8119.12,26
04/08/2026,2026,April,Onion,376.83,1283.95,935.38,25675.59,52
05/08/2026,2026,May,Onion,317.89,1522.76,937.78,28353.17,44
06/08/2026,2026,June,Onion,385.95,1964.72,1284.31,40506.98,53
07/08/2026,2026,July,Onion,696.97,2849.11,2120.26,31470.1,57
01/09/2026,2026,January,Onion,470.58,1990.36,1310.71,28779.09,45
02/09/2026,2026,February,Onion,345.24,1618.61,1096.0,42737.4,50
03/09/2026,2026,March,Onion,333.68,1327.22,871.15,32586.0,45
04/09/2026,2026,April,Onion,389.96,1310.07,937.44,32247.13,63
05/09/2026,2026,May,Onion,343.16,1510.98,942.95,20577.85,38
06/09/2026,2026,June,Onion,429.21,1988.35,1296.11,31915.42,60
07/09/2026,2026,July,Onion,685.38,2803.36,2005.4,39579.01,66
01/10/2026,2026,January,Onion,371.3,2015.28,1219.67,22079.7,38
02/10/2026,2026,February,Onion,392.81,1538.99,1098.63,32153.02,52
03/10/2026,2026,March,Onion,342.69,1340.91,875.12,30089.42,49
04/10/2026,2026,April,Onion,386.99,1349.32,938.42,23947.32,50
05/10/2026,2026,May,Onion,372.67,1271.07,858.86,9888.42,27
06/10/2026,2026,June,Onion,405.54,1929.63,1276.68,34697.52,59
07/10/2026,2026,July,Onion,596.75,2775.64,1978.55,33838.79,57
01/11/2026,2026,January,Onion,578.33,1960.5,1439.95,12575.2,26
02/11/2026,2026,February,Onion,362.11,1562.69,1085.05,34971.8,45
03/11/2026,2026,March,Onion,306.49,1337.23,868.6,32135.1,45
04/11/2026,2026,April,Onion,401.47,1366.22,956.61,16804.76,43
05/11/2026,2026,May,Onion,338.66,1486.53,932.28,39602.51,53
06/11/2026,2026,June,Onion,437.19,1939.68,1282.18,33238.09,66
07/11/2026,2026,July,Onion,679.04,2719.33,1958.4,21688.16,49
01/12/2026,2026,January,Onion,455.66,1780.92,1289.13,28761.1,50
02/12/2026,2026,February,Onion,360.92,1542.25,1038.22,36099.6,53
03/12/2026,2026,March,Onion,304.07,1333.94,866.48,31689.6,52
04/12/2026,2026,April,Onion,416.12,1265.24,933.9,5665.6,29
05/12/2026,2026,May,Onion,354.84,1530.99,937.41,33633.84,55
06/12/2026,2026,June,Onion,359.02,1933.29,1240.02,25503.57,49
07/12/2026,2026,July,Onion,930.19,2752.43,2060.39,12087.44,32
,2021,January,Onion,999.48,3030.82,2520.35,2877.0,6
