Arrival Date,Year,Month,Commodity,Weighted_Min_Price,Weighted_Max_Price,Weighted_Modal_Price,Total_Arrivals_MT,Markets_Reported
2021-01-01,2021,January,Sugar,3162.0,3442.0,3222.0,186.0,1
2021-01-02,2021,January,Sugar,3170.0,3442.0,3222.0,96.0,1
2021-01-05,2021,January,Sugar,3152.0,3442.0,3242.0,96.0,1
2021-01-06,2021,January,Sugar,3152.0,3442.0,3242.0,91.0,1
2021-01-14,2021,January,Sugar,3160.0,3442.0,3222.0,220.0,1
2021-01-15,2021,January,Sugar,3160.0,3412.0,3222.0,22.0,1
2021-01-16,2021,January,Sugar,3160.0,3430.0,3212.0,230.0,1
2021-01-18,2021,January,Sugar,3160.0,3430.0,3212.0,56.0,1
2021-01-19,2021,January,Sugar,3122.0,3422.0,3202.0,223.0,1
2021-01-20,2021,January,Sugar,3122.0,3432.0,3202.0,107.0,1
2021-01-21,2021,January,Sugar,3122.0,3432.0,3202.0,155.0,1
2021-01-23,2021,January,Sugar,3122.0,3422.0,3222.0,50.0,1
2021-01-25,2021,January,Sugar,3130.0,3422.0,3222.0,50.0,1
2021-01-27,2021,January,Sugar,3126.0,3422.0,3212.0,25.0,1
2021-01-28,2021,January,Sugar,3126.0,3422.0,3212.0,237.0,1
2021-01-29,2021,January,Sugar,3122.0,3422.0,3222.0,121.0,1
2021-01-30,2021,January,Sugar,3142.0,3422.0,3222.0,275.0,1
2021-02-01,2021,February,Sugar,3142.0,3422.0,3222.0,83.0,1
2021-02-02,2021,February,Sugar,3142.0,3422.0,3222.0,283.0,1
2021-02-03,2021,February,Sugar,3162.0,3392.0,3222.0,127.0,1
2021-02-04,2021,February,Sugar,3160.0,3392.0,3222.0,280.0,1
2021-02-05,2021,February,Sugar,3160.0,3392.0,3242.0,145.0,1
2021-02-09,2021,February,Sugar,3160.0,3392.0,3242.0,225.0,1
2021-02-10,2021,February,Sugar,3160.0,3352.0,3222.0,235.0,1
2021-02-11,2021,February,Sugar,3160.0,3352.0,3222.0,255.0,1
2021-02-12,2021,February,Sugar,3160.0,3352.0,3222.0,248.0,1
2021-02-13,2021,February,Sugar,3172.0,3352.0,3222.0,230.0,1
2021-02-15,2021,February,Sugar,3172.0,3352.0,3222.0,30.0,1
2021-02-16,2021,February,Sugar,3160.0,3352.0,3202.0,175.0,1
2021-02-17,2021,February,Sugar,3160.0,3352.0,3202.0,184.0,1
2021-02-18,2021,February,Sugar,3162.0,3362.0,3222.0,311.0,1
2021-02-20,2021,February,Sugar,3160.0,3362.0,3222.0,43.0,1
2021-02-22,2021,February,Sugar,3160.0,3362.0,3222.0,55.0,1
2021-02-23,2021,February,Sugar,3162.0,3362.0,3222.0,131.0,1
2021-02-24,2021,February,Sugar,3162.0,3362.0,3222.0,119.0,1
2021-02-25,2021,February,Sugar,3162.0,3362.0,3222.0,253.0,1
2021-02-26,2021,February,Sugar,3162.0,3362.0,3222.0,248.0,1
2021-03-01,2021,March,Sugar,3162.0,3372.0,3222.0,2.0,1
2021-03-02,2021,March,Sugar,3162.0,3372.0,3222.0,260.0,1
2021-03-03,2021,March,Sugar,3162.0,3372.0,3222.0,130.0,1
2021-03-04,2021,March,Sugar,3162.0,3372.0,3222.0,234.0,1
2021-03-05,2021,March,Sugar,3162.0,3362.0,3222.0,221.0,1
2021-03-06,2021,March,Sugar,3162.0,3362.0,3222.0,170.0,1
2021-03-08,2021,March,Sugar,3182.0,3362.0,3222.0,31.0,1
2021-03-09,2021,March,Sugar,3182.0,3362.0,3222.0,131.0,1
2021-03-10,2021,March,Sugar,3182.0,3362.0,3222.0,20.0,1
2021-03-12,2021,March,Sugar,3180.0,3362.0,3222.0,109.0,1
2021-03-13,2021,March,Sugar,3180.0,3362.0,3222.0,82.0,1
2021-03-15,2021,March,Sugar,3162.0,3382.0,3222.0,51.0,1
2021-03-16,2021,March,Sugar,3160.0,3362.0,3222.0,95.0,1
2021-03-20,2021,March,Sugar,3160.0,3362.0,3222.0,133.0,1
2021-03-22,2021,March,Sugar,3166.0,3362.0,3222.0,45.0,1
2021-03-24,2021,March,Sugar,3166.0,3362.0,3222.0,50.0,1
2021-03-25,2021,March,Sugar,3170.0,3342.0,3220.0,146.0,1
2021-03-27,2021,March,Sugar,3162.0,3362.0,3222.0,189.0,1
2021-03-30,2021,March,Sugar,3162.0,3382.0,3222.0,79.0,1
2021-03-31,2021,March,Sugar,3162.0,3382.0,3202.0,180.0,1
2021-04-01,2021,April,Sugar,3162.0,3382.0,3222.0,306.0,1
2021-04-02,2021,April,Sugar,3162.0,3382.0,3222.0,218.0,1
2021-04-03,2021,April,Sugar,3160.0,3336.0,3213.0,110.0,1
2021-04-05,2021,April,Sugar,3160.0,3336.0,3213.0,45.0,1
2021-04-06,2021,April,Sugar,3182.0,3360.0,3252.0,189.0,1
2021-04-07,2021,April,Sugar,3182.0,3360.0,3252.0,435.0,1
2021-04-08,2021,April,Sugar,3182.0,3360.0,3252.0,170.0,1
2021-04-09,2021,April,Sugar,3180.0,3362.0,3242.0,305.0,1
2021-04-10,2021,April,Sugar,3180.0,3362.0,3242.0,479.0,1
2021-04-12,2021,April,Sugar,3180.0,3362.0,3242.0,50.0,1
2021-04-14,2021,April,Sugar,3182.0,3362.0,3262.0,113.0,1
2021-04-15,2021,April,Sugar,3192.0,3362.0,3262.0,106.0,1
2021-04-16,2021,April,Sugar,3192.0,3362.0,3282.0,202.0,1
2021-04-17,2021,April,Sugar,3206.0,3372.0,3282.0,289.0,1
2021-04-20,2021,April,Sugar,3206.0,3372.0,3282.0,284.0,1
2021-04-21,2021,April,Sugar,3200.0,3362.0,3262.0,120.0,1
2021-04-22,2021,April,Sugar,3202.0,3362.0,3262.0,85.0,1
2021-04-23,2021,April,Sugar,3200.0,3362.0,3262.0,88.0,1
2021-04-26,2021,April,Sugar,3200.0,3362.0,3262.0,40.0,1
2021-04-27,2021,April,Sugar,3192.0,3360.0,3252.0,77.0,1
2021-04-28,2021,April,Sugar,3192.0,3360.0,3252.0,89.0,1
2021-04-29,2021,April,Sugar,3192.0,3360.0,3252.0,167.0,1
2021-04-30,2021,April,Sugar,3176.0,3352.0,3252.0,82.0,1
2021-05-03,2021,May,Sugar,3176.0,3352.0,3252.0,34.0,1
2021-05-04,2021,May,Sugar,3176.0,3350.0,3262.0,9.0,1
2021-05-05,2021,May,Sugar,3192.0,3360.0,3262.0,100.0,1
2021-05-06,2021,May,Sugar,3192.0,3360.0,3262.0,120.0,1
2021-05-07,2021,May,Sugar,3176.0,3350.0,3252.0,45.0,1
2021-05-08,2021,May,Sugar,3162.0,3350.0,3252.0,227.0,1
2021-05-10,2021,May,Sugar,3176.0,3350.0,3252.0,30.0,1
2021-05-11,2021,May,Sugar,3176.0,3350.0,3250.0,93.0,1
2021-05-12,2021,May,Sugar,3176.0,3350.0,3250.0,127.0,1
2021-05-13,2021,May,Sugar,3176.0,3350.0,3252.0,75.0,1
2021-05-14,2021,May,Sugar,3176.0,3350.0,3252.0,13.0,1
2021-05-15,2021,May,Sugar,3176.0,3350.0,3252.0,106.0,1
2021-05-17,2021,May,Sugar,3162.0,3352.0,3252.0,20.0,1
2021-05-18,2021,May,Sugar,3162.0,3352.0,3252.0,127.0,1
2021-05-19,2021,May,Sugar,3162.0,3352.0,3252.0,132.0,1
2021-05-20,2021,May,Sugar,3162.0,3352.0,3252.0,258.0,1
2021-05-21,2021,May,Sugar,3162.0,3352.0,3252.0,139.0,1
2021-05-22,2021,May,Sugar,3162.0,3342.0,3242.0,99.0,1
2021-05-25,2021,May,Sugar,3162.0,3342.0,3242.0,136.0,1
2021-05-26,2021,May,Sugar,3162.0,3352.0,3252.0,209.0,1
2021-05-27,2021,May,Sugar,3162.0,3342.0,3252.0,135.0,1
2021-05-28,2021,May,Sugar,3162.0,3342.0,3252.0,179.0,1
2021-05-29,2021,May,Sugar,3162.0,3342.0,3252.0,159.0,1
2021-05-31,2021,May,Sugar,3162.0,3342.0,3252.0,42.0,1
2021-06-01,2021,June,Sugar,3190.0,3342.0,3252.0,105.0,1
2021-06-02,2021,June,Sugar,3190.0,3342.0,3246.0,145.0,1
2021-06-03,2021,June,Sugar,3190.0,3342.0,3246.0,91.0,1
2021-06-04,2021,June,Sugar,3186.0,3342.0,3252.0,241.0,1
2021-06-05,2021,June,Sugar,3186.0,3342.0,3252.0,60.0,1
2021-06-08,2021,June,Sugar,3186.0,3242.0,3242.0,116.0,1
2021-06-09,2021,June,Sugar,3182.0,3332.0,3242.0,114.0,1
2021-06-10,2021,June,Sugar,3182.0,3332.0,3242.0,189.0,1
2021-06-11,2021,June,Sugar,3182.0,3332.0,3242.0,91.0,1
2021-06-12,2021,June,Sugar,3182.0,3322.0,3236.0,137.0,1
2021-06-14,2021,June,Sugar,3182.0,3322.0,3236.0,58.0,1
2021-06-15,2021,June,Sugar,3182.0,3322.0,3232.0,83.0,1
2021-06-16,2021,June,Sugar,3182.0,3322.0,3232.0,208.0,1
2021-06-17,2021,June,Sugar,3182.0,3322.0,3232.0,99.0,1
2021-06-18,2021,June,Sugar,3182.0,3322.0,3232.0,77.0,1
2021-06-19,2021,June,Sugar,3182.0,3322.0,3232.0,136.0,1
2021-06-22,2021,June,Sugar,3182.0,3322.0,3232.0,200.0,1
2021-06-23,2021,June,Sugar,3182.0,3322.0,3226.0,139.0,1
2021-06-24,2021,June,Sugar,3182.0,3322.0,3226.0,127.0,1
2021-06-25,2021,June,Sugar,3172.0,3330.0,3226.0,194.0,1
2021-06-26,2021,June,Sugar,3172.0,3330.0,3226.0,221.0,1
2021-06-28,2021,June,Sugar,3172.0,3330.0,3226.0,51.0,1
2021-06-29,2021,June,Sugar,3162.0,3332.0,3232.0,86.0,1
2021-06-30,2021,June,Sugar,3162.0,3332.0,3232.0,36.0,1
2021-07-02,2021,July,Sugar,3162.0,3332.0,3232.0,228.0,1
2021-07-03,2021,July,Sugar,3162.0,3332.0,3222.0,84.0,1
2021-07-05,2021,July,Sugar,3162.0,3332.0,3222.0,50.0,1
2021-07-06,2021,July,Sugar,3162.0,3342.0,3226.0,217.0,1
2021-07-07,2021,July,Sugar,3162.0,3342.0,3226.0,107.0,1
2021-07-08,2021,July,Sugar,3162.0,3342.0,3226.0,327.0,1
2021-07-09,2021,July,Sugar,3162.0,3342.0,3226.0,195.0,1
2021-07-10,2021,July,Sugar,3162.0,3342.0,3226.0,86.0,1
2021-07-12,2021,July,Sugar,3182.0,3376.0,3232.0,25.0,1
2021-07-13,2021,July,Sugar,3182.0,3376.0,3232.0,200.0,1
2021-07-14,2021,July,Sugar,3182.0,3376.0,3232.0,127.0,1
2021-07-15,2021,July,Sugar,3172.0,3386.0,3232.0,150.0,1
2021-07-16,2021,July,Sugar,3172.0,3386.0,3232.0,246.0,1
2021-07-17,2021,July,Sugar,3172.0,3386.0,3232.0,208.0,1
2021-07-21,2021,July,Sugar,3152.0,3390.0,3232.0,30.0,1
2021-07-22,2021,July,Sugar,3152.0,3390.0,3232.0,134.0,1
2021-07-23,2021,July,Sugar,3152.0,3390.0,3232.0,126.0,1
2021-07-24,2021,July,Sugar,3152.0,3390.0,3232.0,92.0,1
2021-07-27,2021,July,Sugar,3152.0,3390.0,3232.0,50.0,1
2021-07-28,2021,July,Sugar,3152.0,3390.0,3232.0,218.0,1
2021-07-29,2021,July,Sugar,3152.0,3390.0,3232.0,289.0,1
2021-07-30,2021,July,Sugar,3152.0,3392.0,3242.0,203.0,1
2021-07-31,2021,July,Sugar,3152.0,3372.0,3252.0,301.0,1
2021-08-02,2021,August,Sugar,3172.0,3402.0,3282.0,178.0,1
2021-08-03,2021,August,Sugar,3202.0,3442.0,3290.0,341.0,1
2021-08-04,2021,August,Sugar,3212.0,3452.0,3332.0,212.0,1
2021-08-06,2021,August,Sugar,3212.0,3462.0,3322.0,244.0,1
2021-08-07,2021,August,Sugar,3202.0,3462.0,3322.0,148.0,1
2021-08-09,2021,August,Sugar,3202.0,3460.0,3332.0,47.0,1
2021-08-10,2021,August,Sugar,3202.0,3476.0,3342.0,160.0,1
2021-08-11,2021,August,Sugar,3202.0,3482.0,3342.0,165.0,1
2021-08-12,2021,August,Sugar,3202.0,3482.0,3342.0,302.0,1
2021-08-13,2021,August,Sugar,3202.0,3482.0,3342.0,151.0,1
2021-08-14,2021,August,Sugar,3302.0,3482.0,3342.0,177.0,1
2021-08-16,2021,August,Sugar,3202.0,3482.0,3342.0,70.0,1
2021-08-18,2021,August,Sugar,3312.0,3682.0,3500.0,121.0,1
2021-08-19,2021,August,Sugar,3392.0,3682.0,3500.0,254.0,1
2021-08-20,2021,August,Sugar,3422.0,3692.0,3526.0,154.0,1
2021-08-21,2021,August,Sugar,3442.0,3742.0,3580.0,177.0,1
2021-08-24,2021,August,Sugar,3462.0,3720.0,3592.0,70.0,1
2021-08-25,2021,August,Sugar,3462.0,3720.0,3592.0,141.0,1
2021-08-26,2021,August,Sugar,3462.0,3720.0,3592.0,107.0,1
2021-08-27,2021,August,Sugar,3460.0,3710.0,3562.0,128.0,1
2021-08-28,2021,August,Sugar,3460.0,3710.0,3562.0,147.0,1
2021-08-30,2021,August,Sugar,3460.0,3710.0,3562.0,117.0,1
2021-09-01,2021,September,Sugar,3460.0,3710.0,3562.0,255.0,1
2021-09-02,2021,September,Sugar,3460.0,3710.0,3562.0,361.0,1
2021-09-03,2021,September,Sugar,3460.0,3710.0,3562.0,288.0,1
2021-09-04,2021,September,Sugar,3480.0,3812.0,3646.0,140.0,1
2021-09-06,2021,September,Sugar,3480.0,3812.0,3646.0,25.0,1
2021-09-07,2021,September,Sugar,3480.0,3812.0,3646.0,156.0,1
2021-09-08,2021,September,Sugar,3440.0,3812.0,3646.0,160.0,1
2021-09-11,2021,September,Sugar,3452.0,3782.0,3652.0,40.0,1
2021-09-13,2021,September,Sugar,3452.0,3782.0,3652.0,50.0,1
2021-09-14,2021,September,Sugar,3482.0,3782.0,3642.0,121.0,1
2021-09-15,2021,September,Sugar,3502.0,3802.0,3642.0,175.0,1
2021-09-16,2021,September,Sugar,3536.0,3822.0,3662.0,239.0,1
2021-09-17,2021,September,Sugar,3536.0,3822.0,3662.0,341.0,1
2021-09-18,2021,September,Sugar,3536.0,3822.0,3662.0,452.0,1
2021-09-20,2021,September,Sugar,3536.0,3822.0,3662.0,51.0,1
2021-09-21,2021,September,Sugar,3536.0,3822.0,3662.0,260.0,1
2021-09-22,2021,September,Sugar,3552.0,3822.0,3672.0,96.0,1
2021-09-23,2021,September,Sugar,3572.0,3822.0,3672.0,372.0,1
2021-09-24,2021,September,Sugar,3560.0,3822.0,3672.0,73.0,1
2021-09-27,2021,September,Sugar,3552.0,3802.0,3672.0,4.0,1
2021-09-28,2021,September,Sugar,3532.0,3792.0,3662.0,167.0,1
2021-09-29,2021,September,Sugar,3522.0,3782.0,3652.0,140.0,1
2021-09-30,2021,September,Sugar,3552.0,3802.0,3672.0,90.0,1
2021-10-01,2021,October,Sugar,3502.0,3792.0,3642.0,171.0,1
2021-10-02,2021,October,Sugar,3502.0,3792.0,3642.0,126.0,1
2021-10-05,2021,October,Sugar,3502.0,3792.0,3642.0,145.0,1
2021-10-06,2021,October,Sugar,3502.0,3792.0,3642.0,300.0,1
2021-10-07,2021,October,Sugar,3540.0,3682.0,3611.0,295.0,1
2021-10-08,2021,October,Sugar,3540.0,3682.0,3611.0,158.0,1
2021-10-09,2021,October,Sugar,3212.0,3802.0,3652.0,237.0,1
2021-10-12,2021,October,Sugar,3512.0,3802.0,3652.0,58.0,1
2021-10-13,2021,October,Sugar,3512.0,3802.0,3652.0,368.0,1
2021-10-14,2021,October,Sugar,3512.0,3792.0,3672.0,385.0,1
2021-10-18,2021,October,Sugar,3512.0,3792.0,3662.0,142.0,1
2021-10-19,2021,October,Sugar,3530.0,3802.0,3642.0,146.0,1
2021-10-20,2021,October,Sugar,3530.0,3802.0,3642.0,351.0,1
2021-10-21,2021,October,Sugar,3520.0,3782.0,3620.0,242.0,1
2021-10-22,2021,October,Sugar,3522.0,3782.0,3602.0,285.0,1
2021-10-23,2021,October,Sugar,3532.0,3792.0,3602.0,369.0,1
2021-10-25,2021,October,Sugar,3582.0,3782.0,3602.0,37.0,1
2021-10-26,2021,October,Sugar,3532.0,3782.0,3602.0,220.0,1
2021-10-27,2021,October,Sugar,3526.0,3782.0,3602.0,312.0,1
2021-10-28,2021,October,Sugar,3512.0,3782.0,3602.0,366.0,1
2021-10-29,2021,October,Sugar,3502.0,3782.0,3602.0,153.0,1
2021-10-30,2021,October,Sugar,3502.0,3782.0,3602.0,216.0,1
2021-11-01,2021,November,Sugar,3502.0,3782.0,3602.0,199.0,1
2021-11-02,2021,November,Sugar,3482.0,3782.0,3602.0,230.0,1
2021-11-03,2021,November,Sugar,3502.0,3782.0,3602.0,224.0,1
2021-11-04,2021,November,Sugar,3470.0,3782.0,3612.0,119.0,1
2021-11-05,2021,November,Sugar,3502.0,3782.0,3602.0,106.0,1
2021-11-09,2021,November,Sugar,3502.0,3782.0,3602.0,129.0,1
2021-11-10,2021,November,Sugar,3470.0,3782.0,3612.0,191.0,1
2021-11-11,2021,November,Sugar,3470.0,3782.0,3612.0,242.0,1
2021-11-12,2021,November,Sugar,3470.0,3782.0,3612.0,266.0,1
2021-11-13,2021,November,Sugar,3470.0,3782.0,3612.0,215.0,1
2021-11-15,2021,November,Sugar,3470.0,3782.0,3612.0,10.0,1
2021-11-17,2021,November,Sugar,3470.0,3782.0,3612.0,35.0,1
2021-11-18,2021,November,Sugar,3470.0,3782.0,3612.0,133.0,1
2021-11-19,2021,November,Sugar,3470.0,3782.0,3612.0,258.0,1
2021-11-20,2021,November,Sugar,3470.0,3782.0,3612.0,203.0,1
2021-11-22,2021,November,Sugar,3392.0,3682.0,3482.0,30.0,1
2021-11-23,2021,November,Sugar,3392.0,3682.0,3476.0,267.0,1
2021-11-24,2021,November,Sugar,3392.0,3682.0,3462.0,120.0,1
2021-11-25,2021,November,Sugar,3372.0,3692.0,3462.0,216.0,1
2021-11-26,2021,November,Sugar,3332.0,3692.0,3462.0,195.0,1
2021-11-27,2021,November,Sugar,3336.0,3692.0,3462.0,281.0,1
2021-11-30,2021,November,Sugar,3336.0,3682.0,3462.0,244.0,1
2021-12-02,2021,December,Sugar,3336.0,3682.0,3462.0,199.0,1
2021-12-03,2021,December,Sugar,3336.0,3682.0,3462.0,68.0,1
2021-12-04,2021,December,Sugar,3372.0,3682.0,3462.0,347.0,1
2021-12-06,2021,December,Sugar,3372.0,3682.0,3462.0,186.0,1
2021-12-07,2021,December,Sugar,3380.0,3682.0,3462.0,291.0,1
2021-12-08,2021,December,Sugar,3372.0,3692.0,3462.0,83.0,1
2021-12-09,2021,December,Sugar,3370.0,3692.0,3462.0,243.0,1
2021-12-10,2021,December,Sugar,3376.0,3700.0,3482.0,384.0,1
2021-12-11,2021,December,Sugar,3382.0,3700.0,3482.0,308.0,1
2021-12-13,2021,December,Sugar,3376.0,3696.0,3482.0,12.0,1
2021-12-14,2021,December,Sugar,3376.0,3702.0,3482.0,187.0,1
2021-12-15,2021,December,Sugar,3380.0,3702.0,3482.0,54.0,1
2021-12-16,2021,December,Sugar,3380.0,3702.0,3482.0,265.0,1
2021-12-17,2021,December,Sugar,3380.0,3692.0,3482.0,201.0,1
2021-12-18,2021,December,Sugar,3362.0,3702.0,3482.0,125.0,1
2021-12-21,2021,December,Sugar,3420.0,3702.0,3482.0,218.0,1
2021-12-22,2021,December,Sugar,3362.0,3692.0,3482.0,185.0,1
2021-12-23,2021,December,Sugar,3362.0,3692.0,3482.0,367.0,1
2021-12-24,2021,December,Sugar,3362.0,3702.0,3482.0,83.0,1
2021-12-25,2021,December,Sugar,3362.0,3692.0,3472.0,181.0,1
2021-12-27,2021,December,Sugar,3362.0,3692.0,3472.0,182.0,1
2021-12-28,2021,December,Sugar,3362.0,3692.0,3472.0,99.0,1
2021-12-29,2021,December,Sugar,3362.0,3702.0,3482.0,263.0,1
2021-12-30,2021,December,Sugar,3362.0,3692.0,3492.0,266.0,1
2021-12-31,2021,December,Sugar,3362.0,3692.0,3482.0,98.0,1
2022-01-01,2022,January,Sugar,3362.0,3692.0,3462.0,68.0,1
2022-01-03,2022,January,Sugar,3362.0,3692.0,3462.0,30.0,1
2022-01-04,2022,January,Sugar,3362.0,3690.0,3462.0,191.0,1
2022-01-05,2022,January,Sugar,3362.0,3690.0,3462.0,138.0,1
2022-01-07,2022,January,Sugar,3362.0,3692.0,3452.0,229.0,1
2022-01-08,2022,January,Sugar,3370.0,3692.0,3452.0,230.0,1
2022-01-10,2022,January,Sugar,3362.0,3692.0,3452.0,33.0,1
2022-01-11,2022,January,Sugar,3362.0,3692.0,3452.0,305.0,1
2022-01-13,2022,January,Sugar,3372.0,3686.0,3452.0,100.0,1
2022-01-14,2022,January,Sugar,3366.0,3682.0,3452.0,261.0,1
2022-01-15,2022,January,Sugar,3360.0,3692.0,3452.0,89.0,1
2022-01-17,2022,January,Sugar,3360.0,3682.0,3452.0,101.0,1
2022-01-18,2022,January,Sugar,3360.0,3682.0,3452.0,74.0,1
2022-01-19,2022,January,Sugar,3332.0,3680.0,3452.0,78.0,1
2022-01-20,2022,January,Sugar,3332.0,3682.0,3452.0,86.0,1
2022-01-21,2022,January,Sugar,3332.0,3682.0,3452.0,170.0,1
2022-01-22,2022,January,Sugar,3332.0,3672.0,3452.0,111.0,1
2022-01-24,2022,January,Sugar,3332.0,3672.0,3452.0,70.0,1
2022-01-25,2022,January,Sugar,3312.0,3672.0,3402.0,119.0,1
2022-01-27,2022,January,Sugar,3312.0,3670.0,3402.0,100.0,1
2022-01-28,2022,January,Sugar,3312.0,3672.0,3402.0,119.0,1
2022-01-31,2022,January,Sugar,3312.0,3672.0,3400.0,50.0,1
2022-02-01,2022,February,Sugar,3312.0,3672.0,3400.0,332.0,1
2022-02-02,2022,February,Sugar,3322.0,3660.0,3412.0,200.0,1
2022-02-03,2022,February,Sugar,3322.0,3672.0,3412.0,251.0,1
2022-02-04,2022,February,Sugar,3322.0,3672.0,3412.0,274.0,1
2022-02-05,2022,February,Sugar,3322.0,3652.0,3392.0,148.0,1
2022-02-07,2022,February,Sugar,3312.0,3642.0,3372.0,62.0,1
2022-02-08,2022,February,Sugar,3312.0,3642.0,3372.0,101.0,1
2022-02-09,2022,February,Sugar,3312.0,3642.0,3362.0,234.0,1
2022-02-11,2022,February,Sugar,3312.0,3642.0,3382.0,136.0,1
2022-02-12,2022,February,Sugar,3312.0,3642.0,3382.0,137.0,1
2022-02-14,2022,February,Sugar,3392.0,3642.0,3517.0,20.0,1
2022-02-15,2022,February,Sugar,3312.0,3642.0,3382.0,147.0,1
2022-02-16,2022,February,Sugar,3312.0,3642.0,3362.0,236.0,1
2022-02-17,2022,February,Sugar,3292.0,3642.0,3362.0,188.0,1
2022-02-18,2022,February,Sugar,3292.0,3642.0,3362.0,239.0,1
2022-02-21,2022,February,Sugar,3292.0,4200.0,3362.0,57.0,1
2022-02-22,2022,February,Sugar,3302.0,3642.0,3392.0,187.0,1
2022-02-23,2022,February,Sugar,3302.0,3642.0,3392.0,135.0,1
2022-02-24,2022,February,Sugar,3292.0,3642.0,3392.0,207.0,1
2022-02-25,2022,February,Sugar,3292.0,3642.0,3382.0,143.0,1
2022-02-26,2022,February,Sugar,3292.0,3642.0,3467.0,318.0,1
2022-02-28,2022,February,Sugar,3392.0,3632.0,3512.0,75.0,1
2022-03-02,2022,March,Sugar,3292.0,3640.0,3392.0,45.0,1
2022-03-03,2022,March,Sugar,3292.0,3640.0,3392.0,236.0,1
2022-03-04,2022,March,Sugar,3316.0,3652.0,3392.0,267.0,1
2022-03-05,2022,March,Sugar,3316.0,3652.0,3392.0,348.0,1
2022-03-07,2022,March,Sugar,3316.0,3652.0,3392.0,50.0,1
2022-03-08,2022,March,Sugar,3316.0,3652.0,3392.0,308.0,1
2022-03-09,2022,March,Sugar,3316.0,3652.0,3392.0,281.0,1
2022-03-10,2022,March,Sugar,3316.0,3652.0,3392.0,362.0,1
2022-03-11,2022,March,Sugar,3312.0,3652.0,3392.0,247.0,1
2022-03-12,2022,March,Sugar,3312.0,3652.0,3392.0,85.0,1
2022-03-14,2022,March,Sugar,3312.0,3652.0,3392.0,85.0,1
2022-03-15,2022,March,Sugar,3312.0,3652.0,3392.0,90.0,1
2022-03-16,2022,March,Sugar,3310.0,3652.0,3385.0,79.0,1
2022-03-17,2022,March,Sugar,3310.0,3652.0,3385.0,270.0,1
2022-03-19,2022,March,Sugar,3310.0,3652.0,3385.0,26.0,1
2022-03-21,2022,March,Sugar,3320.0,3652.0,3385.0,25.0,1
2022-03-22,2022,March,Sugar,3320.0,3652.0,3385.0,285.0,1
2022-03-24,2022,March,Sugar,3320.0,3652.0,3358.0,58.0,1
2022-03-25,2022,March,Sugar,3262.0,3652.0,3472.0,325.0,1
2022-03-26,2022,March,Sugar,3362.0,3652.0,3472.0,197.0,1
2022-03-28,2022,March,Sugar,3262.0,3652.0,3472.0,61.0,1
2022-03-29,2022,March,Sugar,3262.0,3652.0,3472.0,217.0,1
2022-03-30,2022,March,Sugar,3292.0,3652.0,3472.0,223.0,1
2022-03-31,2022,March,Sugar,3292.0,3652.0,3472.0,279.0,1
2022-04-01,2022,April,Sugar,3292.0,3652.0,3472.0,298.0,1
2022-04-02,2022,April,Sugar,3392.0,3652.0,3472.0,214.0,1
2022-04-05,2022,April,Sugar,3292.0,3652.0,3472.0,148.0,1
2022-04-06,2022,April,Sugar,3292.0,3652.0,3472.0,192.0,1
2022-04-07,2022,April,Sugar,3400.0,3682.0,3541.0,291.0,1
2022-04-08,2022,April,Sugar,3400.0,3682.0,3541.0,335.0,1
2022-04-09,2022,April,Sugar,3400.0,3682.0,3541.0,262.0,1
2022-04-11,2022,April,Sugar,3400.0,3682.0,3541.0,98.0,1
2022-04-12,2022,April,Sugar,3400.0,3682.0,3541.0,159.0,1
2022-04-13,2022,April,Sugar,3400.0,3682.0,3541.0,366.0,1
2022-04-14,2022,April,Sugar,3400.0,3682.0,3541.0,212.0,1
2022-04-18,2022,April,Sugar,3382.0,3682.0,3532.0,62.0,1
2022-04-19,2022,April,Sugar,3382.0,3682.0,3532.0,220.0,1
2022-04-20,2022,April,Sugar,3382.0,3682.0,3532.0,297.0,1
2022-04-21,2022,April,Sugar,3392.0,3682.0,3537.0,404.0,1
2022-04-22,2022,April,Sugar,3292.0,3682.0,3537.0,160.0,1
2022-04-23,2022,April,Sugar,3292.0,3682.0,3537.0,74.0,1
2022-04-25,2022,April,Sugar,3292.0,3682.0,3537.0,129.0,1
2022-04-26,2022,April,Sugar,3292.0,3682.0,3537.0,138.0,1
2022-04-27,2022,April,Sugar,3292.0,3682.0,3537.0,159.0,1
2022-04-28,2022,April,Sugar,3392.0,3672.0,3532.0,146.0,1
2022-04-29,2022,April,Sugar,3392.0,3672.0,3532.0,203.0,1
2022-04-30,2022,April,Sugar,3392.0,3672.0,3532.0,110.0,1
2022-05-02,2022,May,Sugar,3392.0,3672.0,3532.0,199.0,1
2022-05-03,2022,May,Sugar,3392.0,3672.0,3532.0,306.0,1
2022-05-04,2022,May,Sugar,3392.0,3672.0,3532.0,156.0,1
2022-05-05,2022,May,Sugar,3412.0,3702.0,3557.0,232.0,1
2022-05-06,2022,May,Sugar,3412.0,3702.0,3557.0,279.0,1
2022-05-07,2022,May,Sugar,3412.0,3702.0,3557.0,52.0,1
2022-05-10,2022,May,Sugar,3400.0,3702.0,3557.0,162.0,1
2022-05-11,2022,May,Sugar,3412.0,3702.0,3557.0,100.0,1
2022-05-14,2022,May,Sugar,3412.0,3702.0,3556.0,271.0,1
2022-05-16,2022,May,Sugar,3400.0,3702.0,3557.0,22.0,1
2022-05-17,2022,May,Sugar,3400.0,3702.0,3557.0,138.0,1
2022-05-18,2022,May,Sugar,3400.0,3702.0,3557.0,119.0,1
2022-05-19,2022,May,Sugar,3400.0,3702.0,3557.0,237.0,1
2022-05-20,2022,May,Sugar,3400.0,3702.0,3557.0,225.0,1
2022-05-21,2022,May,Sugar,3400.0,3702.0,3557.0,137.0,1
2022-05-24,2022,May,Sugar,3400.0,3702.0,3557.0,222.0,1
2022-05-25,2022,May,Sugar,3400.0,3702.0,3557.0,226.0,1
2022-05-26,2022,May,Sugar,3400.0,3702.0,3557.0,258.0,1
2022-05-27,2022,May,Sugar,3400.0,3702.0,3557.0,280.0,1
2022-05-31,2022,May,Sugar,3392.0,3682.0,3537.0,90.0,1
2022-06-01,2022,June,Sugar,3392.0,3682.0,3537.0,241.0,1
2022-06-02,2022,June,Sugar,3392.0,3682.0,3537.0,368.0,1
2022-06-07,2022,June,Sugar,3402.0,3670.0,3536.0,237.0,1
2022-06-08,2022,June,Sugar,3402.0,3670.0,3536.0,182.0,1
2022-06-09,2022,June,Sugar,3402.0,3670.0,3536.0,257.0,1
2022-06-10,2022,June,Sugar,3402.0,3670.0,3536.0,140.0,1
2022-06-11,2022,June,Sugar,3402.0,3670.0,3536.0,174.0,1
2022-06-13,2022,June,Sugar,3402.0,3670.0,3536.0,105.0,1
2022-06-14,2022,June,Sugar,3390.0,3562.0,3476.0,267.0,1
2022-06-15,2022,June,Sugar,3390.0,3562.0,3476.0,159.0,1
2022-06-17,2022,June,Sugar,3390.0,3562.0,3476.0,116.0,1
2022-06-18,2022,June,Sugar,3390.0,3562.0,3476.0,270.0,1
2022-06-20,2022,June,Sugar,3390.0,3562.0,3476.0,100.0,1
2022-06-21,2022,June,Sugar,3382.0,3562.0,3472.0,177.0,1
2022-06-22,2022,June,Sugar,3382.0,3562.0,3472.0,142.0,1
2022-06-23,2022,June,Sugar,3382.0,3562.0,3472.0,144.0,1
2022-06-24,2022,June,Sugar,3382.0,3562.0,3472.0,47.0,1
2022-06-25,2022,June,Sugar,3382.0,3562.0,3472.0,178.0,1
2022-06-27,2022,June,Sugar,3372.0,3552.0,3462.0,12.0,1
2022-06-28,2022,June,Sugar,3372.0,3552.0,3462.0,270.0,1
2022-06-29,2022,June,Sugar,3372.0,3552.0,3462.0,220.0,1
2022-06-30,2022,June,Sugar,3372.0,3552.0,3462.0,238.0,1
2022-07-01,2022,July,Sugar,3372.0,3552.0,3462.0,166.0,1
2022-07-02,2022,July,Sugar,3372.0,3552.0,3462.0,201.0,1
2022-07-04,2022,July,Sugar,3350.0,3366.0,3358.0,21.0,1
2022-07-05,2022,July,Sugar,3350.0,3366.0,3358.0,219.0,1
2022-07-06,2022,July,Sugar,3350.0,3366.0,3358.0,108.0,1
2022-07-07,2022,July,Sugar,3350.0,3366.0,3358.0,95.0,1
2022-07-08,2022,July,Sugar,3350.0,3366.0,3358.0,277.0,1
2022-07-09,2022,July,Sugar,3350.0,3366.0,3358.0,95.0,1
2022-07-11,2022,July,Sugar,3366.0,3572.0,3469.0,86.0,1
2022-07-12,2022,July,Sugar,3366.0,3572.0,3469.0,106.0,1
2022-07-13,2022,July,Sugar,3366.0,3572.0,3469.0,239.0,1
2022-07-14,2022,July,Sugar,3366.0,3572.0,3469.0,148.0,1
2022-07-15,2022,July,Sugar,3366.0,3572.0,3469.0,272.0,1
2022-07-16,2022,July,Sugar,3366.0,3572.0,3469.0,224.0,1
2022-07-18,2022,July,Sugar,3366.0,3572.0,3469.0,96.0,1
2022-07-19,2022,July,Sugar,3362.0,3572.0,3467.0,323.0,1
2022-07-20,2022,July,Sugar,3362.0,3572.0,3467.0,237.0,1
2022-07-21,2022,July,Sugar,3362.0,3572.0,3467.0,130.0,1
2022-07-22,2022,July,Sugar,3362.0,3572.0,3467.0,165.0,1
2022-07-23,2022,July,Sugar,3362.0,3572.0,3467.0,166.0,1
2022-07-25,2022,July,Sugar,3362.0,3572.0,3467.0,85.0,1
2022-07-26,2022,July,Sugar,3372.0,3592.0,3482.0,170.0,1
2022-07-27,2022,July,Sugar,3372.0,3592.0,3482.0,256.0,1
2022-07-28,2022,July,Sugar,3362.0,3572.0,3467.0,251.0,1
2022-07-29,2022,July,Sugar,3362.0,3572.0,3467.0,186.0,1
2022-08-01,2022,August,Sugar,3362.0,3572.0,3467.0,205.0,1
2022-08-02,2022,August,Sugar,3452.0,3672.0,3562.0,423.0,1
2022-08-03,2022,August,Sugar,3452.0,3672.0,3562.0,99.0,1
2022-08-04,2022,August,Sugar,3452.0,3672.0,3562.0,105.0,1
2022-08-05,2022,August,Sugar,3452.0,3672.0,3562.0,53.0,1
2022-08-06,2022,August,Sugar,3452.0,3672.0,3562.0,237.0,1
2022-08-08,2022,August,Sugar,3452.0,3672.0,3562.0,55.0,1
2022-08-09,2022,August,Sugar,3452.0,3672.0,3562.0,383.0,1
2022-08-10,2022,August,Sugar,3480.0,3642.0,3561.0,338.0,1
2022-08-11,2022,August,Sugar,3480.0,3642.0,3561.0,173.0,1
2022-08-12,2022,August,Sugar,3480.0,3642.0,3561.0,273.0,1
2022-08-13,2022,August,Sugar,3480.0,3642.0,3561.0,213.0,1
2022-08-16,2022,August,Sugar,3480.0,3642.0,3561.0,46.0,1
2022-08-17,2022,August,Sugar,3480.0,3642.0,3561.0,95.0,1
2022-08-18,2022,August,Sugar,3480.0,3642.0,3561.0,152.0,1
2022-08-20,2022,August,Sugar,3480.0,3642.0,3561.0,134.0,1
2022-08-22,2022,August,Sugar,3480.0,3642.0,3561.0,31.0,1
2022-08-23,2022,August,Sugar,3482.0,3662.0,3572.0,246.0,1
2022-08-24,2022,August,Sugar,3482.0,3662.0,3572.0,255.0,1
2022-08-25,2022,August,Sugar,3482.0,3662.0,3572.0,180.0,1
2022-08-26,2022,August,Sugar,3482.0,3662.0,3572.0,383.0,1
2022-08-30,2022,August,Sugar,3482.0,3662.0,3572.0,294.0,1
2022-09-07,2022,September,Sugar,3522.0,3662.0,3592.0,219.0,1
2022-09-08,2022,September,Sugar,3522.0,3662.0,3592.0,151.0,1
2022-09-10,2022,September,Sugar,3522.0,3662.0,3592.0,36.0,1
2022-09-13,2022,September,Sugar,3522.0,3662.0,3592.0,156.0,1
2022-09-15,2022,September,Sugar,3520.0,3650.0,3585.0,347.0,1
2022-09-20,2022,September,Sugar,3520.0,3650.0,3585.0,230.0,1
2022-09-22,2022,September,Sugar,3496.0,3646.0,3571.0,166.0,1
2022-09-23,2022,September,Sugar,3496.0,3646.0,3571.0,311.0,1
2022-09-28,2022,September,Sugar,3496.0,3646.0,3571.0,319.0,1
2022-09-29,2022,September,Sugar,3462.0,3662.0,3562.0,357.0,1
2022-09-30,2022,September,Sugar,3462.0,3662.0,3562.0,298.0,1
2022-10-01,2022,October,Sugar,3462.0,3662.0,3562.0,412.0,1
2022-10-03,2022,October,Sugar,3462.0,3662.0,3562.0,136.0,1
2022-10-04,2022,October,Sugar,3462.0,3662.0,3562.0,278.0,1
2022-10-06,2022,October,Sugar,6200.0,7000.0,6500.0,46.0,1
2022-10-07,2022,October,Sugar,3455.0,3660.0,3557.0,219.0,1
2022-10-08,2022,October,Sugar,3455.0,3660.0,3557.0,193.0,1
2022-10-10,2022,October,Sugar,3455.0,3660.0,3557.0,79.0,1
2022-10-12,2022,October,Sugar,3455.0,3660.0,3557.0,332.0,1
2022-10-13,2022,October,Sugar,3452.0,3640.0,3546.0,387.0,1
2022-10-14,2022,October,Sugar,3452.0,3640.0,3546.0,356.0,1
2022-10-15,2022,October,Sugar,3452.0,3640.0,3546.0,313.0,1
2022-10-17,2022,October,Sugar,3452.0,3640.0,3546.0,160.0,1
2022-10-18,2022,October,Sugar,3452.0,3640.0,3546.0,288.0,1
2022-10-19,2022,October,Sugar,3452.0,3640.0,3546.0,362.0,1
2022-10-20,2022,October,Sugar,3440.0,3670.0,3555.0,584.0,1
2022-10-21,2022,October,Sugar,3440.0,3670.0,3555.0,400.0,1
2022-10-22,2022,October,Sugar,3440.0,3670.0,3555.0,229.0,1
2022-10-24,2022,October,Sugar,3440.0,3670.0,3555.0,71.0,1
2022-10-25,2022,October,Sugar,3440.0,3670.0,3555.0,236.0,1
2022-10-26,2022,October,Sugar,3440.0,3670.0,3555.0,95.0,1
2022-10-27,2022,October,Sugar,3440.0,3670.0,3555.0,90.0,1
2022-10-28,2022,October,Sugar,3440.0,3670.0,3555.0,92.0,1
2022-10-29,2022,October,Sugar,3440.0,3670.0,3555.0,56.0,1
2022-10-31,2022,October,Sugar,3440.0,3670.0,3555.0,56.0,1
2022-11-01,2022,November,Sugar,3440.0,3670.0,3555.0,227.0,1
2022-11-02,2022,November,Sugar,3430.0,3662.0,3546.0,136.0,1
2022-11-03,2022,November,Sugar,3430.0,3662.0,3546.0,138.0,1
2022-11-04,2022,November,Sugar,3430.0,3662.0,3546.0,141.0,1
2022-11-08,2022,November,Sugar,3430.0,3662.0,3546.0,134.0,1
2022-11-09,2022,November,Sugar,343.0,3662.0,3546.0,193.0,1
2022-11-10,2022,November,Sugar,3430.0,3662.0,3546.0,121.0,1
2022-11-11,2022,November,Sugar,3462.0,3666.0,3564.0,160.0,1
2022-11-15,2022,November,Sugar,3462.0,3666.0,3564.0,108.0,1
2022-11-16,2022,November,Sugar,3462.0,3666.0,3564.0,177.0,1
2022-11-17,2022,November,Sugar,3462.0,3666.0,3564.0,310.0,1
2022-11-18,2022,November,Sugar,3462.0,3666.0,3564.0,221.0,1
2022-11-22,2022,November,Sugar,3472.0,3682.0,3577.0,217.0,1
2022-11-23,2022,November,Sugar,3472.0,3682.0,3577.0,219.0,1
2022-11-24,2022,November,Sugar,3472.0,3682.0,3577.0,244.0,1
2022-11-30,2022,November,Sugar,3472.0,3682.0,3577.0,238.0,1
2022-12-02,2022,December,Sugar,3462.0,3662.0,3562.0,252.0,1
2022-12-07,2022,December,Sugar,3462.0,3662.0,3562.0,237.0,1
2022-12-08,2022,December,Sugar,3462.0,3662.0,3562.0,155.0,1
2022-12-09,2022,December,Sugar,3462.0,3662.0,3562.0,426.0,1
2022-12-10,2022,December,Sugar,3462.0,3662.0,3562.0,166.0,1
2022-12-12,2022,December,Sugar,3442.0,3636.0,3539.0,45.0,1
2022-12-13,2022,December,Sugar,3442.0,3636.0,3539.0,149.0,1
2022-12-14,2022,December,Sugar,3442.0,3636.0,3539.0,157.0,1
2022-12-15,2022,December,Sugar,3442.0,3636.0,3539.0,306.0,1
2022-12-16,2022,December,Sugar,3442.0,3636.0,3539.0,366.0,1
2022-12-17,2022,December,Sugar,3442.0,3636.0,3539.0,228.0,1
2022-12-19,2022,December,Sugar,3442.0,3636.0,3539.0,45.0,1
2022-12-20,2022,December,Sugar,3442.0,3622.0,3532.0,146.0,1
2022-12-21,2022,December,Sugar,3442.0,3622.0,3532.0,234.0,1
2022-12-23,2022,December,Sugar,3442.0,3622.0,3532.0,223.0,1
2022-12-26,2022,December,Sugar,3442.0,3622.0,3532.0,52.0,1
2022-12-28,2022,December,Sugar,3442.0,3622.0,3532.0,138.0,1
2022-12-29,2022,December,Sugar,3386.0,3612.0,3499.0,331.0,1
2022-12-31,2022,December,Sugar,3386.0,3612.0,3499.0,261.0,1
2023-01-02,2023,January,Sugar,3386.0,3612.0,3499.0,16.0,1
2023-01-03,2023,January,Sugar,3386.0,3686.0,3499.0,283.0,1
2023-01-04,2023,January,Sugar,3386.0,3612.0,3499.0,149.0,1
2023-01-11,2023,January,Sugar,3320.0,3612.0,3466.0,183.0,1
2023-01-12,2023,January,Sugar,3320.0,3612.0,3466.0,179.0,1
2023-01-17,2023,January,Sugar,3320.0,3612.0,3466.0,223.0,1
2023-01-21,2023,January,Sugar,3320.0,3612.0,3466.0,240.0,1
2023-01-23,2023,January,Sugar,3320.0,3612.0,3466.0,20.0,1
2023-01-24,2023,January,Sugar,3320.0,3612.0,3466.0,374.0,1
2023-01-25,2023,January,Sugar,3320.0,3612.0,3466.0,321.0,1
2023-01-27,2023,January,Sugar,3320.0,3612.0,3466.0,75.0,1
2023-01-28,2023,January,Sugar,3320.0,3612.0,3466.0,168.0,1
2023-01-30,2023,January,Sugar,332.0,3612.0,3466.0,44.0,1
2023-01-31,2023,January,Sugar,3320.0,3612.0,3466.0,235.0,1
2023-02-02,2023,February,Sugar,3336.0,3612.0,3474.0,40.0,1
2023-02-03,2023,February,Sugar,3336.0,3612.0,3474.0,388.0,1
2023-02-04,2023,February,Sugar,3336.0,3612.0,3474.0,379.0,1
2023-02-06,2023,February,Sugar,3336.0,3612.0,3474.0,76.0,1
2023-02-07,2023,February,Sugar,3336.0,3612.0,3474.0,227.0,1
2023-02-08,2023,February,Sugar,3362.0,3620.0,3491.0,254.0,1
2023-02-09,2023,February,Sugar,3362.0,3620.0,3491.0,173.0,1
2023-02-10,2023,February,Sugar,3362.0,3620.0,3491.0,224.0,1
2023-02-11,2023,February,Sugar,3362.0,3620.0,3491.0,219.0,1
2023-02-13,2023,February,Sugar,3362.0,3620.0,3491.0,24.0,1
2023-02-14,2023,February,Sugar,3362.0,3620.0,3491.0,256.0,1
2023-02-15,2023,February,Sugar,3362.0,3620.0,3491.0,104.0,1
2023-02-16,2023,February,Sugar,3362.0,3620.0,3491.0,211.0,1
2023-02-17,2023,February,Sugar,3352.0,3612.0,3482.0,316.0,1
2023-02-20,2023,February,Sugar,3352.0,3612.0,3482.0,124.0,1
2023-02-21,2023,February,Sugar,3352.0,3612.0,3482.0,150.0,1
2023-02-22,2023,February,Sugar,3352.0,3612.0,3482.0,183.0,1
2023-02-23,2023,February,Sugar,3350.0,3612.0,3482.0,226.0,1
2023-02-24,2023,February,Sugar,3352.0,3612.0,3482.0,209.0,1
2023-02-25,2023,February,Sugar,3352.0,3612.0,3482.0,241.0,1
2023-02-28,2023,February,Sugar,3352.0,3612.0,3482.0,235.0,1
2023-03-01,2023,March,Sugar,3352.0,3612.0,3482.0,381.0,1
2023-03-02,2023,March,Sugar,3352.0,3612.0,3482.0,439.0,1
2023-03-03,2023,March,Sugar,3352.0,3612.0,3482.0,221.0,1
2023-03-04,2023,March,Sugar,3352.0,3612.0,3482.0,261.0,1
2023-03-06,2023,March,Sugar,3352.0,3612.0,3482.0,65.0,1
2023-03-08,2023,March,Sugar,3342.0,3612.0,3477.0,45.0,1
2023-03-09,2023,March,Sugar,3342.0,3612.0,3477.0,153.0,1
2023-03-10,2023,March,Sugar,3342.0,3612.0,3477.0,202.0,1
2023-03-11,2023,March,Sugar,3342.0,3612.0,3477.0,180.0,1
2023-03-14,2023,March,Sugar,3350.0,3602.0,3476.0,195.0,1
2023-03-15,2023,March,Sugar,3350.0,3602.0,3476.0,206.0,1
2023-03-16,2023,March,Sugar,3350.0,3602.0,3476.0,287.0,1
2023-03-17,2023,March,Sugar,3350.0,3602.0,3476.0,206.0,1
2023-03-18,2023,March,Sugar,3350.0,3602.0,3476.0,182.0,1
2023-03-20,2023,March,Sugar,3350.0,3602.0,3476.0,107.0,1
2023-03-21,2023,March,Sugar,3342.0,3602.0,3472.0,256.0,1
2023-03-24,2023,March,Sugar,3342.0,3602.0,3472.0,32.0,1
2023-03-25,2023,March,Sugar,3342.0,3602.0,3472.0,205.0,1
2023-03-28,2023,March,Sugar,3342.0,3602.0,3472.0,182.0,1
2023-03-29,2023,March,Sugar,3342.0,3602.0,3472.0,211.0,1
2023-03-30,2023,March,Sugar,3342.0,3602.0,3472.0,408.0,1
2023-03-31,2023,March,Sugar,3342.0,3602.0,3472.0,156.0,1
2023-04-01,2023,April,Sugar,3342.0,3602.0,3472.0,394.0,1
2023-04-03,2023,April,Sugar,3342.0,3602.0,3472.0,90.0,1
2023-04-04,2023,April,Sugar,3342.0,3602.0,3472.0,20.0,1
2023-04-05,2023,April,Sugar,3342.0,3602.0,3472.0,311.0,1
2023-04-06,2023,April,Sugar,3435.0,3712.0,3573.0,126.0,1
2023-04-07,2023,April,Sugar,3435.0,3712.0,3573.0,169.0,1
2023-04-08,2023,April,Sugar,3435.0,3712.0,3573.0,220.0,1
2023-04-10,2023,April,Sugar,3435.0,3712.0,3573.0,110.0,1
2023-04-11,2023,April,Sugar,3435.0,3712.0,3573.0,200.0,1
2023-04-12,2023,April,Sugar,3435.0,3712.0,3573.0,318.0,1
2023-04-13,2023,April,Sugar,3435.0,3712.0,3573.0,458.0,1
2023-04-14,2023,April,Sugar,3435.0,3712.0,3573.0,215.0,1
2023-04-15,2023,April,Sugar,3490.0,3772.0,3631.0,144.0,1
2023-04-17,2023,April,Sugar,3490.0,3772.0,3631.0,26.0,1
2023-04-18,2023,April,Sugar,3490.0,3772.0,3631.0,225.0,1
2023-04-19,2023,April,Sugar,3490.0,3772.0,3631.0,219.0,1
2023-04-20,2023,April,Sugar,3490.0,3772.0,3631.0,358.0,1
2023-04-21,2023,April,Sugar,3490.0,3772.0,3631.0,124.0,1
2023-04-22,2023,April,Sugar,3490.0,3772.0,3631.0,95.0,1
2023-04-24,2023,April,Sugar,3490.0,3772.0,3631.0,30.0,1
2023-04-25,2023,April,Sugar,3490.0,3772.0,3631.0,71.0,1
2023-04-26,2023,April,Sugar,3490.0,3772.0,3631.0,345.0,1
2023-04-27,2023,April,Sugar,3490.0,3772.0,3631.0,169.0,1
2023-04-28,2023,April,Sugar,3490.0,3772.0,3631.0,76.0,1
2023-04-29,2023,April,Sugar,3490.0,3772.0,3631.0,138.0,1
2023-05-02,2023,May,Sugar,3490.0,3772.0,3631.0,37.0,1
2023-05-03,2023,May,Sugar,3490.0,3772.0,3631.0,117.0,1
2023-05-04,2023,May,Sugar,3515.0,3742.0,3628.0,311.0,1
2023-05-05,2023,May,Sugar,3515.0,3742.0,3628.0,148.0,1
2023-05-06,2023,May,Sugar,3515.0,3742.0,3628.0,160.0,1
2023-05-08,2023,May,Sugar,3515.0,3742.0,3628.0,25.0,1
2023-05-09,2023,May,Sugar,3515.0,3742.0,3628.0,223.0,1
2023-05-10,2023,May,Sugar,3515.0,3742.0,3628.0,225.0,1
2023-05-11,2023,May,Sugar,3515.0,3742.0,3628.0,210.0,1
2023-05-12,2023,May,Sugar,3515.0,3742.0,3628.0,175.0,1
2023-05-13,2023,May,Sugar,3515.0,3742.0,3628.0,221.0,1
2023-05-16,2023,May,Sugar,3515.0,3742.0,3628.0,129.0,1
2023-05-17,2023,May,Sugar,3532.0,3752.0,3642.0,341.0,1
2023-05-18,2023,May,Sugar,3552.0,3752.0,3642.0,77.0,1
2023-05-19,2023,May,Sugar,3532.0,3752.0,3642.0,262.0,1
2023-05-20,2023,May,Sugar,3532.0,3752.0,3642.0,171.0,1
2023-05-22,2023,May,Sugar,3532.0,3732.0,3642.0,83.0,1
2023-05-23,2023,May,Sugar,3532.0,3752.0,3642.0,172.0,1
2023-05-24,2023,May,Sugar,3532.0,3752.0,3642.0,196.0,1
2023-05-25,2023,May,Sugar,3532.0,3742.0,3642.0,131.0,1
2023-05-26,2023,May,Sugar,3532.0,3752.0,3642.0,342.0,1
2023-05-27,2023,May,Sugar,3532.0,3752.0,3642.0,133.0,1
2023-05-29,2023,May,Sugar,3532.0,3752.0,3642.0,131.0,1
2023-05-30,2023,May,Sugar,3532.0,3752.0,3642.0,98.0,1
2023-05-31,2023,May,Sugar,3532.0,3752.0,3642.0,212.0,1
2023-06-01,2023,June,Sugar,3532.0,3752.0,3642.0,172.0,1
2023-06-02,2023,June,Sugar,3512.0,3702.0,3607.0,200.0,1
2023-06-03,2023,June,Sugar,3512.0,3702.0,3607.0,209.0,1
2023-06-05,2023,June,Sugar,3512.0,3702.0,3607.0,75.0,1
2023-06-06,2023,June,Sugar,3512.0,3702.0,3607.0,246.0,1
2023-06-07,2023,June,Sugar,3512.0,3702.0,3607.0,314.0,1
2023-06-08,2023,June,Sugar,3512.0,3702.0,3607.0,458.0,1
2023-06-09,2023,June,Sugar,3512.0,3702.0,3607.0,160.0,1
2023-06-10,2023,June,Sugar,3512.0,3702.0,3607.0,254.0,1
2023-06-12,2023,June,Sugar,3512.0,3702.0,3607.0,63.0,1
2023-06-13,2023,June,Sugar,3542.0,3782.0,3662.0,442.0,1
2023-06-14,2023,June,Sugar,3542.0,3702.0,3662.0,120.0,1
2023-06-15,2023,June,Sugar,3542.0,3702.0,3662.0,124.0,1
2023-06-16,2023,June,Sugar,3542.0,3782.0,3662.0,164.0,1
2023-06-17,2023,June,Sugar,3542.0,3782.0,3662.0,227.0,1
2023-06-19,2023,June,Sugar,3542.0,3782.0,3662.0,60.0,1
2023-06-20,2023,June,Sugar,3542.0,3782.0,3662.0,74.0,1
2023-06-21,2023,June,Sugar,3542.0,3782.0,3662.0,317.0,1
2023-06-22,2023,June,Sugar,3542.0,3782.0,3662.0,234.0,1
2023-06-23,2023,June,Sugar,3542.0,3782.0,3662.0,367.0,1
2023-06-24,2023,June,Sugar,3542.0,3782.0,3662.0,201.0,1
2023-06-27,2023,June,Sugar,3542.0,3782.0,3662.0,154.0,1
2023-06-28,2023,June,Sugar,3542.0,3782.0,3662.0,188.0,1
2023-06-30,2023,June,Sugar,3542.0,3782.0,3662.0,262.0,1
2023-07-01,2023,July,Sugar,3542.0,3782.0,3662.0,96.0,1
2023-07-03,2023,July,Sugar,3542.0,3782.0,3662.0,51.0,1
2023-07-04,2023,July,Sugar,3542.0,3782.0,3662.0,126.0,1
2023-07-05,2023,July,Sugar,3542.0,3782.0,3662.0,280.0,1
2023-07-06,2023,July,Sugar,3542.0,3782.0,3662.0,448.0,1
2023-07-07,2023,July,Sugar,3542.0,3782.0,3662.0,274.0,1
2023-07-08,2023,July,Sugar,3542.0,3782.0,3662.0,171.0,1
2023-07-10,2023,July,Sugar,3542.0,3782.0,3662.0,65.0,1
2023-07-11,2023,July,Sugar,3542.0,3782.0,3662.0,70.0,1
2023-07-12,2023,July,Sugar,3542.0,3782.0,3662.0,207.0,1
2023-07-14,2023,July,Sugar,3542.0,3782.0,3662.0,178.0,1
2023-07-15,2023,July,Sugar,3542.0,3782.0,3662.0,216.0,1
2023-07-17,2023,July,Sugar,3542.0,3782.0,3662.0,50.0,1
2023-07-18,2023,July,Sugar,3542.0,3782.0,3662.0,213.0,1
2023-07-19,2023,July,Sugar,3542.0,3782.0,3662.0,234.0,1
2023-07-20,2023,July,Sugar,3542.0,3782.0,3662.0,196.0,1
2023-07-21,2023,July,Sugar,3542.0,3782.0,3662.0,130.0,1
2023-07-22,2023,July,Sugar,3542.0,3782.0,3662.0,175.0,1
2023-07-24,2023,July,Sugar,3542.0,3782.0,3662.0,60.0,1
2023-07-25,2023,July,Sugar,3600.0,3812.0,3706.0,100.0,1
2023-07-26,2023,July,Sugar,3600.0,3812.0,3706.0,150.0,1
2023-07-27,2023,July,Sugar,3600.0,3812.0,3706.0,229.0,1
2023-07-28,2023,July,Sugar,3600.0,3812.0,3706.0,178.0,1
2023-07-29,2023,July,Sugar,3600.0,3812.0,3706.0,268.0,1
2023-07-31,2023,July,Sugar,3600.0,3812.0,3706.0,70.0,1
2023-08-01,2023,August,Sugar,3600.0,3812.0,3706.0,236.0,1
2023-08-02,2023,August,Sugar,3600.0,3812.0,3706.0,225.0,1
2023-08-03,2023,August,Sugar,3600.0,3812.0,3706.0,148.0,1
2023-08-04,2023,August,Sugar,3600.0,3812.0,3706.0,226.0,1
2023-08-05,2023,August,Sugar,3600.0,3812.0,3706.0,234.0,1
2023-08-07,2023,August,Sugar,3600.0,3812.0,3706.0,86.0,1
2023-08-08,2023,August,Sugar,3600.0,3812.0,3706.0,272.0,1
2023-08-09,2023,August,Sugar,3600.0,3812.0,3706.0,187.0,1
2023-08-10,2023,August,Sugar,3600.0,3812.0,3706.0,160.0,1
2023-08-11,2023,August,Sugar,3600.0,3812.0,3706.0,179.0,1
2023-08-12,2023,August,Sugar,3600.0,3812.0,3706.0,175.0,1
2023-08-14,2023,August,Sugar,3600.0,3812.0,3706.0,122.0,1
2023-08-16,2023,August,Sugar,3600.0,3812.0,3706.0,75.0,1
2023-08-17,2023,August,Sugar,3600.0,3812.0,3706.0,185.0,1
2023-08-18,2023,August,Sugar,3600.0,3812.0,3706.0,229.0,1
2023-08-19,2023,August,Sugar,3600.0,3812.0,3706.0,323.0,1
2023-08-21,2023,August,Sugar,3665.0,3730.0,3698.0,89.0,1
2023-08-22,2023,August,Sugar,3665.0,3730.0,3698.0,326.0,1
2023-08-23,2023,August,Sugar,3665.0,3730.0,3698.0,191.0,1
2023-08-24,2023,August,Sugar,3665.0,3730.0,3698.0,251.0,1
2023-08-25,2023,August,Sugar,3665.0,3730.0,3698.0,206.0,1
2023-08-26,2023,August,Sugar,3665.0,3730.0,3698.0,102.0,1
2023-08-28,2023,August,Sugar,3665.0,3782.0,3724.0,55.0,1
2023-08-29,2023,August,Sugar,3665.0,3782.0,3724.0,220.0,1
2023-08-31,2023,August,Sugar,3665.0,3782.0,3724.0,171.0,1
2023-09-01,2023,September,Sugar,3665.0,3782.0,3724.0,391.0,1
2023-09-02,2023,September,Sugar,3665.0,3782.0,3724.0,242.0,1
2023-09-04,2023,September,Sugar,3665.0,3782.0,3724.0,79.0,1
2023-09-05,2023,September,Sugar,3665.0,3782.0,3724.0,335.0,1
2023-09-06,2023,September,Sugar,3665.0,3782.0,3724.0,222.0,1
2023-09-08,2023,September,Sugar,3412.0,3902.0,3812.0,50.0,1
2023-09-09,2023,September,Sugar,3712.0,3902.0,3812.0,214.0,1
2023-09-11,2023,September,Sugar,3712.0,3902.0,3812.0,50.0,1
2023-09-12,2023,September,Sugar,3712.0,3902.0,3812.0,86.0,1
2023-09-13,2023,September,Sugar,3712.0,3902.0,3812.0,125.0,1
2023-09-14,2023,September,Sugar,3712.0,3902.0,3812.0,421.0,1
2023-09-15,2023,September,Sugar,3712.0,3902.0,3812.0,212.0,1
2023-09-16,2023,September,Sugar,3862.0,3942.0,3902.0,484.0,1
2023-09-18,2023,September,Sugar,3862.0,3942.0,3902.0,87.0,1
2023-09-21,2023,September,Sugar,3862.0,3942.0,3902.0,177.0,1
2023-09-22,2023,September,Sugar,3862.0,3942.0,3902.0,328.0,1
2023-09-26,2023,September,Sugar,3862.0,3942.0,3902.0,64.0,1
2023-09-27,2023,September,Sugar,3862.0,3942.0,3902.0,248.0,1
2023-10-02,2023,October,Sugar,3766.0,3960.0,3863.0,35.0,1
2023-10-03,2023,October,Sugar,3766.0,3960.0,3863.0,199.0,1
2023-10-04,2023,October,Sugar,3766.0,3960.0,3863.0,221.0,1
2023-10-05,2023,October,Sugar,3766.0,3960.0,3863.0,205.0,1
2023-10-06,2023,October,Sugar,3766.0,3960.0,3863.0,152.0,1
2023-10-07,2023,October,Sugar,3766.0,3960.0,3863.0,229.0,1
2023-10-09,2023,October,Sugar,3766.0,3960.0,3863.0,116.0,1
2023-10-10,2023,October,Sugar,3766.0,3960.0,3863.0,176.0,1
2023-10-11,2023,October,Sugar,3766.0,3960.0,3863.0,215.0,1
2023-10-12,2023,October,Sugar,3766.0,3960.0,3863.0,298.0,1
2023-10-13,2023,October,Sugar,3766.0,3960.0,3863.0,223.0,1
2023-10-14,2023,October,Sugar,3766.0,3960.0,3863.0,365.0,1
2023-10-16,2023,October,Sugar,3766.0,3960.0,3863.0,45.0,1
2023-10-17,2023,October,Sugar,3766.0,3960.0,3863.0,225.0,1
2023-10-18,2023,October,Sugar,3700.0,4100.0,3900.0,226.0,1
2023-10-19,2023,October,Sugar,3700.0,4100.0,3900.0,196.0,1
2023-10-20,2023,October,Sugar,3700.0,4100.0,3900.0,277.0,1
2023-10-21,2023,October,Sugar,3700.0,4100.0,3900.0,149.0,1
2023-10-25,2023,October,Sugar,3700.0,4100.0,3900.0,43.0,1
2023-10-26,2023,October,Sugar,3700.0,4100.0,3900.0,234.0,1
2023-10-28,2023,October,Sugar,3700.0,4100.0,3900.0,232.0,1
2023-10-30,2023,October,Sugar,3700.0,4100.0,3900.0,100.0,1
2023-10-31,2023,October,Sugar,3700.0,4100.0,3900.0,277.0,1
2023-11-01,2023,November,Sugar,3700.0,4100.0,3900.0,259.0,1
2023-11-02,2023,November,Sugar,3700.0,4100.0,3900.0,467.0,1
2023-11-03,2023,November,Sugar,3700.0,4100.0,3900.0,334.0,1
2023-11-06,2023,November,Sugar,3700.0,4100.0,3900.0,55.0,1
2023-11-07,2023,November,Sugar,3700.0,4200.0,3950.0,343.0,1
2023-11-08,2023,November,Sugar,3700.0,4200.0,3950.0,365.0,1
2023-11-09,2023,November,Sugar,3700.0,4200.0,3950.0,286.0,1
2023-11-10,2023,November,Sugar,3700.0,4200.0,3950.0,496.0,1
2023-11-11,2023,November,Sugar,3700.0,4200.0,3950.0,301.0,1
2023-11-13,2023,November,Sugar,3700.0,4200.0,3950.0,116.0,1
2023-11-17,2023,November,Sugar,3700.0,4200.0,3950.0,52.0,1
2023-11-18,2023,November,Sugar,3700.0,4200.0,3950.0,226.0,1
2023-11-20,2023,November,Sugar,3700.0,4200.0,3950.0,241.0,1
2023-11-21,2023,November,Sugar,3700.0,4200.0,3950.0,135.0,1
2023-11-22,2023,November,Sugar,3700.0,4200.0,3950.0,94.0,1
2023-11-23,2023,November,Sugar,3700.0,4200.0,3950.0,208.0,1
2023-11-24,2023,November,Sugar,3700.0,4200.0,3950.0,239.0,1
2023-11-27,2023,November,Sugar,3700.0,4200.0,3950.0,74.0,1
2023-11-28,2023,November,Sugar,3700.0,4300.0,4000.0,44.0,1
2023-12-02,2023,December,Sugar,3700.0,4300.0,4000.0,156.0,1
2023-12-05,2023,December,Sugar,3700.0,4300.0,4000.0,224.0,1
2023-12-06,2023,December,Sugar,3700.0,4300.0,4000.0,210.0,1
2023-12-07,2023,December,Sugar,3700.0,4300.0,4000.0,175.0,1
2023-12-08,2023,December,Sugar,3700.0,4300.0,4000.0,237.0,1
2023-12-09,2023,December,Sugar,3700.0,4300.0,4000.0,381.0,1
2023-12-11,2023,December,Sugar,3700.0,4300.0,4000.0,49.0,1
2023-12-12,2023,December,Sugar,3700.0,4300.0,4000.0,110.0,1
2023-12-13,2023,December,Sugar,3700.0,4300.0,4000.0,224.0,1
2023-12-14,2023,December,Sugar,3700.0,4300.0,4000.0,208.0,1
2023-12-15,2023,December,Sugar,3700.0,4300.0,4000.0,252.0,1
2023-12-16,2023,December,Sugar,3700.0,4300.0,4000.0,384.0,1
2023-12-18,2023,December,Sugar,3700.0,4300.0,4000.0,87.0,1
2023-12-19,2023,December,Sugar,3700.0,4300.0,4000.0,100.0,1
2023-12-20,2023,December,Sugar,3700.0,4300.0,4000.0,335.0,1
2023-12-21,2023,December,Sugar,3700.0,4300.0,4000.0,222.0,1
2023-12-22,2023,December,Sugar,3700.0,4300.0,4000.0,188.0,1
2023-12-26,2023,December,Sugar,3700.0,4300.0,4000.0,214.0,1
2023-12-27,2023,December,Sugar,3700.0,4300.0,4000.0,248.0,1
2023-12-28,2023,December,Sugar,3700.0,4300.0,4000.0,254.0,1
2023-12-29,2023,December,Sugar,3700.0,4300.0,4000.0,221.0,1
2023-12-30,2023,December,Sugar,3700.0,4300.0,4000.0,212.0,1
2024-01-01,2024,January,Sugar,3700.0,4300.0,4000.0,99.0,1
2024-01-02,2024,January,Sugar,3700.0,4300.0,4000.0,278.0,1
2024-01-03,2024,January,Sugar,3700.0,4300.0,4000.0,445.0,1
2024-01-04,2024,January,Sugar,3700.0,4300.0,4000.0,365.0,1
2024-01-05,2024,January,Sugar,3700.0,4300.0,4000.0,193.0,1
2024-01-06,2024,January,Sugar,3700.0,4300.0,4000.0,122.0,1
2024-01-08,2024,January,Sugar,3700.0,4300.0,4000.0,60.0,1
2024-01-09,2024,January,Sugar,3700.0,4300.0,4000.0,199.0,1
2024-01-10,2024,January,Sugar,3700.0,4300.0,4000.0,217.0,1
2024-01-11,2024,January,Sugar,3700.0,4300.0,4000.0,317.0,1
2024-01-12,2024,January,Sugar,3700.0,4300.0,4000.0,182.0,1
2024-01-13,2024,January,Sugar,3700.0,4300.0,4000.0,155.0,1
2024-01-15,2024,January,Sugar,3700.0,4300.0,4000.0,55.0,1
2024-01-16,2024,January,Sugar,3700.0,4300.0,4000.0,270.0,1
2024-01-17,2024,January,Sugar,3700.0,4300.0,4000.0,169.0,1
2024-01-18,2024,January,Sugar,3700.0,4300.0,4000.0,252.0,1
2024-01-19,2024,January,Sugar,3700.0,4300.0,4000.0,242.0,1
2024-01-23,2024,January,Sugar,3700.0,4300.0,4000.0,77.0,1
2024-01-24,2024,January,Sugar,3700.0,4300.0,4000.0,183.0,1
2024-01-29,2024,January,Sugar,3700.0,4300.0,4000.0,193.0,1
2024-01-30,2024,January,Sugar,3700.0,4300.0,4000.0,211.0,1
2024-01-31,2024,January,Sugar,3700.0,4300.0,4000.0,302.0,1
2024-02-01,2024,February,Sugar,3700.0,4300.0,4000.0,270.0,1
2024-02-02,2024,February,Sugar,3700.0,4300.0,4000.0,178.0,1
2024-02-03,2024,February,Sugar,3700.0,4300.0,4000.0,326.0,1
2024-02-05,2024,February,Sugar,3700.0,4300.0,4000.0,161.0,1
2024-02-06,2024,February,Sugar,3700.0,4300.0,4000.0,127.0,1
2024-02-07,2024,February,Sugar,3700.0,4300.0,4000.0,222.0,1
2024-02-08,2024,February,Sugar,3700.0,4300.0,4000.0,186.0,1
2024-02-09,2024,February,Sugar,3700.0,4300.0,4000.0,135.0,1
2024-02-10,2024,February,Sugar,3700.0,4300.0,4000.0,231.0,1
2024-02-12,2024,February,Sugar,3700.0,4300.0,4000.0,73.0,1
2024-02-13,2024,February,Sugar,3750.0,4400.0,3925.0,122.0,1
2024-02-14,2024,February,Sugar,3750.0,4400.0,3925.0,301.0,1
2024-02-15,2024,February,Sugar,3750.0,4400.0,3925.0,221.0,1
2024-02-16,2024,February,Sugar,3750.0,4400.0,3925.0,278.0,1
2024-02-20,2024,February,Sugar,3750.0,4400.0,3925.0,57.0,1
2024-02-21,2024,February,Sugar,3750.0,4400.0,3925.0,230.0,1
2024-02-22,2024,February,Sugar,3750.0,4400.0,3925.0,137.0,1
2024-02-23,2024,February,Sugar,3750.0,4400.0,3925.0,152.0,1
2024-02-24,2024,February,Sugar,3750.0,4400.0,3925.0,275.0,1
2024-02-26,2024,February,Sugar,3750.0,4400.0,3925.0,20.0,1
2024-02-27,2024,February,Sugar,3750.0,4400.0,3925.0,158.0,1
2024-02-28,2024,February,Sugar,3750.0,4400.0,3925.0,181.6,1
2024-02-29,2024,February,Sugar,3750.0,4400.0,3925.0,299.5,1
2024-03-01,2024,March,Sugar,3750.0,4400.0,3925.0,144.5,1
2024-03-02,2024,March,Sugar,3750.0,4400.0,3925.0,157.6,1
2024-03-04,2024,March,Sugar,3750.0,4400.0,3925.0,37.0,1
2024-03-05,2024,March,Sugar,3750.0,4400.0,3925.0,213.7,1
2024-03-06,2024,March,Sugar,3750.0,4400.0,3925.0,267.5,1
2024-03-07,2024,March,Sugar,3750.0,4400.0,3925.0,438.9,1
2024-03-11,2024,March,Sugar,3800.0,4400.0,4100.0,114.0,1
2024-03-12,2024,March,Sugar,3800.0,4400.0,4100.0,116.0,1
2024-03-13,2024,March,Sugar,3800.0,4400.0,4100.0,343.5,1
2024-03-14,2024,March,Sugar,3800.0,4400.0,4100.0,264.4,1
2024-03-15,2024,March,Sugar,3800.0,4400.0,4100.0,368.0,1
2024-03-16,2024,March,Sugar,3799.9999999999995,4400.0,4100.0,178.3,1
2024-03-18,2024,March,Sugar,3800.0,4400.0,4100.0,60.0,1
2024-03-19,2024,March,Sugar,3800.0,4400.0,4100.0,197.5,1
2024-03-20,2024,March,Sugar,3800.0,4400.0,4100.0,462.3,1
2024-03-21,2024,March,Sugar,3800.0,4400.0,4100.0,101.5,1
2024-03-22,2024,March,Sugar,3800.0,4400.0,4100.0,292.0,1
2024-03-27,2024,March,Sugar,3800.0,4400.0,4100.0,200.0,1
2024-03-28,2024,March,Sugar,3800.0,4400.0,4100.0,210.4,1
2024-03-30,2024,March,Sugar,3800.0,4400.0,4100.0,178.5,1
2024-04-01,2024,April,Sugar,3800.0,4400.0,4100.0,74.0,1
2024-04-02,2024,April,Sugar,3800.0,4400.0,4100.0,162.9,1
2024-04-03,2024,April,Sugar,3800.0,4400.0,4100.0,149.0,1
2024-04-04,2024,April,Sugar,3800.0,4400.0,4100.0,250.0,1
2024-04-05,2024,April,Sugar,3800.0,4400.0,4100.0,310.0,1
2024-04-06,2024,April,Sugar,3800.0,4400.0,4100.0,173.0,1
2024-04-08,2024,April,Sugar,3800.0,4400.0,4100.0,133.2,1
2024-04-15,2024,April,Sugar,3800.0,4400.0,4100.0,165.0,1
2024-04-19,2024,April,Sugar,3800.0,4400.0,4100.0,214.5,1
2024-04-22,2024,April,Sugar,3800.0,4400.0,4100.0,62.0,1
2024-04-24,2024,April,Sugar,3800.0,4400.0,4100.0,107.0,1
2024-04-25,2024,April,Sugar,3800.0,4400.0,4100.0,226.6,1
2024-04-26,2024,April,Sugar,3800.0,4400.0,4100.0,195.2,1
2024-04-27,2024,April,Sugar,3800.0,4400.0,4100.0,228.0,1
2024-04-29,2024,April,Sugar,3800.0,4400.0,4100.0,31.0,1
2024-04-30,2024,April,Sugar,3800.0,4400.0,4100.0,206.9,1
2024-05-02,2024,May,Sugar,3800.0,4400.0,4100.0,66.0,1
2024-05-03,2024,May,Sugar,3800.0,4400.0,4100.0,144.0,1
2024-05-04,2024,May,Sugar,3800.0,4400.0,4100.0,163.0,1
2024-05-06,2024,May,Sugar,3800.0,4400.0,4100.0,141.0,1
2024-05-07,2024,May,Sugar,3800.0,4400.0,4100.0,241.0,1
2024-05-08,2024,May,Sugar,3800.0,4400.0,4100.0,223.5,1
2024-05-09,2024,May,Sugar,3800.0,4400.0,4100.0,98.0,1
2024-05-10,2024,May,Sugar,3800.0,4400.0,4100.0,117.0,1
2024-05-14,2024,May,Sugar,3800.0000000000005,4400.0,4100.0,289.4,1
2024-05-15,2024,May,Sugar,3800.0,4400.0,4100.0,226.0,1
2024-05-16,2024,May,Sugar,3800.0,4400.0,4100.0,247.7,1
2024-05-17,2024,May,Sugar,3800.0,4400.0,4100.0,222.5,1
2024-05-21,2024,May,Sugar,3800.0,4400.0,4100.0,50.0,1
2024-05-22,2024,May,Sugar,3800.0,4400.0,4100.0,232.0,1
2024-05-23,2024,May,Sugar,3800.0,4400.0,4100.0,170.0,1
2024-05-24,2024,May,Sugar,3800.0,4400.0,4100.0,151.5,1
2024-05-28,2024,May,Sugar,3800.0,4400.0,4100.0,167.5,1
2024-05-29,2024,May,Sugar,3800.0,4400.0,4100.0,261.2,1
2024-05-30,2024,May,Sugar,3800.0,4400.0,4100.0,301.2,1
2024-05-31,2024,May,Sugar,3800.0,4400.0,4100.0,187.0,1
2024-06-05,2024,June,Sugar,3800.0000000000005,4400.0,4100.0,182.2,1
2024-06-06,2024,June,Sugar,3800.0,4400.0,4100.0,205.7,1
2024-06-07,2024,June,Sugar,3800.0,4400.0,4100.0,242.0,1
2024-06-24,2024,June,Sugar,3800.0,4400.0,4100.0,98.5,1
2024-06-25,2024,June,Sugar,3800.0,4400.0,4100.0,79.0,1
2024-06-26,2024,June,Sugar,3800.0,4400.0,4100.0,185.0,1
2024-06-27,2024,June,Sugar,3800.0,4400.0,4100.0,188.1,1
2024-06-28,2024,June,Sugar,3800.0,4400.0,4100.0,206.0,1
2024-07-01,2024,July,Sugar,3800.0,4400.0,4100.0,363.7,1
2024-07-03,2024,July,Sugar,3800.0,4400.0,4100.0,84.0,1
2024-07-04,2024,July,Sugar,3800.0,4400.0,4100.0,180.0,1
2024-07-05,2024,July,Sugar,3800.0,4400.0,4100.0,223.0,1
2024-07-06,2024,July,Sugar,3800.0,4400.0,4100.0,217.0,1
2024-07-08,2024,July,Sugar,3800.0,4400.0,4100.0,50.0,1
2024-07-09,2024,July,Sugar,3800.0,4400.0,4100.0,178.6,1
2024-07-11,2024,July,Sugar,3800.0,4400.0,4100.0,247.5,1
2024-07-12,2024,July,Sugar,3800.0,4400.0,4100.0,505.0,1
2024-07-15,2024,July,Sugar,3800.0,4400.0,4100.0,179.0,1
2024-07-16,2024,July,Sugar,3800.0,4400.0,4100.0,176.4,1
2024-07-18,2024,July,Sugar,3800.0,4400.0,4100.0,239.0,1
2024-07-19,2024,July,Sugar,3800.0,4400.0,4100.0,322.0,1
2024-07-22,2024,July,Sugar,3800.0,4400.0,4100.0,141.0,1
2024-07-23,2024,July,Sugar,3800.0,4400.0,4100.0,70.0,1
2024-07-24,2024,July,Sugar,3800.0,4400.0,4100.0,115.1,1
2024-07-25,2024,July,Sugar,3800.0,4400.0,4100.0,263.2,1
2024-07-26,2024,July,Sugar,75000.0,120000.0,97500.0,1.2,1
2024-07-29,2024,July,Sugar,3800.0,4400.0,4100.0,50.0,1
2024-07-30,2024,July,Sugar,3799.9999999999995,4400.0,4100.0,371.1,1
2024-07-31,2024,July,Sugar,3800.0,4400.0,4100.0,377.5,1
2024-08-01,2024,August,Sugar,3800.0,4400.0,4100.0,280.0,1
2024-08-02,2024,August,Sugar,3800.0,4400.0,4100.0,376.5,1
2024-08-05,2024,August,Sugar,3800.0,4400.0,4100.0,165.0,1
2024-08-06,2024,August,Sugar,3800.0,4400.0,4100.0,174.0,1
2024-08-07,2024,August,Sugar,3800.0,4400.0,4100.0,160.0,1
2024-08-08,2024,August,Sugar,3800.0,4400.0,4100.0,149.0,1
2024-08-09,2024,August,Sugar,3800.0,4400.0,4100.0,246.0,1
2024-08-12,2024,August,Sugar,3800.0,4400.0,4100.0,74.0,1
2024-08-13,2024,August,Sugar,3800.0,4400.0,4100.0,169.5,1
2024-08-14,2024,August,Sugar,3850.0,4500.0,4175.0,304.0,1
2024-08-16,2024,August,Sugar,3850.0,4500.0,4175.0,194.8,1
2024-08-20,2024,August,Sugar,3850.0,4500.0,4175.0,41.0,1
2024-08-21,2024,August,Sugar,3850.0,4500.0,4175.0,138.0,1
2024-08-22,2024,August,Sugar,3850.0,4500.0,4175.0,313.0,1
2024-08-23,2024,August,Sugar,3850.0,4500.0,4175.0,118.5,1
2024-08-24,2024,August,Sugar,900.0,3200.0,2050.0,404.6,1
2024-08-26,2024,August,Sugar,3850.0,4500.0,4175.0,146.0,1
2024-08-28,2024,August,Sugar,3850.0,4500.0,4175.0,31.0,1
2024-08-29,2024,August,Sugar,3850.0,4500.0,4175.0,215.0,1
2024-08-30,2024,August,Sugar,3850.0,4500.0,4175.0,244.9,1
2024-08-31,2024,August,Sugar,3850.0,4500.0,4175.0,336.3,1
2024-09-02,2024,September,Sugar,3850.0,4500.0,4175.0,25.0,1
2024-09-03,2024,September,Sugar,3850.0,4500.0,4175.0,253.4,1
2024-09-04,2024,September,Sugar,3850.0,4500.0,4175.0,163.0,1
2024-09-05,2024,September,Sugar,3850.0,4500.0,4175.0,348.0,1
2024-09-06,2024,September,Sugar,3850.0,4500.0,4175.0,374.7,1
2024-09-09,2024,September,Sugar,3850.0,4500.0,4175.0,75.0,1
2024-09-10,2024,September,Sugar,3850.0,4500.0,4175.0,236.1,1
2024-09-11,2024,September,Sugar,3850.0,4500.0,4175.0,391.7,1
2024-09-12,2024,September,Sugar,3899.9999999999995,4600.0,4250.0,192.3,1
2024-09-13,2024,September,Sugar,3900.0000000000005,4600.0,4250.0,87.1,1
2024-09-14,2024,September,Sugar,3800.0,4600.0,4250.0,386.6,1
2024-09-16,2024,September,Sugar,3900.0,4600.0,4250.0,150.0,1
2024-09-18,2024,September,Sugar,3900.0,4600.0,4250.0,91.0,1
2024-09-19,2024,September,Sugar,3900.0,4600.0,4250.0,383.0,1
2024-09-20,2024,September,Sugar,3900.0,4600.0,4250.0,309.0,1
2024-09-21,2024,September,Sugar,3900.0,4600.0,4250.0,403.0,1
2024-09-23,2024,September,Sugar,3900.0,4600.0,4250.0,96.0,1
2024-09-24,2024,September,Sugar,3900.0,4600.0,4250.0,155.0,1
2024-09-26,2024,September,Sugar,3900.0,4600.0,4250.0,50.0,1
2024-09-27,2024,September,Sugar,3900.0,4600.0,4250.0,241.0,1
2024-09-30,2024,September,Sugar,3900.0,4600.0,4250.0,110.0,1
2024-10-01,2024,October,Sugar,3900.0,4600.0,4250.0,133.0,1
2024-10-03,2024,October,Sugar,3799.9999999999995,4650.0,4225.0,139.8,1
2024-10-04,2024,October,Sugar,3800.0,4650.0,4225.0,251.5,1
2024-10-05,2024,October,Sugar,3800.0,4650.0,4225.0,315.0,1
2024-10-09,2024,October,Sugar,3800.0,4650.0,4225.0,369.0,1
2024-10-10,2024,October,Sugar,3800.0,4650.0,4225.0,208.5,1
2024-10-11,2024,October,Sugar,3800.0,4650.0,4225.0,349.0,1
2024-10-14,2024,October,Sugar,3800.0,4650.0,4225.0,35.0,1
2024-10-15,2024,October,Sugar,3800.0,4650.0,4225.0,100.3,1
2024-10-16,2024,October,Sugar,3800.0,4650.0,4225.0,360.0,1
2024-10-17,2024,October,Sugar,3800.0,4650.0,4225.0,307.0,1
2024-10-18,2024,October,Sugar,3799.9999999999995,4650.0,4225.0,278.6,1
2024-10-19,2024,October,Sugar,3800.0,4650.0,4225.0,407.0,1
2024-10-22,2024,October,Sugar,3800.0,4650.0,4225.0,206.5,1
2024-10-23,2024,October,Sugar,3800.0,4650.0,4225.0,408.5,1
2024-10-24,2024,October,Sugar,3800.0,4650.0,4225.0,325.5,1
2024-10-25,2024,October,Sugar,3800.0,4650.0,4225.0,238.5,1
2024-10-26,2024,October,Sugar,3800.0,4650.0,4225.0,475.8,1
2024-10-28,2024,October,Sugar,3800.0,4650.0,4225.0,172.0,1
2024-10-29,2024,October,Sugar,3800.0,4650.0,4225.0,210.0,1
2024-10-30,2024,October,Sugar,3800.0,4650.0,4225.0,833.0,1
2024-11-02,2024,November,Sugar,3800.0,4650.0,4225.0,95.0,1
2024-11-05,2024,November,Sugar,3800.0,4650.0,4225.0,120.1,1
2024-11-06,2024,November,Sugar,3800.0,4650.0,4225.0,74.0,1
2024-11-07,2024,November,Sugar,3800.0,4650.0,4225.0,119.0,1
2024-11-08,2024,November,Sugar,3800.0,4650.0,4225.0,269.3,1
2024-11-09,2024,November,Sugar,3800.0,4650.0,4225.0,229.6,1
2024-11-11,2024,November,Sugar,3800.0,4650.0,4225.0,78.8,1
2024-11-12,2024,November,Sugar,3800.0,4650.0,4225.0,196.0,1
2024-11-13,2024,November,Sugar,3800.0,4650.0,4225.0,241.6,1
2024-11-14,2024,November,Sugar,3800.0,4650.0,4225.0,68.0,1
2024-11-15,2024,November,Sugar,3800.0,4650.0,4225.0,126.0,1
2024-11-16,2024,November,Sugar,3800.0,4650.0,4225.0,293.5,1
2024-11-18,2024,November,Sugar,3800.0,4650.0,4225.0,80.0,1
2024-11-19,2024,November,Sugar,3800.0,4650.0,4225.0,159.0,1
2024-11-21,2024,November,Sugar,3800.0,4650.0,4225.0,35.0,1
2024-11-22,2024,November,Sugar,3800.0,4650.0,4225.0,276.2,1
2024-11-23,2024,November,Sugar,3800.0,4650.0,4225.0,321.0,1
2024-11-25,2024,November,Sugar,3800.0,4650.0,4225.0,113.5,1
2024-11-26,2024,November,Sugar,3800.0,4650.0,4225.0,282.0,1
2024-11-27,2024,November,Sugar,3800.0,4650.0,4225.0,111.0,1
2024-11-28,2024,November,Sugar,3800.0,4650.0,4225.0,305.0,1
2024-11-30,2024,November,Sugar,3800.0,4650.0,4225.0,213.8,1
2024-12-02,2024,December,Sugar,3800.0,4650.0,4225.0,81.0,1
2024-12-03,2024,December,Sugar,3800.0,4650.0,4225.0,134.3,1
2024-12-04,2024,December,Sugar,3800.0,5650.0,4225.0,141.5,1
2024-12-05,2024,December,Sugar,3800.0,4650.0,4225.0,369.0,1
2024-12-06,2024,December,Sugar,3799.9999999999995,4650.0,4225.0,154.8,1
2024-12-07,2024,December,Sugar,3800.0,4650.0,4225.0,192.7,1
2024-12-09,2024,December,Sugar,3800.0,4650.0,4225.0,55.0,1
2024-12-10,2024,December,Sugar,3800.0,4650.0,4225.0,255.7,1
2024-12-11,2024,December,Sugar,3800.0,4650.0,4225.0,201.0,1
2024-12-12,2024,December,Sugar,3800.0,4650.0,4225.0,257.0,1
2024-12-13,2024,December,Sugar,3800.0,4650.0,4225.0,208.5,1
2024-12-14,2024,December,Sugar,3800.0,4650.0,4225.0,345.3,1
2024-12-16,2024,December,Sugar,3900.0000000000005,4650.0,4275.0,95.1,1
2024-12-17,2024,December,Sugar,3900.0,4650.0,4275.0,240.0,1
2024-12-18,2024,December,Sugar,3900.0,4650.0,4275.0,271.8,1
2024-12-19,2024,December,Sugar,3899.9999999999995,4650.0,4275.0,347.6,1
2024-12-20,2024,December,Sugar,3900.0,4650.0,4275.0,270.3,1
2024-12-21,2024,December,Sugar,3900.0,4650.0,4275.0,215.6,1
2024-12-23,2024,December,Sugar,3900.0,4650.0,4275.0,151.0,1
2024-12-24,2024,December,Sugar,3900.0,4650.0,4275.0,180.0,1
2024-12-26,2024,December,Sugar,3900.0,4650.0,4275.0,219.8,1
2024-12-27,2024,December,Sugar,3900.0,4650.0,4275.0,422.5,1
2024-12-28,2024,December,Sugar,3900.0,4650.0,4275.0,185.5,1
2024-12-30,2024,December,Sugar,3900.0,4650.0,4275.0,69.0,1
2024-12-31,2024,December,Sugar,2000.0,4650.0,4275.0,255.5,1
2025-01-01,2025,January,Sugar,3900.0,4650.0,4275.0,178.0,1
2025-01-03,2025,January,Sugar,3900.0,4650.0,4275.0,257.9,1
2025-01-04,2025,January,Sugar,3900.0,4650.0,4275.0,188.0,1
2025-01-06,2025,January,Sugar,3900.0,4650.0,4275.0,115.0,1
2025-01-07,2025,January,Sugar,3900.0,4650.0,4275.0,196.3,1
2025-01-08,2025,January,Sugar,3900.0,4650.0,4275.0,162.5,1
2025-01-09,2025,January,Sugar,3900.0,4650.0,4275.0,333.5,1
2025-01-10,2025,January,Sugar,3900.0,4650.0,4275.0,145.0,1
2025-01-11,2025,January,Sugar,3900.0,4650.0,4275.0,144.0,1
2025-01-13,2025,January,Sugar,3900.0,4650.0,4275.0,125.0,1
2025-01-14,2025,January,Sugar,3900.0,4650.0,4275.0,125.7,1
2025-01-15,2025,January,Sugar,3900.0,4700.0,4300.0,277.5,1
2025-01-16,2025,January,Sugar,3900.0,4700.0,4300.0,260.0,1
2025-01-17,2025,January,Sugar,3900.0,4700.0,4300.0,318.0,1
2025-01-18,2025,January,Sugar,3900.0,4700.0,4300.0,282.0,1
2025-01-20,2025,January,Sugar,3900.0,4700.0,4300.0,101.0,1
2025-01-21,2025,January,Sugar,3900.0,4700.0,4300.0,310.5,1
2025-01-22,2025,January,Sugar,3900.0,4700.0,4300.0,320.0,1
2025-01-23,2025,January,Sugar,3900.0,4700.0,4300.0,123.0,1
2025-01-24,2025,January,Sugar,3900.0,4700.0,4300.0,192.0,1
2025-01-25,2025,January,Sugar,3900.0,4700.0,4300.0,45.0,1
2025-01-28,2025,January,Sugar,3900.0,4700.0,4300.0,129.5,1
2025-01-29,2025,January,Sugar,3900.0,4700.0,4300.0,222.0,1
2025-01-30,2025,January,Sugar,3900.0,4700.0,4300.0,159.0,1
2025-01-31,2025,January,Sugar,3900.0,4700.0,4300.0,264.0,1
2025-02-01,2025,February,Sugar,3900.0,4700.0,4300.0,456.0,1
2025-02-03,2025,February,Sugar,3900.0,4700.0,4300.0,600.0,1
2025-02-04,2025,February,Sugar,3899.9999999999995,4700.0,4300.0,185.8,1
2025-02-05,2025,February,Sugar,3900.0,4650.0,4275.0,252.5,1
2025-02-06,2025,February,Sugar,3900.0,4650.0,4275.0,173.4,1
2025-02-07,2025,February,Sugar,3900.0,4650.0,4275.0,229.0,1
2025-02-13,2025,February,Sugar,3900.0,4650.0,4275.0,250.0,1
2025-02-14,2025,February,Sugar,3900.0,4650.0,4275.0,95.0,1
2025-02-15,2025,February,Sugar,3900.0,4650.0,4275.0,185.0,1
2025-02-17,2025,February,Sugar,3900.0,4650.0,4275.0,30.0,1
2025-02-18,2025,February,Sugar,3899.9999999999995,4650.0,4275.0,74.4,1
2025-02-20,2025,February,Sugar,3900.0,4650.0,4275.0,35.0,1
2025-02-21,2025,February,Sugar,3900.0,4650.0,4275.0,263.2,1
2025-02-22,2025,February,Sugar,3900.0,4650.0,4275.0,286.0,1
2025-02-25,2025,February,Sugar,3900.0,4650.0,4275.0,157.6,1
2025-02-27,2025,February,Sugar,3900.0,4650.0,4275.0,100.0,1
2025-02-28,2025,February,Sugar,3900.0,4650.0,4275.0,334.8,1
2025-03-01,2025,March,Sugar,3900.0,4650.0,4275.0,467.1,1
2025-03-03,2025,March,Sugar,3900.0,4650.0,4275.0,194.0,1
2025-03-04,2025,March,Sugar,3900.0,4650.0,4275.0,289.3,1
2025-03-05,2025,March,Sugar,3900.0,4650.0,4275.0,134.5,1
2025-03-06,2025,March,Sugar,3899.9999999999995,4650.0,4275.0,97.4,1
2025-03-07,2025,March,Sugar,3900.0,46500.0,4275.0,325.0,1
2025-03-08,2025,March,Sugar,3900.0,4650.0,4275.0,118.2,1
2025-03-10,2025,March,Sugar,3900.0,4650.0,4275.0,78.5,1
2025-03-11,2025,March,Sugar,3900.0,4650.0,4275.0,179.9,1
2025-03-12,2025,March,Sugar,3900.0,4650.0,4275.0,116.0,1
2025-03-13,2025,March,Sugar,3899.9999999999995,4650.0,4275.0,292.6,1
2025-03-15,2025,March,Sugar,3900.0,4650.0,4275.0,90.0,1
2025-03-18,2025,March,Sugar,3900.0,4650.0,4275.0,275.7,1
2025-03-19,2025,March,Sugar,3900.0,4650.0,4275.0,113.0,1
2025-03-20,2025,March,Sugar,3900.0,4700.0,4300.0,271.0,1
2025-03-21,2025,March,Sugar,3900.0,4700.0,4300.0,84.3,1
2025-03-22,2025,March,Sugar,3900.0,4700.0,4300.0,171.0,1
2025-03-25,2025,March,Sugar,3900.0,4700.0,4300.0,335.8,1
2025-03-26,2025,March,Sugar,3900.0,4700.0,4300.0,279.0,1
2025-03-27,2025,March,Sugar,3900.0000000000005,4700.0,4300.0,177.7,1
2025-03-28,2025,March,Sugar,3900.0,4700.0,4300.0,204.0,1
2025-03-31,2025,March,Sugar,3900.0,4700.0,4300.0,188.0,1
2025-04-01,2025,April,Sugar,3900.0,4700.0,4300.0,84.0,1
2025-04-02,2025,April,Sugar,3899.9999999999995,4700.0,4300.0,155.3,1
2025-04-03,2025,April,Sugar,3900.0,4700.0,4300.0,55.0,1
2025-04-04,2025,April,Sugar,3900.0,4700.0,4300.0,275.0,1
2025-04-05,2025,April,Sugar,3900.0,4700.0,4300.0,206.0,1
2025-04-07,2025,April,Sugar,3900.0,4700.0,4300.0,80.0,1
2025-04-08,2025,April,Sugar,3900.0,4700.0,4300.0,200.3,1
2025-04-09,2025,April,Sugar,3900.0000000000005,4700.0,4300.0,150.2,1
2025-04-10,2025,April,Sugar,3900.0,4700.0,4300.0,268.0,1
2025-04-11,2025,April,Sugar,3900.0,4700.0,4300.0,93.0,1
2025-04-14,2025,April,Sugar,3900.0,4700.0,4300.0,49.0,1
2025-04-15,2025,April,Sugar,3900.0,4700.0,4300.0,128.0,1
2025-04-16,2025,April,Sugar,3900.0,4700.0,4300.0,396.8,1
2025-04-17,2025,April,Sugar,3900.0,4700.0,4300.0,202.0,1
2025-04-18,2025,April,Sugar,3899.9999999999995,4700.0,4300.0,283.1,1
2025-04-19,2025,April,Sugar,3900.0,4700.0,4300.0,134.0,1
2025-04-21,2025,April,Sugar,3900.0,4700.0,4300.0,255.0,1
2025-04-22,2025,April,Sugar,3900.0,4700.0,4300.0,126.0,1
2025-04-23,2025,April,Sugar,3900.0,4700.0,4300.0,181.0,1
2025-04-24,2025,April,Sugar,3900.0,4700.0,4300.0,194.4,1
2025-04-25,2025,April,Sugar,3900.0,4700.0,4300.0,218.0,1
2025-04-26,2025,April,Sugar,3900.0,4700.0,4300.0,198.9,1
2025-04-29,2025,April,Sugar,3900.0,4700.0,4300.0,124.2,1
2025-04-30,2025,April,Sugar,3900.0,4700.0,4300.0,233.0,1
2025-05-02,2025,May,Sugar,3900.0,4700.0,4300.0,75.0,1
2025-05-03,2025,May,Sugar,3900.0,4700.0,4300.0,150.5,1
2025-05-05,2025,May,Sugar,3900.0,4700.0,4300.0,130.0,1
2025-05-06,2025,May,Sugar,3900.0,4700.0,4300.0,98.0,1
2025-05-07,2025,May,Sugar,3900.0,4700.0,4300.0,209.0,1
2025-05-08,2025,May,Sugar,3900.0,4700.0,4300.0,103.0,1
2025-05-09,2025,May,Sugar,3900.0,4700.0,4300.0,135.5,1
2025-05-12,2025,May,Sugar,3900.0,4700.0,4300.0,146.0,1
2025-05-13,2025,May,Sugar,3900.0,4700.0,4300.0,113.0,1
2025-05-15,2025,May,Sugar,3900.0,4700.0,4300.0,134.0,1
2025-05-16,2025,May,Sugar,3900.0,4700.0,4300.0,293.0,1
2025-05-17,2025,May,Sugar,3900.0,4700.0,4300.0,221.6,1
2025-05-19,2025,May,Sugar,3900.0,4700.0,4300.0,65.0,1
2025-05-20,2025,May,Sugar,3900.0,4700.0,4300.0,142.5,1
2025-05-21,2025,May,Sugar,3900.0,4700.0,4300.0,227.0,1
2025-05-22,2025,May,Sugar,3900.0,4700.0,4300.0,222.6,1
2025-05-23,2025,May,Sugar,3900.0,4700.0,4300.0,154.9,1
2025-05-24,2025,May,Sugar,3900.0,4700.0,4300.0,254.0,1
2025-05-26,2025,May,Sugar,3900.0,4700.0,4300.0,96.0,1
2025-05-27,2025,May,Sugar,3900.0,4700.0,4300.0,241.7,1
2025-05-29,2025,May,Sugar,3900.0,4700.0,4300.0,322.5,1
2025-05-30,2025,May,Sugar,3900.0,4700.0,4300.0,174.5,1
2025-06-02,2025,June,Sugar,3900.0,4700.0,4300.0,110.0,1
2025-06-03,2025,June,Sugar,3900.0,4700.0,4300.0,88.0,1
2025-06-04,2025,June,Sugar,3900.0,4700.0,4300.0,253.0,1
2025-06-05,2025,June,Sugar,3900.0,4700.0,4300.0,289.5,1
2025-06-06,2025,June,Sugar,3900.0,4700.0,4300.0,127.0,1
2025-06-07,2025,June,Sugar,3900.0,4700.0,4300.0,273.0,1
2025-06-09,2025,June,Sugar,3900.0,4700.0,4300.0,19.0,1
2025-06-10,2025,June,Sugar,3900.0,4700.0,4300.0,202.1,1
2025-06-11,2025,June,Sugar,3900.0,4700.0,4300.0,156.0,1
2025-06-12,2025,June,Sugar,3900.0,4700.0,4300.0,230.0,1
2025-06-13,2025,June,Sugar,3900.0,4700.0,4300.0,315.5,1
2025-06-16,2025,June,Sugar,3900.0,4700.0,4300.0,330.0,1
2025-06-17,2025,June,Sugar,3900.0,4700.0,4300.0,269.0,1
2025-06-18,2025,June,Sugar,3900.0,4700.0,4300.0,148.5,1
2025-06-19,2025,June,Sugar,3900.0,4700.0,4300.0,193.1,1
2025-06-23,2025,June,Sugar,3900.0,4700.0,4300.0,57.0,1
2025-06-24,2025,June,Sugar,3900.0,4700.0,4300.0,124.0,1
2025-06-25,2025,June,Sugar,3900.0,4700.0,4300.0,215.5,1
2025-06-26,2025,June,Sugar,3900.0,4700.0,4300.0,195.6,1
2025-06-27,2025,June,Sugar,3900.0,4700.0,4300.0,184.4,1
2025-07-01,2025,July,Sugar,3900.0,4800.0,4350.0,162.5,1
2025-07-03,2025,July,Sugar,3899.9999999999995,4800.0,4350.0,168.8,1
2025-07-08,2025,July,Sugar,3900.0,4800.0,4350.0,66.0,1
2025-07-09,2025,July,Sugar,3900.0000000000005,4800.0,4350.0,186.2,1
2025-07-10,2025,July,Sugar,3900.0,4800.0,4350.0,165.0,1
2025-07-11,2025,July,Sugar,3900.0,4800.0,4350.0,232.5,1
2025-07-12,2025,July,Sugar,3900.0,4800.0,4350.0,232.5,1
2025-07-14,2025,July,Sugar,3900.0,4800.0,4350.0,130.0,1
2025-07-15,2025,July,Sugar,3900.0,4800.0,4350.0,97.0,1
2025-07-16,2025,July,Sugar,3900.0,4800.0,4350.0,164.0,1
2025-07-17,2025,July,Sugar,3900.0,4800.0,4350.0,293.0,1
2025-07-18,2025,July,Sugar,3900.0,4800.0,4350.0,302.0,1
2025-07-19,2025,July,Sugar,3900.0,4800.0,4350.0,156.0,1
2025-07-21,2025,July,Sugar,3900.0,4800.0,4350.0,160.0,1
2025-07-22,2025,July,Sugar,3900.0000000000005,4800.0,4350.0,294.4,1
2025-07-23,2025,July,Sugar,3900.0,4800.0,4350.0,176.0,1
2025-07-24,2025,July,Sugar,3900.0,4800.0,4350.0,362.3,1
2025-07-25,2025,July,Sugar,3900.0,4800.0,4350.0,115.9,1
2025-07-26,2025,July,Sugar,3900.0,4800.0,4350.0,135.0,1
2025-07-28,2025,July,Sugar,3900.0,4800.0,4350.0,65.0,1
2025-07-29,2025,July,Sugar,3900.0,4800.0,4350.0,161.5,1
2025-07-30,2025,July,Sugar,3900.0,4800.0,4350.0,390.0,1
2025-07-31,2025,July,Sugar,3900.0,4800.0,4350.0,356.8,1
2025-08-01,2025,August,Sugar,3900.0,4800.0,4350.0,416.5,1
2025-08-02,2025,August,Sugar,3900.0,4800.0,4350.0,393.0,1
2025-08-04,2025,August,Sugar,3899.9999999999995,4800.0,4350.0,77.9,1
2025-08-05,2025,August,Sugar,3900.0,4800.0,4350.0,175.0,1
2025-08-06,2025,August,Sugar,3900.0,4800.0,4350.0,223.0,1
2025-08-07,2025,August,Sugar,35000.0,75000.0,55000.0,0.8,1
2025-08-08,2025,August,Sugar,3900.0,4800.0,4350.0,139.5,1
2025-08-11,2025,August,Sugar,3900.0,4800.0,4350.0,78.0,1
2025-08-12,2025,August,Sugar,3900.0,4800.0,4350.0,84.0,1
2025-08-13,2025,August,Sugar,3900.0,4800.0,4350.0,229.0,1
2025-08-14,2025,August,Sugar,3900.0,4800.0,4350.0,512.8,1
2025-08-18,2025,August,Sugar,3900.0,4800.0,4350.0,127.3,1
2025-08-19,2025,August,Sugar,3900.0,4800.0,4350.0,327.0,1
2025-08-20,2025,August,Sugar,3899.9999999999995,4800.0,4350.0,141.3,1
2025-08-21,2025,August,Sugar,3900.0,4800.0,4350.0,130.9,1
2025-08-22,2025,August,Sugar,3900.0,4800.0,4350.0,189.9,1
2025-08-23,2025,August,Sugar,3900.0,4800.0,4350.0,178.0,1
2025-08-25,2025,August,Sugar,3950.0,4850.0,4400.0,115.0,1
2025-08-28,2025,August,Sugar,3950.0,4850.0,4400.0,30.0,1
2025-08-29,2025,August,Sugar,3950.0,4850.0,4400.0,186.6,1
2025-08-30,2025,August,Sugar,3950.0,4850.0,4400.0,400.0,1
2025-09-01,2025,September,Sugar,3950.0,4850.0,4400.0,128.0,1
2025-09-02,2025,September,Sugar,3950.0,4850.0,4400.0,195.6,1
2025-09-03,2025,September,Sugar,3949.9999999999995,4850.0,4400.0,266.6,1
2025-09-04,2025,September,Sugar,3950.0,4850.0,4400.0,181.9,1
2025-09-05,2025,September,Sugar,3950.0,4850.0,4400.0,152.0,1
2025-09-08,2025,September,Sugar,3950.0,4850.0,4400.0,80.0,1
2025-09-09,2025,September,Sugar,3950.0,4850.0,4400.0,237.3,1
2025-09-10,2025,September,Sugar,3950.0,4850.0,4400.0,130.0,1
2025-09-11,2025,September,Sugar,3950.0,4850.0,4400.0,212.0,1
2025-09-12,2025,September,Sugar,3950.0,4850.0,4400.0,239.0,1
2025-09-13,2025,September,Sugar,3950.0,4850.0,4400.0,253.0,1
2025-09-15,2025,September,Sugar,3950.0,4850.0,4400.0,30.0,1
2025-09-16,2025,September,Sugar,3950.0,4850.0,4400.0,205.6,1
2025-09-17,2025,September,Sugar,3950.0,4850.0,4400.0,253.8,1
2025-09-18,2025,September,Sugar,3950.0,4850.0,4400.0,224.8,1
2025-09-19,2025,September,Sugar,3950.0,4850.0,4400.0,155.0,1
2025-09-20,2025,September,Sugar,3950.0,4850.0,4400.0,348.7,1
2025-09-22,2025,September,Sugar,3950.0,4850.0,4400.0,90.0,1
2025-09-23,2025,September,Sugar,3950.0,4850.0,4400.0,179.0,1
2025-09-24,2025,September,Sugar,3950.0,4850.0,4400.0,185.5,1
2025-09-26,2025,September,Sugar,3950.0,4850.0,4400.0,75.0,1
2025-09-27,2025,September,Sugar,3950.0,4850.0,4400.0,227.3,1
2025-09-29,2025,September,Sugar,3950.0,4850.0,4400.0,125.0,1
2025-09-30,2025,September,Sugar,3950.0,4850.0,4400.0,136.0,1
2025-10-01,2025,October,Sugar,3950.0000000000005,4850.0,4400.0,344.4,1
2025-10-03,2025,October,Sugar,3950.0,4850.0,4400.0,195.0,1
2025-10-06,2025,October,Sugar,3950.0,4850.0,4400.0,242.0,1
2025-10-07,2025,October,Sugar,3950.0,4850.0,4400.0,177.0,1
2025-10-08,2025,October,Sugar,3950.0,4850.0,4400.0,447.5,1
2025-10-09,2025,October,Sugar,3950.0,4850.0,4400.0,202.7,1
2025-10-11,2025,October,Sugar,3949.9999999999995,4850.0,4400.0,311.6,1
2025-10-13,2025,October,Sugar,3950.0,4850.0,4400.0,135.0,1
2025-10-14,2025,October,Sugar,3950.0,4850.0,4400.0,219.5,1
2025-10-15,2025,October,Sugar,3950.0,4850.0,4400.0,288.5,1
2025-10-16,2025,October,Sugar,3950.0,4850.0,4400.0,373.7,1
2025-10-17,2025,October,Sugar,3950.0,4850.0,4400.0,170.5,1
2025-10-25,2025,October,Sugar,3949.9999999999995,4850.0,4400.0,163.3,1
2025-10-27,2025,October,Sugar,3950.0,4850.0,4400.0,215.0,1
2025-10-28,2025,October,Sugar,3950.0,4850.0,4400.0,112.9,1
2025-10-29,2025,October,Sugar,3950.0,4850.0,4400.0,125.5,1
2025-10-30,2025,October,Sugar,3950.0,4850.0,4400.0,211.0,1
2025-10-31,2025,October,Sugar,3950.0,4850.0,4400.0,200.0,1
2025-11-01,2025,November,Sugar,3950.0,4850.0,4400.0,205.7,1
2025-11-03,2025,November,Sugar,3950.0,4850.0,4400.0,41.0,1
2025-11-04,2025,November,Sugar,3950.0,4850.0,4400.0,347.0,1
2025-11-07,2025,November,Sugar,4049.9999999999995,4850.0,4450.0,196.3,1
2025-11-10,2025,November,Sugar,4050.0,4850.0,4450.0,50.0,1
2025-11-11,2025,November,Sugar,4050.0000000000005,4850.0,4450.0,150.2,1
2025-11-12,2025,November,Sugar,4049.9999999999995,4850.0,4450.0,132.3,1
2025-11-13,2025,November,Sugar,4049.9999999999995,4850.0,4450.0,326.6,1
2025-11-14,2025,November,Sugar,4050.0,4850.0,4450.0,74.0,1
2025-11-18,2025,November,Sugar,4050.0,4850.0,4450.0,225.2,1
2025-11-19,2025,November,Sugar,4050.0,4850.0,4450.0,148.5,1
2025-11-20,2025,November,Sugar,4050.0,4850.0,4450.0,199.0,1
2025-11-21,2025,November,Sugar,4050.0,4850.0,4450.0,285.0,1
2025-11-24,2025,November,Sugar,4049.9999999999995,4850.0,4450.0,550.2,1
2025-11-25,2025,November,Sugar,4050.0,4850.0,4450.0,198.0,1
2025-11-26,2025,November,Sugar,4050.0,4850.0,4450.0,149.5,1
2025-11-27,2025,November,Sugar,4050.0,4850.0,4450.0,196.0,1
2025-11-28,2025,November,Sugar,4050.0,4850.0,4450.0,265.0,1
2025-12-01,2025,December,Sugar,4050.0,4850.0,4450.0,25.0,1
2025-12-02,2025,December,Sugar,4050.0,4850.0,4450.0,45.4,1
2025-12-03,2025,December,Sugar,4050.0000000000005,4850.0,4450.0,282.4,1
2025-12-04,2025,December,Sugar,4050.0,4850.0,4450.0,143.0,1
2025-12-08,2025,December,Sugar,4050.0,4850.0,4450.0,135.0,1
2025-12-09,2025,December,Sugar,4050.0,4850.0,4450.0,179.6,1
2025-12-10,2025,December,Sugar,4050.0,4850.0,4450.0,287.5,1
2025-12-11,2025,December,Sugar,4049.9999999999995,4850.0,4450.0,199.3,1
2025-12-12,2025,December,Sugar,4050.0,4850.0,4450.0,312.0,1
2025-12-15,2025,December,Sugar,4050.0,4850.0,4450.0,111.3,1
2025-12-16,2025,December,Sugar,4050.0,4850.0,4450.0,122.7,1
2025-12-17,2025,December,Sugar,4050.0,4850.0,4450.0,191.0,1
2025-12-18,2025,December,Sugar,4050.0,4850.0,4450.0,392.0,1
2025-12-19,2025,December,Sugar,4050.0,4850.0,4450.0,124.5,1
2025-12-22,2025,December,Sugar,4050.0,4850.0,4450.0,72.5,1
2025-12-23,2025,December,Sugar,4050.0000000000005,4850.0,4450.0,188.2,1
2025-12-24,2025,December,Sugar,4049.9999999999995,4850.0,4450.0,135.3,1
2025-12-25,2025,December,Sugar,4050.0,4850.0,4450.0,257.4,1
2025-12-26,2025,December,Sugar,4050.0,4850.0,4450.0,167.5,1
2025-12-29,2025,December,Sugar,4050.0,4850.0,4450.0,105.0,1
2025-12-30,2025,December,Sugar,4049.9999999999995,4850.0,4450.0,137.8,1
2025-12-31,2025,December,Sugar,4050.0,4850.0,4450.0,203.7,1
2026-01-01,2026,January,Sugar,4050.0,4850.0,4450.0,144.0,1
2026-01-02,2026,January,Sugar,4050.0,4850.0,4450.0,163.5,1
2026-01-05,2026,January,Sugar,4050.0,4850.0,4450.0,73.8,1
2026-01-06,2026,January,Sugar,4050.0000000000005,4850.0,4450.0,294.9,1
2026-01-07,2026,January,Sugar,4050.0,4850.0,4450.0,226.0,1
2026-01-08,2026,January,Sugar,4050.0,4850.0,4450.0,106.8,1
2026-01-09,2026,January,Sugar,4050.0,4850.0,4450.0,179.0,1
2026-01-12,2026,January,Sugar,4050.0,4850.0,4450.0,148.0,1
2026-01-13,2026,January,Sugar,4050.0,4800.0,4425.0,199.6,1
2026-01-14,2026,January,Sugar,4050.0,4800.0,4425.0,243.0,1
2026-01-16,2026,January,Sugar,4050.0,4800.0,4425.0,50.0,1
2026-01-19,2026,January,Sugar,4050.0,4800.0,4425.0,129.0,1
2026-01-20,2026,January,Sugar,4050.0,4800.0,4425.0,183.0,1
2026-01-21,2026,January,Sugar,4050.0,4800.0,4425.0,360.0,1
2026-01-22,2026,January,Sugar,4049.9999999999995,4800.0,4425.0,328.1,1
2026-01-23,2026,January,Sugar,4050.0,4800.0,4425.0,336.0,1
2026-01-28,2026,January,Sugar,4050.0,4800.0,4425.0,177.0,1
2026-01-29,2026,January,Sugar,4050.0,4800.0,4425.0,282.0,1
2026-01-30,2026,January,Sugar,4050.0,4800.0,4425.0,210.5,1
2026-02-02,2026,February,Sugar,4050.0,4800.0,4425.0,213.0,1
2026-02-03,2026,February,Sugar,4050.0,4800.0,4425.0,172.0,1
2026-02-04,2026,February,Sugar,4050.0,4800.0,4425.0,222.0,1
2026-02-05,2026,February,Sugar,4050.0,4800.0,4425.0,35.5,1
2026-02-06,2026,February,Sugar,4050.0,4800.0,4425.0,245.8,1
2026-02-10,2026,February,Sugar,4049.9999999999995,4800.0,4425.0,135.8,1
2026-02-11,2026,February,Sugar,4050.0,4800.0,4425.0,123.2,1
2026-02-12,2026,February,Sugar,4050.0,4800.0,4425.0,203.0,1
2026-02-13,2026,February,Sugar,4049.9999999999995,4800.0,4425.0,169.3,1
2026-02-16,2026,February,Sugar,4050.0,4800.0,4425.0,105.0,1
2026-02-17,2026,February,Sugar,4050.0,4800.0,4425.0,159.6,1
2026-02-18,2026,February,Sugar,4050.0,4800.0,4425.0,225.3,1
2026-02-20,2026,February,Sugar,4050.0,4800.0,4425.0,44.0,1
2026-02-23,2026,February,Sugar,4050.0,4800.0,4425.0,165.0,1
2026-02-24,2026,February,Sugar,4050.0000000000005,4800.0,4425.0,182.2,1
2026-02-25,2026,February,Sugar,4050.0,4800.0,4425.0,98.8,1
2026-02-26,2026,February,Sugar,4050.0,4800.0,4425.0,244.7,1
2026-02-27,2026,February,Sugar,4050.0,4800.0,4425.0,465.6,1
2026-03-02,2026,March,Sugar,4050.0,4800.0,4425.0,185.0,1
2026-03-05,2026,March,Sugar,4050.0,4800.0,4425.0,277.0,1
2026-03-06,2026,March,Sugar,4050.0,4800.0,4425.0,237.0,1
2026-03-09,2026,March,Sugar,4050.0,4800.0,4425.0,75.0,1
2026-03-10,2026,March,Sugar,4050.0,4800.0,4425.0,106.0,1
2026-03-11,2026,March,Sugar,4050.0,4800.0,4425.0,152.0,1
2026-03-12,2026,March,Sugar,4050.0,4800.0,4425.0,132.5,1
2026-03-13,2026,March,Sugar,4050.0,4800.0,4425.0,319.3,1
2026-03-16,2026,March,Sugar,4050.0,4800.0,4425.0,30.0,1
2026-03-17,2026,March,Sugar,4050.0,4800.0,4425.0,188.6,1
2026-03-18,2026,March,Sugar,4050.0,4800.0,4425.0,192.4,1
2026-03-20,2026,March,Sugar,4050.0,4800.0,4425.0,168.6,1
2026-03-24,2026,March,Sugar,4050.0,4800.0,4425.0,17.7,1
2026-03-25,2026,March,Sugar,4050.0,4800.0,4425.0,437.0,1
2026-03-26,2026,March,Sugar,4050.0,4800.0,4425.0,199.0,1
2026-03-28,2026,March,Sugar,4050.0,4800.0,4425.0,306.5,1
2026-03-30,2026,March,Sugar,4050.0,4800.0,4425.0,160.0,1
2026-03-31,2026,March,Sugar,4050.0,4800.0,4425.0,52.0,1
2026-04-01,2026,April,Sugar,4050.0,4800.0,4425.0,289.0,1
2026-04-02,2026,April,Sugar,4050.0,4800.0,4425.0,210.0,1
2026-04-03,2026,April,Sugar,4050.0,4800.0,4425.0,85.2,1
2026-04-04,2026,April,Sugar,4050.0,4800.0,4425.0,193.0,1
2026-04-06,2026,April,Sugar,4050.0,4800.0,4425.0,169.0,1
2026-04-07,2026,April,Sugar,4050.0,4800.0,4425.0,250.4,1
2026-04-08,2026,April,Sugar,4050.0,4800.0,4425.0,194.0,1
2026-04-09,2026,April,Sugar,4050.0,4800.0,4425.0,145.0,1
2026-04-10,2026,April,Sugar,4049.9999999999995,4800.0,4425.0,270.6,1
2026-04-11,2026,April,Sugar,4050.0,4800.0,4425.0,208.4,1
2026-04-14,2026,April,Sugar,4050.0,4800.0,4425.0,129.6,1
2026-04-15,2026,April,Sugar,4050.0,4800.0,4425.0,243.3,1
2026-04-16,2026,April,Sugar,4050.0,4800.0,4425.0,177.0,1
2026-04-17,2026,April,Sugar,4050.0,4800.0,4425.0,229.9,1
2026-04-18,2026,April,Sugar,4050.0,4800.0,4425.0,279.0,1
2026-04-20,2026,April,Sugar,4050.0,4800.0,4425.0,12.0,1
2026-04-21,2026,April,Sugar,4050.0,4800.0,4425.0,109.6,1
2026-04-22,2026,April,Sugar,4050.0,4800.0,4425.0,301.0,1
2026-04-23,2026,April,Sugar,4050.0,4800.0,4425.0,130.0,1
2026-04-24,2026,April,Sugar,4050.0,4800.0,4425.0,169.0,1
2026-04-25,2026,April,Sugar,4050.0,4800.0,4425.0,181.5,1
2026-04-28,2026,April,Sugar,4050.0,4800.0,4425.0,138.6,1
2026-04-29,2026,April,Sugar,4050.0,4800.0,4425.0,311.0,1
2026-04-30,2026,April,Sugar,4050.0,4800.0,4425.0,203.5,1
2026-05-02,2026,May,Sugar,4050.0,4800.0,4425.0,143.5,1
2026-05-04,2026,May,Sugar,4050.0,4800.0,4425.0,29.3,1
2026-05-05,2026,May,Sugar,4050.0,4800.0,4425.0,418.7,1
2026-05-06,2026,May,Sugar,4050.0,4800.0,4425.0,291.0,1
2026-05-07,2026,May,Sugar,4050.0,4800.0,4425.0,80.0,1
2026-05-08,2026,May,Sugar,4050.0,4800.0,4425.0,155.6,1
2026-05-11,2026,May,Sugar,4050.0,4800.0,4425.0,100.0,1
2026-05-12,2026,May,Sugar,4050.0,4800.0,4425.0,135.0,1
2026-05-13,2026,May,Sugar,4050.0,4800.0,4425.0,242.7,1
2026-05-14,2026,May,Sugar,4050.0,4800.0,4425.0,122.6,1
2026-05-15,2026,May,Sugar,4049.9999999999995,4800.0,4425.0,179.8,1
2026-05-18,2026,May,Sugar,4100.0,4900.0,4500.0,188.0,1
2026-05-19,2026,May,Sugar,4100.0,4900.0,4500.0,37.5,1
2026-05-20,2026,May,Sugar,4100.0,4900.0,4500.0,229.6,1
2026-05-21,2026,May,Sugar,4100.0,4900.0,4500.0,302.4,1
2026-05-22,2026,May,Sugar,4100.0,4900.0,4500.0,351.1,1
2026-05-23,2026,May,Sugar,4100.0,4900.0,4500.0,180.0,1
2026-05-26,2026,May,Sugar,4100.0,4900.0,4500.0,127.0,1
2026-05-27,2026,May,Sugar,4100.0,4900.0,4500.0,146.5,1
2026-05-28,2026,May,Sugar,4100.0,4900.0,4500.0,229.3,1
2026-05-29,2026,May,Sugar,4100.0,4900.0,4500.0,245.0,1
2026-05-30,2026,May,Sugar,4100.0,4900.0,4500.0,184.0,1
2026-06-01,2026,June,Sugar,4100.0,4900.0,4500.0,176.1,1
2026-06-02,2026,June,Sugar,4100.0,4900.0,4500.0,182.1,1
2026-06-03,2026,June,Sugar,4100.0,4900.0,4500.0,69.3,1
2026-06-04,2026,June,Sugar,4100.0,4900.0,4500.0,148.3,1
2026-06-05,2026,June,Sugar,4100.0,4900.0,4500.0,128.5,1
2026-06-08,2026,June,Sugar,4100.0,4900.0,4500.0,49.0,1
2026-06-09,2026,June,Sugar,4100.0,4900.0,4500.0,144.4,1
2026-06-10,2026,June,Sugar,4100.0,4900.0,4500.0,194.0,1
2026-06-11,2026,June,Sugar,4100.0,4900.0,4500.0,134.1,1
2026-06-12,2026,June,Sugar,4100.0,4900.0,4500.0,172.1,1
2026-06-13,2026,June,Sugar,4100.0,4900.0,4500.0,240.0,1
2026-06-15,2026,June,Sugar,4100.0,4900.0,4500.0,50.0,1
2026-06-16,2026,June,Sugar,4100.0,4900.0,4500.0,168.4,1
2026-06-17,2026,June,Sugar,4100.0,4900.0,4500.0,246.6,1
2026-06-18,2026,June,Sugar,4100.0,4900.0,4500.0,240.0,1
2026-06-19,2026,June,Sugar,4100.0,4900.0,4500.0,217.0,1
2026-06-22,2026,June,Sugar,4100.0,4900.0,4500.0,90.0,1
2026-06-23,2026,June,Sugar,4100.0,4900.0,4500.0,159.0,1
2026-06-24,2026,June,Sugar,4100.0,4900.0,4500.0,174.3,1
2026-06-25,2026,June,Sugar,4100.0,4900.0,4500.0,188.5,1
2026-06-26,2026,June,Sugar,4100.0,4900.0,4500.0,134.0,1
2026-06-27,2026,June,Sugar,4100.0,4900.0,4500.0,221.5,1
2026-06-29,2026,June,Sugar,3900.0,4800.0,4350.0,100.0,1
2026-06-30,2026,June,Sugar,3900.0,4800.0,4350.0,202.8,1
2026-07-01,2026,July,Sugar,3900.0,4800.0,4350.0,446.0,1
2026-07-02,2026,July,Sugar,4150.0,4900.0,4525.0,184.9,1
2026-07-03,2026,July,Sugar,4150.0,4900.0,4525.0,58.8,1
2026-07-04,2026,July,Sugar,4150.0,4900.0,4525.0,84.5,1
2026-07-06,2026,July,Sugar,4150.0,4900.0,4525.0,50.0,1
2026-07-07,2026,July,Sugar,4150.0,4900.0,4525.0,138.0,1
2026-07-08,2026,July,Sugar,4150.0,4900.0,4525.0,110.6,1
2026-07-09,2026,July,Sugar,4150.0,4900.0,4525.0,194.0,1
2026-07-10,2026,July,Sugar,4150.0,4900.0,4525.0,105.0,1
2026-07-11,2026,July,Sugar,4150.0,49020.0,4525.0,241.0,1
2026-07-13,2026,July,Sugar,4150.0,4900.0,4525.0,55.0,1
2026-07-14,2026,July,Sugar,4150.0,4900.0,4525.0,197.5,1
2026-07-15,2026,July,Sugar,4150.0,4900.0,4525.0,25.0,1
2026-07-16,2026,July,Sugar,4150.0,4900.0,4525.0,135.0,1
2026-07-17,2026,July,Sugar,4150.0,4900.0,4525.0,185.5,1
2026-07-18,2026,July,Sugar,4150.0,4900.0,4525.0,309.0,1
2026-07-20,2026,July,Sugar,4150.0,4900.0,4525.0,55.0,1
2026-07-21,2026,July,Sugar,4150.0,4900.0,4525.0,114.9,1
